date,data,cols
2016-01-12,117.481435364326,Afluente (m3/seg)_daily_avg
2016-01-13,106.054120372492,Afluente (m3/seg)_daily_avg
2016-01-14,111.320300361112,Afluente (m3/seg)_daily_avg
2016-01-15,83.1975579778343,Afluente (m3/seg)_daily_avg
2016-01-16,132.445669131155,Afluente (m3/seg)_daily_avg
2016-01-17,108.405630867573,Afluente (m3/seg)_daily_avg
2016-01-18,84.4651604807391,Afluente (m3/seg)_daily_avg
2016-01-19,92.5299753193051,Afluente (m3/seg)_daily_avg
2016-01-20,95.0680157276087,Afluente (m3/seg)_daily_avg
2016-01-21,229.652886584981,Afluente (m3/seg)_daily_avg
2016-01-22,331.629571863554,Afluente (m3/seg)_daily_avg
2016-01-23,357.418059184541,Afluente (m3/seg)_daily_avg
2016-01-24,366.179747502693,Afluente (m3/seg)_daily_avg
2016-01-25,218.15683248201,Afluente (m3/seg)_daily_avg
2016-01-26,229.924068949023,Afluente (m3/seg)_daily_avg
2016-01-27,325.523908026069,Afluente (m3/seg)_daily_avg
2016-01-28,324.36400081006,Afluente (m3/seg)_daily_avg
2016-01-29,323.190097546161,Afluente (m3/seg)_daily_avg
2016-01-30,230.803322518874,Afluente (m3/seg)_daily_avg
2016-01-31,59.95932313433639,Afluente (m3/seg)_daily_avg
2016-02-01,103.233849436958,Afluente (m3/seg)_daily_avg
2016-02-02,101.107375231918,Afluente (m3/seg)_daily_avg
2016-02-03,81.9233942687499,Afluente (m3/seg)_daily_avg
2016-02-04,81.1976739242234,Afluente (m3/seg)_daily_avg
2016-02-05,71.4647050959267,Afluente (m3/seg)_daily_avg
2016-02-06,79.5121918241334,Afluente (m3/seg)_daily_avg
2016-02-07,99.3205034606828,Afluente (m3/seg)_daily_avg
2016-02-08,63.65991429030581,Afluente (m3/seg)_daily_avg
2016-02-09,70.3404326232337,Afluente (m3/seg)_daily_avg
2016-02-10,72.6291451275512,Afluente (m3/seg)_daily_avg
2016-02-11,70.1605061631602,Afluente (m3/seg)_daily_avg
2016-02-12,77.3163157649145,Afluente (m3/seg)_daily_avg
2016-02-13,86.1625746714425,Afluente (m3/seg)_daily_avg
2016-02-14,79.7515662104422,Afluente (m3/seg)_daily_avg
2016-02-15,49.4536004701492,Afluente (m3/seg)_daily_avg
2016-02-16,181.334840387658,Afluente (m3/seg)_daily_avg
2016-02-17,305.113894125174,Afluente (m3/seg)_daily_avg
2016-02-18,289.627215284499,Afluente (m3/seg)_daily_avg
2016-02-19,290.77617807492,Afluente (m3/seg)_daily_avg
2016-02-20,325.085009234098,Afluente (m3/seg)_daily_avg
2016-02-21,291.96054421868,Afluente (m3/seg)_daily_avg
2016-02-22,259.777868023106,Afluente (m3/seg)_daily_avg
2016-02-23,301.195478809564,Afluente (m3/seg)_daily_avg
2016-02-24,294.527901552155,Afluente (m3/seg)_daily_avg
2016-02-25,292.973406477371,Afluente (m3/seg)_daily_avg
2016-02-26,297.939724361139,Afluente (m3/seg)_daily_avg
2016-02-27,307.635905858084,Afluente (m3/seg)_daily_avg
2016-02-28,282.704657686239,Afluente (m3/seg)_daily_avg
2016-02-29,301.428172459577,Afluente (m3/seg)_daily_avg
2016-03-01,191.852807601244,Afluente (m3/seg)_daily_avg
2016-03-02,54.9933154781684,Afluente (m3/seg)_daily_avg
2016-03-03,56.5543696489737,Afluente (m3/seg)_daily_avg
2016-03-04,52.2204861523808,Afluente (m3/seg)_daily_avg
2016-03-05,58.5201868326742,Afluente (m3/seg)_daily_avg
2016-03-06,58.026589965003,Afluente (m3/seg)_daily_avg
2016-03-07,67.2827349285747,Afluente (m3/seg)_daily_avg
2016-03-08,55.3935500661015,Afluente (m3/seg)_daily_avg
2016-03-09,40.3995306267473,Afluente (m3/seg)_daily_avg
2016-03-10,35.7785152988406,Afluente (m3/seg)_daily_avg
2016-03-11,64.0477258413081,Afluente (m3/seg)_daily_avg
2016-03-12,45.7523034746542,Afluente (m3/seg)_daily_avg
2016-03-13,62.9225780363891,Afluente (m3/seg)_daily_avg
2016-03-14,54.0300724824823,Afluente (m3/seg)_daily_avg
2016-03-15,182.688635231532,Afluente (m3/seg)_daily_avg
2016-03-16,277.911116810492,Afluente (m3/seg)_daily_avg
2016-03-17,293.779770516369,Afluente (m3/seg)_daily_avg
2016-03-18,170.310299628336,Afluente (m3/seg)_daily_avg
2016-03-19,199.450574559137,Afluente (m3/seg)_daily_avg
2016-03-20,186.599372940511,Afluente (m3/seg)_daily_avg
2016-03-21,53.0666533039862,Afluente (m3/seg)_daily_avg
2016-03-22,36.1532806636603,Afluente (m3/seg)_daily_avg
2016-03-23,61.1380913916922,Afluente (m3/seg)_daily_avg
2016-03-24,49.4127957031841,Afluente (m3/seg)_daily_avg
2016-03-25,61.1718390092217,Afluente (m3/seg)_daily_avg
2016-03-26,69.5384774255147,Afluente (m3/seg)_daily_avg
2016-03-27,51.0798354252086,Afluente (m3/seg)_daily_avg
2016-03-28,34.8544032702037,Afluente (m3/seg)_daily_avg
2016-03-29,61.0228841053818,Afluente (m3/seg)_daily_avg
2016-03-30,57.1496382265371,Afluente (m3/seg)_daily_avg
2016-03-31,53.6501466323795,Afluente (m3/seg)_daily_avg
2016-04-01,41.997469456691,Afluente (m3/seg)_daily_avg
2016-04-02,43.8932957144974,Afluente (m3/seg)_daily_avg
2016-04-03,60.2994780515077,Afluente (m3/seg)_daily_avg
2016-04-04,50.7607164510283,Afluente (m3/seg)_daily_avg
2016-04-05,49.2403967981717,Afluente (m3/seg)_daily_avg
2016-04-06,38.8468973788268,Afluente (m3/seg)_daily_avg
2016-04-07,61.90709763054381,Afluente (m3/seg)_daily_avg
2016-04-08,51.6600722517132,Afluente (m3/seg)_daily_avg
2016-04-09,35.2477410502467,Afluente (m3/seg)_daily_avg
2016-04-10,37.0318538911693,Afluente (m3/seg)_daily_avg
2016-04-11,33.7903665163527,Afluente (m3/seg)_daily_avg
2016-04-12,52.2955248142509,Afluente (m3/seg)_daily_avg
2016-04-13,45.5446574971565,Afluente (m3/seg)_daily_avg
2016-04-14,96.0178996050936,Afluente (m3/seg)_daily_avg
2016-04-15,236.580264236408,Afluente (m3/seg)_daily_avg
2016-04-16,336.192231222611,Afluente (m3/seg)_daily_avg
2016-04-17,336.136221628886,Afluente (m3/seg)_daily_avg
2016-04-18,164.487977421097,Afluente (m3/seg)_daily_avg
2016-04-19,121.795295322913,Afluente (m3/seg)_daily_avg
2016-04-20,89.1367739802435,Afluente (m3/seg)_daily_avg
2016-04-21,71.8019039578676,Afluente (m3/seg)_daily_avg
2016-04-22,40.7729733766754,Afluente (m3/seg)_daily_avg
2016-04-23,229.235176844474,Afluente (m3/seg)_daily_avg
2016-04-24,228.525862931045,Afluente (m3/seg)_daily_avg
2016-04-25,137.857105647021,Afluente (m3/seg)_daily_avg
2016-04-26,115.128714854542,Afluente (m3/seg)_daily_avg
2016-04-27,92.2052630952491,Afluente (m3/seg)_daily_avg
2016-04-28,85.5418604563547,Afluente (m3/seg)_daily_avg
2016-04-29,100.617052589366,Afluente (m3/seg)_daily_avg
2016-04-30,114.522296890083,Afluente (m3/seg)_daily_avg
2016-05-01,199.578164160741,Afluente (m3/seg)_daily_avg
2016-05-02,197.230100532022,Afluente (m3/seg)_daily_avg
2016-05-03,261.897137908303,Afluente (m3/seg)_daily_avg
2016-05-04,363.84614909388,Afluente (m3/seg)_daily_avg
2016-05-05,338.338954827422,Afluente (m3/seg)_daily_avg
2016-05-06,324.567331925339,Afluente (m3/seg)_daily_avg
2016-05-07,334.991438950123,Afluente (m3/seg)_daily_avg
2016-05-08,356.664560706135,Afluente (m3/seg)_daily_avg
2016-05-09,321.169949932008,Afluente (m3/seg)_daily_avg
2016-05-10,232.27207100652,Afluente (m3/seg)_daily_avg
2016-05-11,105.245051816254,Afluente (m3/seg)_daily_avg
2016-05-12,100.924498444374,Afluente (m3/seg)_daily_avg
2016-05-13,101.339418045759,Afluente (m3/seg)_daily_avg
2016-05-14,105.499216813038,Afluente (m3/seg)_daily_avg
2016-05-15,116.71301682672,Afluente (m3/seg)_daily_avg
2016-05-16,96.2488449603737,Afluente (m3/seg)_daily_avg
2016-05-17,88.3188654215035,Afluente (m3/seg)_daily_avg
2016-05-18,84.9741500495326,Afluente (m3/seg)_daily_avg
2016-05-19,128.475566474568,Afluente (m3/seg)_daily_avg
2016-05-20,123.65807153022,Afluente (m3/seg)_daily_avg
2016-05-21,103.376196430744,Afluente (m3/seg)_daily_avg
2016-05-22,106.216945261758,Afluente (m3/seg)_daily_avg
2016-05-23,85.3989345275194,Afluente (m3/seg)_daily_avg
2016-05-24,89.2525739116631,Afluente (m3/seg)_daily_avg
2016-05-25,96.9141163354756,Afluente (m3/seg)_daily_avg
2016-05-26,103.873063102992,Afluente (m3/seg)_daily_avg
2016-05-27,102.287996773645,Afluente (m3/seg)_daily_avg
2016-05-28,77.8782099233223,Afluente (m3/seg)_daily_avg
2016-05-29,90.0549217645226,Afluente (m3/seg)_daily_avg
2016-05-30,112.612768728497,Afluente (m3/seg)_daily_avg
2016-05-31,90.1544657759982,Afluente (m3/seg)_daily_avg
2016-06-01,60.5338529484722,Afluente (m3/seg)_daily_avg
2016-06-02,66.4657594643193,Afluente (m3/seg)_daily_avg
2016-06-03,80.9285136946991,Afluente (m3/seg)_daily_avg
2016-06-04,119.917621056191,Afluente (m3/seg)_daily_avg
2016-06-05,134.613487438804,Afluente (m3/seg)_daily_avg
2016-06-06,14.0914513099528,Afluente (m3/seg)_daily_avg
2016-06-07,67.1069289230752,Afluente (m3/seg)_daily_avg
2016-06-08,61.76865815316129,Afluente (m3/seg)_daily_avg
2016-06-09,65.935348904106,Afluente (m3/seg)_daily_avg
2016-06-10,75.071170608121,Afluente (m3/seg)_daily_avg
2016-06-11,56.0337656226865,Afluente (m3/seg)_daily_avg
2016-06-12,88.8501914544741,Afluente (m3/seg)_daily_avg
2016-06-13,162.8396353908,Afluente (m3/seg)_daily_avg
2016-06-14,117.6348165772,Afluente (m3/seg)_daily_avg
2016-06-15,105.021542586504,Afluente (m3/seg)_daily_avg
2016-06-16,105.573128797059,Afluente (m3/seg)_daily_avg
2016-06-17,89.3039072444655,Afluente (m3/seg)_daily_avg
2016-06-18,99.78307544165,Afluente (m3/seg)_daily_avg
2016-06-19,94.0870358103742,Afluente (m3/seg)_daily_avg
2016-06-20,65.5972558065659,Afluente (m3/seg)_daily_avg
2016-06-21,59.8331119454356,Afluente (m3/seg)_daily_avg
2016-06-22,53.6328598989381,Afluente (m3/seg)_daily_avg
2016-06-23,60.4906750416208,Afluente (m3/seg)_daily_avg
2016-06-24,87.7224103967657,Afluente (m3/seg)_daily_avg
2016-06-25,51.6389142409466,Afluente (m3/seg)_daily_avg
2016-06-26,89.1873938098581,Afluente (m3/seg)_daily_avg
2016-06-27,90.9654861225938,Afluente (m3/seg)_daily_avg
2016-06-28,56.6082843458795,Afluente (m3/seg)_daily_avg
2016-06-29,65.566161312961,Afluente (m3/seg)_daily_avg
2016-06-30,72.8443198725191,Afluente (m3/seg)_daily_avg
2016-07-01,101.910310899769,Afluente (m3/seg)_daily_avg
2016-07-02,86.5827830804138,Afluente (m3/seg)_daily_avg
2016-07-03,65.6266711404451,Afluente (m3/seg)_daily_avg
2016-07-04,63.8687616174611,Afluente (m3/seg)_daily_avg
2016-07-05,59.2314030546111,Afluente (m3/seg)_daily_avg
2016-07-06,67.7602348619923,Afluente (m3/seg)_daily_avg
2016-07-07,50.4367416301522,Afluente (m3/seg)_daily_avg
2016-07-08,53.5659875700083,Afluente (m3/seg)_daily_avg
2016-07-09,90.9426468132394,Afluente (m3/seg)_daily_avg
2016-07-10,73.3209446260246,Afluente (m3/seg)_daily_avg
2016-07-11,111.475509468183,Afluente (m3/seg)_daily_avg
2016-07-12,72.7131417884109,Afluente (m3/seg)_daily_avg
2016-07-13,132.326385222206,Afluente (m3/seg)_daily_avg
2016-07-14,198.264835898681,Afluente (m3/seg)_daily_avg
2016-07-15,103.519971731698,Afluente (m3/seg)_daily_avg
2016-07-16,96.3338037931174,Afluente (m3/seg)_daily_avg
2016-07-17,94.1837017290116,Afluente (m3/seg)_daily_avg
2016-07-18,84.5305743231017,Afluente (m3/seg)_daily_avg
2016-07-19,68.4128766241952,Afluente (m3/seg)_daily_avg
2016-07-20,87.1208598577687,Afluente (m3/seg)_daily_avg
2016-07-21,93.0893484172925,Afluente (m3/seg)_daily_avg
2016-07-22,102.726762802829,Afluente (m3/seg)_daily_avg
2016-07-23,143.16447414924,Afluente (m3/seg)_daily_avg
2016-07-24,273.77334719377,Afluente (m3/seg)_daily_avg
2016-07-25,278.050529959129,Afluente (m3/seg)_daily_avg
2016-07-26,157.998682022009,Afluente (m3/seg)_daily_avg
2016-07-27,137.660460518618,Afluente (m3/seg)_daily_avg
2016-07-28,138.288920752366,Afluente (m3/seg)_daily_avg
2016-07-29,136.053515920793,Afluente (m3/seg)_daily_avg
2016-07-30,138.740073302179,Afluente (m3/seg)_daily_avg
2016-07-31,129.451322525899,Afluente (m3/seg)_daily_avg
2016-08-01,112.829932625872,Afluente (m3/seg)_daily_avg
2016-08-02,113.832025180722,Afluente (m3/seg)_daily_avg
2016-08-03,119.106694138913,Afluente (m3/seg)_daily_avg
2016-08-04,97.2370057018323,Afluente (m3/seg)_daily_avg
2016-08-05,106.33148053552,Afluente (m3/seg)_daily_avg
2016-08-06,102.684276705857,Afluente (m3/seg)_daily_avg
2016-08-07,91.1401875999099,Afluente (m3/seg)_daily_avg
2016-08-08,94.0788034700289,Afluente (m3/seg)_daily_avg
2016-08-09,100.132308320763,Afluente (m3/seg)_daily_avg
2016-08-10,89.7220056016895,Afluente (m3/seg)_daily_avg
2016-08-11,104.114526140545,Afluente (m3/seg)_daily_avg
2016-08-12,96.0172304665913,Afluente (m3/seg)_daily_avg
2016-08-13,148.168882723873,Afluente (m3/seg)_daily_avg
2016-08-14,147.297822250318,Afluente (m3/seg)_daily_avg
2016-08-15,231.380210017061,Afluente (m3/seg)_daily_avg
2016-08-16,331.241249336341,Afluente (m3/seg)_daily_avg
2016-08-17,239.027899554968,Afluente (m3/seg)_daily_avg
2016-08-18,177.981691590264,Afluente (m3/seg)_daily_avg
2016-08-19,143.636147570403,Afluente (m3/seg)_daily_avg
2016-08-20,159.386746377883,Afluente (m3/seg)_daily_avg
2016-08-21,161.075670746148,Afluente (m3/seg)_daily_avg
2016-08-22,128.520061885345,Afluente (m3/seg)_daily_avg
2016-08-23,142.055575657187,Afluente (m3/seg)_daily_avg
2016-08-24,135.247822414541,Afluente (m3/seg)_daily_avg
2016-08-25,145.850582794797,Afluente (m3/seg)_daily_avg
2016-08-26,135.34957842188,Afluente (m3/seg)_daily_avg
2016-08-27,130.710303492475,Afluente (m3/seg)_daily_avg
2016-08-28,139.784856777776,Afluente (m3/seg)_daily_avg
2016-08-29,105.900248679752,Afluente (m3/seg)_daily_avg
2016-08-30,119.647397202209,Afluente (m3/seg)_daily_avg
2016-08-31,109.367127055533,Afluente (m3/seg)_daily_avg
2016-09-01,94.3944932309803,Afluente (m3/seg)_daily_avg
2016-09-02,99.2647083689741,Afluente (m3/seg)_daily_avg
2016-09-03,112.651874115703,Afluente (m3/seg)_daily_avg
2016-09-04,116.266343580101,Afluente (m3/seg)_daily_avg
2016-09-05,106.699407729725,Afluente (m3/seg)_daily_avg
2016-09-06,98.5413963208039,Afluente (m3/seg)_daily_avg
2016-09-07,109.276953606908,Afluente (m3/seg)_daily_avg
2016-09-08,104.242407106942,Afluente (m3/seg)_daily_avg
2016-09-09,109.297369855224,Afluente (m3/seg)_daily_avg
2016-09-10,115.050210574485,Afluente (m3/seg)_daily_avg
2016-09-11,139.155965285192,Afluente (m3/seg)_daily_avg
2016-09-12,135.316633244451,Afluente (m3/seg)_daily_avg
2016-09-13,129.034348713459,Afluente (m3/seg)_daily_avg
2016-09-14,111.337568216822,Afluente (m3/seg)_daily_avg
2016-09-15,104.595906436563,Afluente (m3/seg)_daily_avg
2016-09-16,100.944608025946,Afluente (m3/seg)_daily_avg
2016-09-17,116.397383225021,Afluente (m3/seg)_daily_avg
2016-09-18,98.5232991628338,Afluente (m3/seg)_daily_avg
2016-09-19,101.550549639678,Afluente (m3/seg)_daily_avg
2016-09-20,104.670633895852,Afluente (m3/seg)_daily_avg
2016-09-21,130.989135063322,Afluente (m3/seg)_daily_avg
2016-09-22,128.460604744333,Afluente (m3/seg)_daily_avg
2016-09-23,146.943140883475,Afluente (m3/seg)_daily_avg
2016-09-24,153.04495513895,Afluente (m3/seg)_daily_avg
2016-09-25,147.452991995153,Afluente (m3/seg)_daily_avg
2016-09-26,143.678718354044,Afluente (m3/seg)_daily_avg
2016-09-27,137.583698006511,Afluente (m3/seg)_daily_avg
2016-09-28,136.63381919205,Afluente (m3/seg)_daily_avg
2016-09-29,148.571272681509,Afluente (m3/seg)_daily_avg
2016-09-30,130.10086526449,Afluente (m3/seg)_daily_avg
2016-10-01,122.662640514798,Afluente (m3/seg)_daily_avg
2016-10-02,115.242846133854,Afluente (m3/seg)_daily_avg
2016-10-03,102.11290014553,Afluente (m3/seg)_daily_avg
2016-10-04,114.04309439671,Afluente (m3/seg)_daily_avg
2016-10-05,102.763543748688,Afluente (m3/seg)_daily_avg
2016-10-06,113.018147733055,Afluente (m3/seg)_daily_avg
2016-10-07,107.846164907821,Afluente (m3/seg)_daily_avg
2016-10-08,96.763332537385,Afluente (m3/seg)_daily_avg
2016-10-09,97.2511853085126,Afluente (m3/seg)_daily_avg
2016-10-10,114.039473521862,Afluente (m3/seg)_daily_avg
2016-10-11,88.5518501068859,Afluente (m3/seg)_daily_avg
2016-10-12,154.455215190367,Afluente (m3/seg)_daily_avg
2016-10-13,193.605111902993,Afluente (m3/seg)_daily_avg
2016-10-14,115.427670232366,Afluente (m3/seg)_daily_avg
2016-10-15,161.879340136271,Afluente (m3/seg)_daily_avg
2016-10-16,295.3924446715251,Afluente (m3/seg)_daily_avg
2016-10-17,204.581759827677,Afluente (m3/seg)_daily_avg
2016-10-18,189.033366935566,Afluente (m3/seg)_daily_avg
2016-10-19,141.017705100146,Afluente (m3/seg)_daily_avg
2016-10-20,153.490955746744,Afluente (m3/seg)_daily_avg
2016-10-21,154.180720656406,Afluente (m3/seg)_daily_avg
2016-10-22,163.608798141508,Afluente (m3/seg)_daily_avg
2016-10-23,174.666579031414,Afluente (m3/seg)_daily_avg
2016-10-24,129.848979421257,Afluente (m3/seg)_daily_avg
2016-10-25,126.870290102109,Afluente (m3/seg)_daily_avg
2016-10-26,111.650873210111,Afluente (m3/seg)_daily_avg
2016-10-27,155.270145160368,Afluente (m3/seg)_daily_avg
2016-10-28,159.120492076404,Afluente (m3/seg)_daily_avg
2016-10-29,155.17971481294,Afluente (m3/seg)_daily_avg
2016-10-30,178.906015728795,Afluente (m3/seg)_daily_avg
2016-10-31,133.550130626194,Afluente (m3/seg)_daily_avg
2016-11-01,138.051162326376,Afluente (m3/seg)_daily_avg
2016-11-02,116.016124159834,Afluente (m3/seg)_daily_avg
2016-11-03,114.515481176684,Afluente (m3/seg)_daily_avg
2016-11-04,139.663792905421,Afluente (m3/seg)_daily_avg
2016-11-05,164.194479589853,Afluente (m3/seg)_daily_avg
2016-11-06,184.798378037245,Afluente (m3/seg)_daily_avg
2016-11-07,140.79843244703,Afluente (m3/seg)_daily_avg
2016-11-08,148.513459643501,Afluente (m3/seg)_daily_avg
2016-11-09,132.760679773651,Afluente (m3/seg)_daily_avg
2016-11-10,123.241935785095,Afluente (m3/seg)_daily_avg
2016-11-11,111.589140433863,Afluente (m3/seg)_daily_avg
2016-11-12,133.540160040873,Afluente (m3/seg)_daily_avg
2016-11-13,141.860762967283,Afluente (m3/seg)_daily_avg
2016-11-14,117.854914167355,Afluente (m3/seg)_daily_avg
2016-11-15,86.5290221236862,Afluente (m3/seg)_daily_avg
2016-11-16,71.4076024911637,Afluente (m3/seg)_daily_avg
2016-11-17,93.3790687321948,Afluente (m3/seg)_daily_avg
2016-11-18,91.2819268243763,Afluente (m3/seg)_daily_avg
2016-11-19,115.210894674556,Afluente (m3/seg)_daily_avg
2016-11-20,117.833827290025,Afluente (m3/seg)_daily_avg
2016-11-21,87.660364020353,Afluente (m3/seg)_daily_avg
2016-11-22,76.0642079380621,Afluente (m3/seg)_daily_avg
2016-11-23,95.5215134860426,Afluente (m3/seg)_daily_avg
2016-11-24,108.468949839738,Afluente (m3/seg)_daily_avg
2016-11-25,94.3776649847083,Afluente (m3/seg)_daily_avg
2016-11-26,190.267405204777,Afluente (m3/seg)_daily_avg
2016-11-27,104.721742061963,Afluente (m3/seg)_daily_avg
2016-11-28,74.8070214314738,Afluente (m3/seg)_daily_avg
2016-11-29,74.2226581529449,Afluente (m3/seg)_daily_avg
2016-11-30,58.7766543175242,Afluente (m3/seg)_daily_avg
2016-12-01,74.8956882970086,Afluente (m3/seg)_daily_avg
2016-12-02,74.4426640713468,Afluente (m3/seg)_daily_avg
2016-12-03,91.7737067381909,Afluente (m3/seg)_daily_avg
2016-12-04,96.7959293297083,Afluente (m3/seg)_daily_avg
2016-12-05,78.6108567084776,Afluente (m3/seg)_daily_avg
2016-12-06,58.23416130023001,Afluente (m3/seg)_daily_avg
2016-12-07,50.5554069057181,Afluente (m3/seg)_daily_avg
2016-12-08,86.9457677133823,Afluente (m3/seg)_daily_avg
2016-12-09,52.8332310016156,Afluente (m3/seg)_daily_avg
2016-12-10,64.679093162304,Afluente (m3/seg)_daily_avg
2016-12-11,80.4179730618485,Afluente (m3/seg)_daily_avg
2016-12-12,64.3571209241926,Afluente (m3/seg)_daily_avg
2016-12-13,48.6654334317868,Afluente (m3/seg)_daily_avg
2016-12-14,41.5964258694172,Afluente (m3/seg)_daily_avg
2016-12-15,64.0640904013357,Afluente (m3/seg)_daily_avg
2016-12-16,55.9457305303614,Afluente (m3/seg)_daily_avg
2016-12-17,58.62501439658159,Afluente (m3/seg)_daily_avg
2016-12-18,76.8732011636022,Afluente (m3/seg)_daily_avg
2016-12-19,48.823951096449,Afluente (m3/seg)_daily_avg
2016-12-20,53.6986330279926,Afluente (m3/seg)_daily_avg
2016-12-21,47.4509812164193,Afluente (m3/seg)_daily_avg
2016-12-22,46.7490083177171,Afluente (m3/seg)_daily_avg
2016-12-23,51.8575914277107,Afluente (m3/seg)_daily_avg
2016-12-24,47.2590264241785,Afluente (m3/seg)_daily_avg
2016-12-25,45.0244555018203,Afluente (m3/seg)_daily_avg
2016-12-26,60.81664441864989,Afluente (m3/seg)_daily_avg
2016-12-27,41.2392800927065,Afluente (m3/seg)_daily_avg
2016-12-28,35.2281591831261,Afluente (m3/seg)_daily_avg
2016-12-29,31.1099811120332,Afluente (m3/seg)_daily_avg
2016-12-30,42.9928036474461,Afluente (m3/seg)_daily_avg
2016-12-31,63.7583691977414,Afluente (m3/seg)_daily_avg
2017-01-01,59.9826170134217,Afluente (m3/seg)_daily_avg
2017-01-02,56.9065665821746,Afluente (m3/seg)_daily_avg
2017-01-03,38.8260935885834,Afluente (m3/seg)_daily_avg
2017-01-04,32.3204151240334,Afluente (m3/seg)_daily_avg
2017-01-05,42.5380073450627,Afluente (m3/seg)_daily_avg
2017-01-06,22.5279560895587,Afluente (m3/seg)_daily_avg
2017-01-07,54.5219791743084,Afluente (m3/seg)_daily_avg
2017-01-08,50.9311175661994,Afluente (m3/seg)_daily_avg
2017-01-09,34.6604123187807,Afluente (m3/seg)_daily_avg
2017-01-10,47.7417074654517,Afluente (m3/seg)_daily_avg
2017-01-11,38.5974945749934,Afluente (m3/seg)_daily_avg
2017-01-12,36.8402074095142,Afluente (m3/seg)_daily_avg
2017-01-13,34.2179710670842,Afluente (m3/seg)_daily_avg
2017-01-14,55.575316253517,Afluente (m3/seg)_daily_avg
2017-01-15,57.75718488298951,Afluente (m3/seg)_daily_avg
2017-01-16,20.596448115117,Afluente (m3/seg)_daily_avg
2017-01-17,44.6158532419938,Afluente (m3/seg)_daily_avg
2017-01-18,41.6266168250002,Afluente (m3/seg)_daily_avg
2017-01-19,27.5237884572924,Afluente (m3/seg)_daily_avg
2017-01-20,44.2955095710677,Afluente (m3/seg)_daily_avg
2017-01-21,43.9387686261262,Afluente (m3/seg)_daily_avg
2017-01-22,48.3420041491606,Afluente (m3/seg)_daily_avg
2017-01-23,28.2428967296567,Afluente (m3/seg)_daily_avg
2017-01-24,27.3658025099137,Afluente (m3/seg)_daily_avg
2017-01-25,10.7537011063158,Afluente (m3/seg)_daily_avg
2017-01-26,25.8866958958538,Afluente (m3/seg)_daily_avg
2017-01-27,33.219849226781,Afluente (m3/seg)_daily_avg
2017-01-28,73.8023976965959,Afluente (m3/seg)_daily_avg
2017-01-29,39.9470003157875,Afluente (m3/seg)_daily_avg
2017-01-30,16.6215705703352,Afluente (m3/seg)_daily_avg
2017-01-31,51.1360260595772,Afluente (m3/seg)_daily_avg
2017-02-01,40.7381050659766,Afluente (m3/seg)_daily_avg
2017-02-02,45.2191205522902,Afluente (m3/seg)_daily_avg
2017-02-03,32.6569042625034,Afluente (m3/seg)_daily_avg
2017-02-04,32.1413669318265,Afluente (m3/seg)_daily_avg
2017-02-05,35.8086412371712,Afluente (m3/seg)_daily_avg
2017-02-06,22.4676673199492,Afluente (m3/seg)_daily_avg
2017-02-07,48.2041681035534,Afluente (m3/seg)_daily_avg
2017-02-08,40.1480522384048,Afluente (m3/seg)_daily_avg
2017-02-09,33.6570672867929,Afluente (m3/seg)_daily_avg
2017-02-10,30.3903824478518,Afluente (m3/seg)_daily_avg
2017-02-11,39.551410293942,Afluente (m3/seg)_daily_avg
2017-02-12,30.8586387150587,Afluente (m3/seg)_daily_avg
2017-02-13,16.0860099889254,Afluente (m3/seg)_daily_avg
2017-02-14,14.8438644171338,Afluente (m3/seg)_daily_avg
2017-02-15,39.8227206957649,Afluente (m3/seg)_daily_avg
2017-02-16,35.9399194136202,Afluente (m3/seg)_daily_avg
2017-02-17,31.7764038553963,Afluente (m3/seg)_daily_avg
2017-02-18,48.9644953888917,Afluente (m3/seg)_daily_avg
2017-02-19,38.3184621458249,Afluente (m3/seg)_daily_avg
2017-02-20,26.1574134416562,Afluente (m3/seg)_daily_avg
2017-02-21,18.7473696264615,Afluente (m3/seg)_daily_avg
2017-02-22,11.8750644374278,Afluente (m3/seg)_daily_avg
2017-02-23,32.2568434741996,Afluente (m3/seg)_daily_avg
2017-02-24,46.7137268054926,Afluente (m3/seg)_daily_avg
2017-02-25,43.316447655294,Afluente (m3/seg)_daily_avg
2017-02-26,41.2673747443976,Afluente (m3/seg)_daily_avg
2017-02-27,46.6799921405332,Afluente (m3/seg)_daily_avg
2017-02-28,24.1292595566463,Afluente (m3/seg)_daily_avg
2017-03-01,36.0054533297854,Afluente (m3/seg)_daily_avg
2017-03-02,40.9046705475145,Afluente (m3/seg)_daily_avg
2017-03-03,30.5528588742578,Afluente (m3/seg)_daily_avg
2017-03-04,49.8838465137426,Afluente (m3/seg)_daily_avg
2017-03-05,34.010679416664,Afluente (m3/seg)_daily_avg
2017-03-06,35.0433586011855,Afluente (m3/seg)_daily_avg
2017-03-07,33.6531995825472,Afluente (m3/seg)_daily_avg
2017-03-08,31.8530400653262,Afluente (m3/seg)_daily_avg
2017-03-09,46.6896470351531,Afluente (m3/seg)_daily_avg
2017-03-10,24.2666093190626,Afluente (m3/seg)_daily_avg
2017-03-11,32.3898396972291,Afluente (m3/seg)_daily_avg
2017-03-12,47.7147434906099,Afluente (m3/seg)_daily_avg
2017-03-13,32.1838711807148,Afluente (m3/seg)_daily_avg
2017-03-14,35.2078090746498,Afluente (m3/seg)_daily_avg
2017-03-15,40.3819878811352,Afluente (m3/seg)_daily_avg
2017-03-16,31.7438247608309,Afluente (m3/seg)_daily_avg
2017-03-17,42.1169605638138,Afluente (m3/seg)_daily_avg
2017-03-18,43.4932166377815,Afluente (m3/seg)_daily_avg
2017-03-19,46.4555449627625,Afluente (m3/seg)_daily_avg
2017-03-20,26.3703481543153,Afluente (m3/seg)_daily_avg
2017-03-21,29.8899244566495,Afluente (m3/seg)_daily_avg
2017-03-22,38.3841817446444,Afluente (m3/seg)_daily_avg
2017-03-23,34.0431719502804,Afluente (m3/seg)_daily_avg
2017-03-24,38.3829586142634,Afluente (m3/seg)_daily_avg
2017-03-25,29.962981986639,Afluente (m3/seg)_daily_avg
2017-03-26,46.4382425142166,Afluente (m3/seg)_daily_avg
2017-03-27,21.9461091748997,Afluente (m3/seg)_daily_avg
2017-03-28,23.4065266748584,Afluente (m3/seg)_daily_avg
2017-03-29,28.7320324383537,Afluente (m3/seg)_daily_avg
2017-03-30,29.2989680318256,Afluente (m3/seg)_daily_avg
2017-03-31,20.2879890735786,Afluente (m3/seg)_daily_avg
2017-04-01,42.7053825183509,Afluente (m3/seg)_daily_avg
2017-04-02,43.0045939712919,Afluente (m3/seg)_daily_avg
2017-04-03,22.3692150843908,Afluente (m3/seg)_daily_avg
2017-04-04,26.9371008272743,Afluente (m3/seg)_daily_avg
2017-04-05,27.719655900434,Afluente (m3/seg)_daily_avg
2017-04-06,27.0708353623379,Afluente (m3/seg)_daily_avg
2017-04-07,51.7831233607864,Afluente (m3/seg)_daily_avg
2017-04-08,52.0171965661256,Afluente (m3/seg)_daily_avg
2017-04-09,46.6803011703025,Afluente (m3/seg)_daily_avg
2017-04-10,20.5131195059352,Afluente (m3/seg)_daily_avg
2017-04-11,41.9028750721657,Afluente (m3/seg)_daily_avg
2017-04-12,30.9234340911284,Afluente (m3/seg)_daily_avg
2017-04-13,29.91686342740021,Afluente (m3/seg)_daily_avg
2017-04-14,27.5584105509922,Afluente (m3/seg)_daily_avg
2017-04-15,28.4202343128165,Afluente (m3/seg)_daily_avg
2017-04-16,22.8966189235338,Afluente (m3/seg)_daily_avg
2017-04-17,6.51298705485092,Afluente (m3/seg)_daily_avg
2017-04-18,8.08370192307958,Afluente (m3/seg)_daily_avg
2017-04-19,28.0036653132088,Afluente (m3/seg)_daily_avg
2017-04-20,158.843727119595,Afluente (m3/seg)_daily_avg
2017-04-21,70.365984464554,Afluente (m3/seg)_daily_avg
2017-04-22,52.5918089902276,Afluente (m3/seg)_daily_avg
2017-04-23,44.5046459709895,Afluente (m3/seg)_daily_avg
2017-04-24,33.8070549911075,Afluente (m3/seg)_daily_avg
2017-04-25,44.0181421203483,Afluente (m3/seg)_daily_avg
2017-04-26,27.9831913767125,Afluente (m3/seg)_daily_avg
2017-04-27,24.9168511694023,Afluente (m3/seg)_daily_avg
2017-04-28,28.331997067466,Afluente (m3/seg)_daily_avg
2017-04-29,49.7901747883022,Afluente (m3/seg)_daily_avg
2017-04-30,31.7075671204521,Afluente (m3/seg)_daily_avg
2017-05-01,36.6148334242838,Afluente (m3/seg)_daily_avg
2017-05-02,28.9450083791053,Afluente (m3/seg)_daily_avg
2017-05-03,39.8788073982956,Afluente (m3/seg)_daily_avg
2017-05-04,32.9246259946997,Afluente (m3/seg)_daily_avg
2017-05-05,26.5489835394602,Afluente (m3/seg)_daily_avg
2017-05-06,34.653133953868,Afluente (m3/seg)_daily_avg
2017-05-07,86.9022959686606,Afluente (m3/seg)_daily_avg
2017-05-08,69.3471884516441,Afluente (m3/seg)_daily_avg
2017-05-09,41.4951052671505,Afluente (m3/seg)_daily_avg
2017-05-10,44.04211876778,Afluente (m3/seg)_daily_avg
2017-05-11,61.8605113560569,Afluente (m3/seg)_daily_avg
2017-05-12,84.2119501090253,Afluente (m3/seg)_daily_avg
2017-05-13,63.73779741462521,Afluente (m3/seg)_daily_avg
2017-05-14,130.512880664073,Afluente (m3/seg)_daily_avg
2017-05-15,81.0065877738972,Afluente (m3/seg)_daily_avg
2017-05-16,73.0901254968164,Afluente (m3/seg)_daily_avg
2017-05-17,62.71787980996991,Afluente (m3/seg)_daily_avg
2017-05-18,62.7120657430416,Afluente (m3/seg)_daily_avg
2017-05-19,71.3658723306012,Afluente (m3/seg)_daily_avg
2017-05-20,65.6141804677139,Afluente (m3/seg)_daily_avg
2017-05-21,90.5750082085951,Afluente (m3/seg)_daily_avg
2017-05-22,46.4312807120508,Afluente (m3/seg)_daily_avg
2017-05-23,43.1361887358914,Afluente (m3/seg)_daily_avg
2017-05-24,85.4912132972083,Afluente (m3/seg)_daily_avg
2017-05-25,0.0,Afluente (m3/seg)_daily_avg
2017-05-26,67.3144856095392,Afluente (m3/seg)_daily_avg
2017-05-27,29.0253114986701,Afluente (m3/seg)_daily_avg
2017-05-28,63.6874202426069,Afluente (m3/seg)_daily_avg
2017-05-29,27.2894817687469,Afluente (m3/seg)_daily_avg
2017-05-30,28.4721286417291,Afluente (m3/seg)_daily_avg
2017-05-31,31.45478155021929,Afluente (m3/seg)_daily_avg
2017-06-01,31.7210915126036,Afluente (m3/seg)_daily_avg
2017-06-02,8.24259085036524,Afluente (m3/seg)_daily_avg
2017-06-03,80.6799404530241,Afluente (m3/seg)_daily_avg
2017-06-04,52.1855097472106,Afluente (m3/seg)_daily_avg
2017-06-05,64.3470338576847,Afluente (m3/seg)_daily_avg
2017-06-06,61.3517912010838,Afluente (m3/seg)_daily_avg
2017-06-07,35.8684812119181,Afluente (m3/seg)_daily_avg
2017-06-08,50.7575089097146,Afluente (m3/seg)_daily_avg
2017-06-09,47.0171210650103,Afluente (m3/seg)_daily_avg
2017-06-10,58.05306632231829,Afluente (m3/seg)_daily_avg
2017-06-11,52.8455970114419,Afluente (m3/seg)_daily_avg
2017-06-12,33.2588610198868,Afluente (m3/seg)_daily_avg
2017-06-13,41.3368431082585,Afluente (m3/seg)_daily_avg
2017-06-14,24.9401290206151,Afluente (m3/seg)_daily_avg
2017-06-15,55.4832076048546,Afluente (m3/seg)_daily_avg
2017-06-16,263.171004626731,Afluente (m3/seg)_daily_avg
2017-06-17,299.101439796303,Afluente (m3/seg)_daily_avg
2017-06-18,130.632488290732,Afluente (m3/seg)_daily_avg
2017-06-19,78.2074345819601,Afluente (m3/seg)_daily_avg
2017-06-20,84.2135760695022,Afluente (m3/seg)_daily_avg
2017-06-21,96.5643653210532,Afluente (m3/seg)_daily_avg
2017-06-22,425.887370122572,Afluente (m3/seg)_daily_avg
2017-06-23,347.832464556949,Afluente (m3/seg)_daily_avg
2017-06-24,201.025822679948,Afluente (m3/seg)_daily_avg
2017-06-25,589.145899907947,Afluente (m3/seg)_daily_avg
2017-06-26,550.770627575016,Afluente (m3/seg)_daily_avg
2017-06-27,326.803939661477,Afluente (m3/seg)_daily_avg
2017-06-28,221.057802608501,Afluente (m3/seg)_daily_avg
2017-06-29,171.351588329516,Afluente (m3/seg)_daily_avg
2017-06-30,155.650792273046,Afluente (m3/seg)_daily_avg
2017-07-01,159.118392782024,Afluente (m3/seg)_daily_avg
2017-07-02,167.216422461133,Afluente (m3/seg)_daily_avg
2017-07-03,135.416335969433,Afluente (m3/seg)_daily_avg
2017-07-04,128.489017160205,Afluente (m3/seg)_daily_avg
2017-07-05,101.557055984381,Afluente (m3/seg)_daily_avg
2017-07-06,115.755592255582,Afluente (m3/seg)_daily_avg
2017-07-07,110.327154323482,Afluente (m3/seg)_daily_avg
2017-07-08,115.12028196667,Afluente (m3/seg)_daily_avg
2017-07-09,132.283112137641,Afluente (m3/seg)_daily_avg
2017-07-10,93.2969714749564,Afluente (m3/seg)_daily_avg
2017-07-11,107.489269320723,Afluente (m3/seg)_daily_avg
2017-07-12,101.117765267597,Afluente (m3/seg)_daily_avg
2017-07-13,136.493952770995,Afluente (m3/seg)_daily_avg
2017-07-14,132.384203799221,Afluente (m3/seg)_daily_avg
2017-07-15,126.638459486379,Afluente (m3/seg)_daily_avg
2017-07-16,130.120146800793,Afluente (m3/seg)_daily_avg
2017-07-17,91.1593595619357,Afluente (m3/seg)_daily_avg
2017-07-18,100.217239055292,Afluente (m3/seg)_daily_avg
2017-07-19,86.9306174163676,Afluente (m3/seg)_daily_avg
2017-07-20,90.140092306471,Afluente (m3/seg)_daily_avg
2017-07-21,113.359033161575,Afluente (m3/seg)_daily_avg
2017-07-22,137.547877071738,Afluente (m3/seg)_daily_avg
2017-07-23,182.339579591306,Afluente (m3/seg)_daily_avg
2017-07-24,150.326489248661,Afluente (m3/seg)_daily_avg
2017-07-25,130.88338087766,Afluente (m3/seg)_daily_avg
2017-07-26,112.424273928099,Afluente (m3/seg)_daily_avg
2017-07-27,106.954913783034,Afluente (m3/seg)_daily_avg
2017-07-28,101.369062681389,Afluente (m3/seg)_daily_avg
2017-07-29,128.642523144366,Afluente (m3/seg)_daily_avg
2017-07-30,103.33336207734,Afluente (m3/seg)_daily_avg
2017-07-31,70.8939584000429,Afluente (m3/seg)_daily_avg
2017-08-01,89.5402046910061,Afluente (m3/seg)_daily_avg
2017-08-02,99.786301179372,Afluente (m3/seg)_daily_avg
2017-08-03,102.377428024854,Afluente (m3/seg)_daily_avg
2017-08-04,90.325424657826,Afluente (m3/seg)_daily_avg
2017-08-05,105.110509461231,Afluente (m3/seg)_daily_avg
2017-08-06,103.405538148265,Afluente (m3/seg)_daily_avg
2017-08-07,101.480571872573,Afluente (m3/seg)_daily_avg
2017-08-08,95.1690990338948,Afluente (m3/seg)_daily_avg
2017-08-09,125.376450608895,Afluente (m3/seg)_daily_avg
2017-08-10,134.796258176924,Afluente (m3/seg)_daily_avg
2017-08-11,116.945103479548,Afluente (m3/seg)_daily_avg
2017-08-12,134.167926628251,Afluente (m3/seg)_daily_avg
2017-08-13,159.698538509066,Afluente (m3/seg)_daily_avg
2017-08-14,129.165683695529,Afluente (m3/seg)_daily_avg
2017-08-15,151.871558322452,Afluente (m3/seg)_daily_avg
2017-08-16,111.853159974699,Afluente (m3/seg)_daily_avg
2017-08-17,117.219744036539,Afluente (m3/seg)_daily_avg
2017-08-18,135.128533892467,Afluente (m3/seg)_daily_avg
2017-08-19,158.011755254315,Afluente (m3/seg)_daily_avg
2017-08-20,142.637740805671,Afluente (m3/seg)_daily_avg
2017-08-21,117.237895686829,Afluente (m3/seg)_daily_avg
2017-08-22,139.895534686815,Afluente (m3/seg)_daily_avg
2017-08-23,151.36093178749,Afluente (m3/seg)_daily_avg
2017-08-24,145.733064027663,Afluente (m3/seg)_daily_avg
2017-08-25,144.320326630167,Afluente (m3/seg)_daily_avg
2017-08-26,168.05246312849,Afluente (m3/seg)_daily_avg
2017-08-27,150.088038674227,Afluente (m3/seg)_daily_avg
2017-08-28,161.244055586616,Afluente (m3/seg)_daily_avg
2017-08-29,136.269078483394,Afluente (m3/seg)_daily_avg
2017-08-30,125.054700631376,Afluente (m3/seg)_daily_avg
2017-08-31,111.996931083285,Afluente (m3/seg)_daily_avg
2017-09-01,139.388368206646,Afluente (m3/seg)_daily_avg
2017-09-02,195.730251122024,Afluente (m3/seg)_daily_avg
2017-09-03,162.4185678511,Afluente (m3/seg)_daily_avg
2017-09-04,135.906260818538,Afluente (m3/seg)_daily_avg
2017-09-05,128.137479649643,Afluente (m3/seg)_daily_avg
2017-09-06,125.147860855578,Afluente (m3/seg)_daily_avg
2017-09-07,102.355041116634,Afluente (m3/seg)_daily_avg
2017-09-08,113.602318985065,Afluente (m3/seg)_daily_avg
2017-09-09,113.630134202625,Afluente (m3/seg)_daily_avg
2017-09-10,137.276739781239,Afluente (m3/seg)_daily_avg
2017-09-11,128.473352457353,Afluente (m3/seg)_daily_avg
2017-09-12,113.669514366216,Afluente (m3/seg)_daily_avg
2017-09-13,126.006296856005,Afluente (m3/seg)_daily_avg
2017-09-14,117.075870412513,Afluente (m3/seg)_daily_avg
2017-09-15,123.804449583329,Afluente (m3/seg)_daily_avg
2017-09-16,130.486341889942,Afluente (m3/seg)_daily_avg
2017-09-17,146.391899637808,Afluente (m3/seg)_daily_avg
2017-09-18,177.852782039984,Afluente (m3/seg)_daily_avg
2017-09-19,205.807434641619,Afluente (m3/seg)_daily_avg
2017-09-20,193.333325972253,Afluente (m3/seg)_daily_avg
2017-09-21,172.71671367589,Afluente (m3/seg)_daily_avg
2017-09-22,176.540322237974,Afluente (m3/seg)_daily_avg
2017-09-23,189.460261775004,Afluente (m3/seg)_daily_avg
2017-09-24,208.118790615158,Afluente (m3/seg)_daily_avg
2017-09-25,196.010252199996,Afluente (m3/seg)_daily_avg
2017-09-26,174.369533171867,Afluente (m3/seg)_daily_avg
2017-09-27,187.618331212974,Afluente (m3/seg)_daily_avg
2017-09-28,209.952767787059,Afluente (m3/seg)_daily_avg
2017-09-29,228.485874858318,Afluente (m3/seg)_daily_avg
2017-09-30,265.136629105372,Afluente (m3/seg)_daily_avg
2017-10-01,252.428829335217,Afluente (m3/seg)_daily_avg
2017-10-02,166.178823626103,Afluente (m3/seg)_daily_avg
2017-10-03,190.066929364378,Afluente (m3/seg)_daily_avg
2017-10-04,415.862713568462,Afluente (m3/seg)_daily_avg
2017-10-05,380.05637912314,Afluente (m3/seg)_daily_avg
2017-10-06,287.267568827843,Afluente (m3/seg)_daily_avg
2017-10-07,273.920569777308,Afluente (m3/seg)_daily_avg
2017-10-08,282.268201493716,Afluente (m3/seg)_daily_avg
2017-10-09,250.778794941985,Afluente (m3/seg)_daily_avg
2017-10-10,245.310559970424,Afluente (m3/seg)_daily_avg
2017-10-11,220.569738773905,Afluente (m3/seg)_daily_avg
2017-10-12,205.685287828084,Afluente (m3/seg)_daily_avg
2017-10-13,188.446593155121,Afluente (m3/seg)_daily_avg
2017-10-14,211.449834574048,Afluente (m3/seg)_daily_avg
2017-10-15,250.040507573439,Afluente (m3/seg)_daily_avg
2017-10-16,284.528718130106,Afluente (m3/seg)_daily_avg
2017-10-17,279.703053299994,Afluente (m3/seg)_daily_avg
2017-10-18,251.770658995941,Afluente (m3/seg)_daily_avg
2017-10-19,251.458319566559,Afluente (m3/seg)_daily_avg
2017-10-20,268.333883017331,Afluente (m3/seg)_daily_avg
2017-10-21,219.852750337759,Afluente (m3/seg)_daily_avg
2017-10-22,267.486020823049,Afluente (m3/seg)_daily_avg
2017-10-23,269.781374270405,Afluente (m3/seg)_daily_avg
2017-10-24,280.449056562499,Afluente (m3/seg)_daily_avg
2017-10-25,308.412373246299,Afluente (m3/seg)_daily_avg
2017-10-26,327.17535552084,Afluente (m3/seg)_daily_avg
2017-10-27,325.326782895328,Afluente (m3/seg)_daily_avg
2017-10-28,340.079022243784,Afluente (m3/seg)_daily_avg
2017-10-29,281.974258221316,Afluente (m3/seg)_daily_avg
2017-10-30,228.02081897864,Afluente (m3/seg)_daily_avg
2017-10-31,228.436718578212,Afluente (m3/seg)_daily_avg
2017-11-01,268.216053438452,Afluente (m3/seg)_daily_avg
2017-11-02,284.497383063462,Afluente (m3/seg)_daily_avg
2017-11-03,233.36950766289,Afluente (m3/seg)_daily_avg
2017-11-04,237.455602055094,Afluente (m3/seg)_daily_avg
2017-11-05,303.607791126736,Afluente (m3/seg)_daily_avg
2017-11-06,338.180056894959,Afluente (m3/seg)_daily_avg
2017-11-07,333.290495793347,Afluente (m3/seg)_daily_avg
2017-11-08,344.123528649471,Afluente (m3/seg)_daily_avg
2017-11-09,358.76599414861,Afluente (m3/seg)_daily_avg
2017-11-10,373.9671813055671,Afluente (m3/seg)_daily_avg
2017-11-11,355.641916905905,Afluente (m3/seg)_daily_avg
2017-11-12,404.47217279225,Afluente (m3/seg)_daily_avg
2017-11-13,400.616850898013,Afluente (m3/seg)_daily_avg
2017-11-14,363.093550325936,Afluente (m3/seg)_daily_avg
2017-11-15,296.7598130445639,Afluente (m3/seg)_daily_avg
2017-11-16,331.422332141645,Afluente (m3/seg)_daily_avg
2017-11-17,357.309445648175,Afluente (m3/seg)_daily_avg
2017-11-18,306.497273684118,Afluente (m3/seg)_daily_avg
2017-11-19,329.652533862156,Afluente (m3/seg)_daily_avg
2017-11-20,352.261526137844,Afluente (m3/seg)_daily_avg
2017-11-21,288.70532331249,Afluente (m3/seg)_daily_avg
2017-11-22,313.070995047664,Afluente (m3/seg)_daily_avg
2017-11-23,326.755273116778,Afluente (m3/seg)_daily_avg
2017-11-24,326.323438541264,Afluente (m3/seg)_daily_avg
2017-11-25,335.749128907422,Afluente (m3/seg)_daily_avg
2017-11-26,342.848076234691,Afluente (m3/seg)_daily_avg
2017-11-27,368.452679547475,Afluente (m3/seg)_daily_avg
2017-11-28,353.694426848971,Afluente (m3/seg)_daily_avg
2017-11-29,352.567370048637,Afluente (m3/seg)_daily_avg
2017-11-30,313.426960394069,Afluente (m3/seg)_daily_avg
2017-12-01,260.851722779518,Afluente (m3/seg)_daily_avg
2017-12-02,282.939191081979,Afluente (m3/seg)_daily_avg
2017-12-03,292.410327288419,Afluente (m3/seg)_daily_avg
2017-12-04,277.942789392685,Afluente (m3/seg)_daily_avg
2017-12-05,255.094046791693,Afluente (m3/seg)_daily_avg
2017-12-06,281.593187650001,Afluente (m3/seg)_daily_avg
2017-12-07,264.037967775005,Afluente (m3/seg)_daily_avg
2017-12-08,263.519393590614,Afluente (m3/seg)_daily_avg
2017-12-09,251.481592975126,Afluente (m3/seg)_daily_avg
2017-12-10,237.148757176835,Afluente (m3/seg)_daily_avg
2017-12-11,242.471763157775,Afluente (m3/seg)_daily_avg
2017-12-12,250.928744000033,Afluente (m3/seg)_daily_avg
2017-12-13,219.321307337539,Afluente (m3/seg)_daily_avg
2017-12-14,204.239469910076,Afluente (m3/seg)_daily_avg
2017-12-15,193.387792222414,Afluente (m3/seg)_daily_avg
2017-12-16,188.926369010735,Afluente (m3/seg)_daily_avg
2017-12-17,192.504292616545,Afluente (m3/seg)_daily_avg
2017-12-18,172.369357168697,Afluente (m3/seg)_daily_avg
2017-12-19,151.487362633466,Afluente (m3/seg)_daily_avg
2017-12-20,158.363526991493,Afluente (m3/seg)_daily_avg
2017-12-21,164.684043483202,Afluente (m3/seg)_daily_avg
2017-12-22,137.752532442997,Afluente (m3/seg)_daily_avg
2017-12-23,133.836851998531,Afluente (m3/seg)_daily_avg
2017-12-24,159.100220565696,Afluente (m3/seg)_daily_avg
2017-12-25,146.719252924471,Afluente (m3/seg)_daily_avg
2017-12-26,99.2220157603427,Afluente (m3/seg)_daily_avg
2017-12-27,113.282167177254,Afluente (m3/seg)_daily_avg
2017-12-28,101.995219438556,Afluente (m3/seg)_daily_avg
2017-12-29,109.260209002603,Afluente (m3/seg)_daily_avg
2017-12-30,147.026113399309,Afluente (m3/seg)_daily_avg
2017-12-31,135.653749495099,Afluente (m3/seg)_daily_avg
2018-01-01,131.183359683964,Afluente (m3/seg)_daily_avg
2018-01-02,96.9065802374932,Afluente (m3/seg)_daily_avg
2018-01-03,90.0881620850874,Afluente (m3/seg)_daily_avg
2018-01-04,98.45602270254,Afluente (m3/seg)_daily_avg
2018-01-05,110.646033053384,Afluente (m3/seg)_daily_avg
2018-01-06,96.8843488926179,Afluente (m3/seg)_daily_avg
2018-01-07,113.546918851757,Afluente (m3/seg)_daily_avg
2018-01-08,86.6050451962043,Afluente (m3/seg)_daily_avg
2018-01-09,92.9063877342654,Afluente (m3/seg)_daily_avg
2018-01-10,112.217610342638,Afluente (m3/seg)_daily_avg
2018-01-11,100.13141985805,Afluente (m3/seg)_daily_avg
2018-01-12,78.9693422151369,Afluente (m3/seg)_daily_avg
2018-01-13,98.2711084324102,Afluente (m3/seg)_daily_avg
2018-01-14,90.0035818751966,Afluente (m3/seg)_daily_avg
2018-01-15,73.9658978021474,Afluente (m3/seg)_daily_avg
2018-01-16,72.8294790684777,Afluente (m3/seg)_daily_avg
2018-01-17,87.8696036172738,Afluente (m3/seg)_daily_avg
2018-01-18,72.0168797317347,Afluente (m3/seg)_daily_avg
2018-01-19,70.0407479311926,Afluente (m3/seg)_daily_avg
2018-01-20,81.8295539720693,Afluente (m3/seg)_daily_avg
2018-01-21,0.0,Afluente (m3/seg)_daily_avg
2018-01-22,55.5381729322267,Afluente (m3/seg)_daily_avg
2018-01-23,82.2448013125189,Afluente (m3/seg)_daily_avg
2018-01-24,52.4133016450447,Afluente (m3/seg)_daily_avg
2018-01-25,57.0163054375299,Afluente (m3/seg)_daily_avg
2018-01-26,100.252865013857,Afluente (m3/seg)_daily_avg
2018-01-27,81.4229571920468,Afluente (m3/seg)_daily_avg
2018-01-28,58.5184422163313,Afluente (m3/seg)_daily_avg
2018-01-29,60.2938074636212,Afluente (m3/seg)_daily_avg
2018-01-30,60.4286551010688,Afluente (m3/seg)_daily_avg
2018-01-31,62.11483804929681,Afluente (m3/seg)_daily_avg
2018-02-01,17.3077316443267,Afluente (m3/seg)_daily_avg
2018-02-02,84.3384460498422,Afluente (m3/seg)_daily_avg
2018-02-03,84.2505337254116,Afluente (m3/seg)_daily_avg
2018-02-04,36.2026363341435,Afluente (m3/seg)_daily_avg
2018-02-05,63.9327142272189,Afluente (m3/seg)_daily_avg
2018-02-06,52.4722200206317,Afluente (m3/seg)_daily_avg
2018-02-07,40.564863497913,Afluente (m3/seg)_daily_avg
2018-02-08,44.8705592489284,Afluente (m3/seg)_daily_avg
2018-02-09,42.3194405361157,Afluente (m3/seg)_daily_avg
2018-02-10,51.0838379520223,Afluente (m3/seg)_daily_avg
2018-02-11,39.9039232314472,Afluente (m3/seg)_daily_avg
2018-02-12,35.0601263807788,Afluente (m3/seg)_daily_avg
2018-02-13,56.318421306413,Afluente (m3/seg)_daily_avg
2018-02-14,40.8795685829092,Afluente (m3/seg)_daily_avg
2018-02-15,9.88847924024463,Afluente (m3/seg)_daily_avg
2018-02-16,70.681714778181,Afluente (m3/seg)_daily_avg
2018-02-17,59.2896309292785,Afluente (m3/seg)_daily_avg
2018-02-18,21.855917429716,Afluente (m3/seg)_daily_avg
2018-02-19,28.3411288787932,Afluente (m3/seg)_daily_avg
2018-02-20,61.63220214152509,Afluente (m3/seg)_daily_avg
2018-02-21,44.7718268566322,Afluente (m3/seg)_daily_avg
2018-02-22,29.5706996369496,Afluente (m3/seg)_daily_avg
2018-02-23,66.6026820075128,Afluente (m3/seg)_daily_avg
2018-02-24,64.8216833004287,Afluente (m3/seg)_daily_avg
2018-02-25,28.93642415664871,Afluente (m3/seg)_daily_avg
2018-02-26,38.4742699638286,Afluente (m3/seg)_daily_avg
2018-02-27,57.3898690458318,Afluente (m3/seg)_daily_avg
2018-02-28,46.6973517613907,Afluente (m3/seg)_daily_avg
2018-03-01,46.424618628046,Afluente (m3/seg)_daily_avg
2018-03-02,67.8907863454008,Afluente (m3/seg)_daily_avg
2018-03-03,72.9199915673063,Afluente (m3/seg)_daily_avg
2018-03-04,24.1022125436476,Afluente (m3/seg)_daily_avg
2018-03-05,32.0476334748974,Afluente (m3/seg)_daily_avg
2018-03-06,49.5224511731238,Afluente (m3/seg)_daily_avg
2018-03-07,50.516032757885,Afluente (m3/seg)_daily_avg
2018-03-08,51.0549758110198,Afluente (m3/seg)_daily_avg
2018-03-09,62.7706474947308,Afluente (m3/seg)_daily_avg
2018-03-10,67.5429228788711,Afluente (m3/seg)_daily_avg
2018-03-11,29.6536152583407,Afluente (m3/seg)_daily_avg
2018-03-12,21.2764135453283,Afluente (m3/seg)_daily_avg
2018-03-13,43.7125985013572,Afluente (m3/seg)_daily_avg
2018-03-14,54.202202816998,Afluente (m3/seg)_daily_avg
2018-03-15,41.5585269954794,Afluente (m3/seg)_daily_avg
2018-03-16,123.139804582866,Afluente (m3/seg)_daily_avg
2018-03-17,110.893144566857,Afluente (m3/seg)_daily_avg
2018-03-18,30.6454955852031,Afluente (m3/seg)_daily_avg
2018-03-19,51.0792846451861,Afluente (m3/seg)_daily_avg
2018-03-20,47.343849383854,Afluente (m3/seg)_daily_avg
2018-03-21,71.5725762427108,Afluente (m3/seg)_daily_avg
2018-03-22,75.8290340036451,Afluente (m3/seg)_daily_avg
2018-03-23,70.0830884762343,Afluente (m3/seg)_daily_avg
2018-03-24,73.5274093463737,Afluente (m3/seg)_daily_avg
2018-03-25,40.7082813454566,Afluente (m3/seg)_daily_avg
2018-03-26,50.0882029799428,Afluente (m3/seg)_daily_avg
2018-03-27,27.3619577801763,Afluente (m3/seg)_daily_avg
2018-03-28,39.6056429367052,Afluente (m3/seg)_daily_avg
2018-03-29,70.7618416897373,Afluente (m3/seg)_daily_avg
2018-03-30,67.3654225815219,Afluente (m3/seg)_daily_avg
2018-03-31,72.0772949336234,Afluente (m3/seg)_daily_avg
2018-04-01,24.023707279507,Afluente (m3/seg)_daily_avg
2018-04-02,24.0246411687406,Afluente (m3/seg)_daily_avg
2018-04-03,69.4317200039075,Afluente (m3/seg)_daily_avg
2018-04-04,42.5981834712429,Afluente (m3/seg)_daily_avg
2018-04-05,46.884728954615,Afluente (m3/seg)_daily_avg
2018-04-06,75.368074640177,Afluente (m3/seg)_daily_avg
2018-04-07,64.2541030720071,Afluente (m3/seg)_daily_avg
2018-04-08,35.0508022610037,Afluente (m3/seg)_daily_avg
2018-04-09,127.48641842765,Afluente (m3/seg)_daily_avg
2018-04-10,226.333413829435,Afluente (m3/seg)_daily_avg
2018-04-11,130.64398709821,Afluente (m3/seg)_daily_avg
2018-04-12,80.5507346851871,Afluente (m3/seg)_daily_avg
2018-04-13,79.869406002698,Afluente (m3/seg)_daily_avg
2018-04-14,93.4723405645232,Afluente (m3/seg)_daily_avg
2018-04-15,63.6649072321518,Afluente (m3/seg)_daily_avg
2018-04-16,58.850646470648,Afluente (m3/seg)_daily_avg
2018-04-17,66.4146191770712,Afluente (m3/seg)_daily_avg
2018-04-18,77.3754190486013,Afluente (m3/seg)_daily_avg
2018-04-19,63.6626507325868,Afluente (m3/seg)_daily_avg
2018-04-20,57.8604488399119,Afluente (m3/seg)_daily_avg
2018-04-21,87.8049158517644,Afluente (m3/seg)_daily_avg
2018-04-22,30.831846223582,Afluente (m3/seg)_daily_avg
2018-04-23,65.4944995955217,Afluente (m3/seg)_daily_avg
2018-04-24,57.0582360900637,Afluente (m3/seg)_daily_avg
2018-04-25,54.1616212412659,Afluente (m3/seg)_daily_avg
2018-04-26,64.1479708779921,Afluente (m3/seg)_daily_avg
2018-04-27,57.0887270941882,Afluente (m3/seg)_daily_avg
2018-04-28,39.4747463551435,Afluente (m3/seg)_daily_avg
2018-04-29,19.1207033547536,Afluente (m3/seg)_daily_avg
2018-04-30,87.2696053934112,Afluente (m3/seg)_daily_avg
2018-05-01,46.1619877541832,Afluente (m3/seg)_daily_avg
2018-05-02,22.4211123566934,Afluente (m3/seg)_daily_avg
2018-05-03,62.37073954667019,Afluente (m3/seg)_daily_avg
2018-05-04,59.9474290959342,Afluente (m3/seg)_daily_avg
2018-05-05,44.6024537887518,Afluente (m3/seg)_daily_avg
2018-05-06,48.9102530048073,Afluente (m3/seg)_daily_avg
2018-05-07,48.1967183136159,Afluente (m3/seg)_daily_avg
2018-05-08,44.11178049794,Afluente (m3/seg)_daily_avg
2018-05-09,55.1435125689181,Afluente (m3/seg)_daily_avg
2018-05-10,36.7564835075097,Afluente (m3/seg)_daily_avg
2018-05-11,80.9299364199182,Afluente (m3/seg)_daily_avg
2018-05-12,64.0741139676331,Afluente (m3/seg)_daily_avg
2018-05-13,61.7646708863596,Afluente (m3/seg)_daily_avg
2018-05-14,11.0442450487928,Afluente (m3/seg)_daily_avg
2018-05-15,73.4190156795743,Afluente (m3/seg)_daily_avg
2018-05-16,69.5920894597247,Afluente (m3/seg)_daily_avg
2018-05-17,50.5136871021948,Afluente (m3/seg)_daily_avg
2018-05-18,61.9809952688028,Afluente (m3/seg)_daily_avg
2018-05-19,61.5538133906047,Afluente (m3/seg)_daily_avg
2018-05-20,60.4707950652789,Afluente (m3/seg)_daily_avg
2018-05-21,38.7875636131049,Afluente (m3/seg)_daily_avg
2018-05-22,47.6542024589078,Afluente (m3/seg)_daily_avg
2018-05-23,49.1146603907786,Afluente (m3/seg)_daily_avg
2018-05-24,35.7569726001637,Afluente (m3/seg)_daily_avg
2018-05-25,66.3944819342177,Afluente (m3/seg)_daily_avg
2018-05-26,66.5403665952862,Afluente (m3/seg)_daily_avg
2018-05-27,84.3423056712415,Afluente (m3/seg)_daily_avg
2018-05-28,350.415005783707,Afluente (m3/seg)_daily_avg
2018-05-29,167.924075891865,Afluente (m3/seg)_daily_avg
2018-05-30,85.3333965617691,Afluente (m3/seg)_daily_avg
2018-05-31,79.4500667771748,Afluente (m3/seg)_daily_avg
2018-06-01,112.987064838171,Afluente (m3/seg)_daily_avg
2018-06-02,81.1888103448571,Afluente (m3/seg)_daily_avg
2018-06-03,35.6236719183603,Afluente (m3/seg)_daily_avg
2018-06-04,81.7368387411225,Afluente (m3/seg)_daily_avg
2018-06-05,86.7916115519408,Afluente (m3/seg)_daily_avg
2018-06-06,59.01121149692889,Afluente (m3/seg)_daily_avg
2018-06-07,76.766728439777,Afluente (m3/seg)_daily_avg
2018-06-08,245.222622304711,Afluente (m3/seg)_daily_avg
2018-06-09,315.920723043711,Afluente (m3/seg)_daily_avg
2018-06-10,175.226786120602,Afluente (m3/seg)_daily_avg
2018-06-11,120.437282800487,Afluente (m3/seg)_daily_avg
2018-06-12,98.842971888593,Afluente (m3/seg)_daily_avg
2018-06-13,89.5117786813623,Afluente (m3/seg)_daily_avg
2018-06-14,101.080576831303,Afluente (m3/seg)_daily_avg
2018-06-15,111.354080097597,Afluente (m3/seg)_daily_avg
2018-06-16,124.846898749306,Afluente (m3/seg)_daily_avg
2018-06-17,108.583584461739,Afluente (m3/seg)_daily_avg
2018-06-18,110.581952364638,Afluente (m3/seg)_daily_avg
2018-06-19,98.345495089446,Afluente (m3/seg)_daily_avg
2018-06-20,101.102618034806,Afluente (m3/seg)_daily_avg
2018-06-21,91.7174997172095,Afluente (m3/seg)_daily_avg
2018-06-22,103.242708841628,Afluente (m3/seg)_daily_avg
2018-06-23,120.010353355692,Afluente (m3/seg)_daily_avg
2018-06-24,76.7273903108244,Afluente (m3/seg)_daily_avg
2018-06-25,112.607520682989,Afluente (m3/seg)_daily_avg
2018-06-26,426.731848116248,Afluente (m3/seg)_daily_avg
2018-06-27,268.513739930858,Afluente (m3/seg)_daily_avg
2018-06-28,197.546842529091,Afluente (m3/seg)_daily_avg
2018-06-29,180.391179506542,Afluente (m3/seg)_daily_avg
2018-06-30,161.041490608483,Afluente (m3/seg)_daily_avg
2018-07-01,185.066904207778,Afluente (m3/seg)_daily_avg
2018-07-02,171.154128400678,Afluente (m3/seg)_daily_avg
2018-07-03,169.187194465326,Afluente (m3/seg)_daily_avg
2018-07-04,292.311209578891,Afluente (m3/seg)_daily_avg
2018-07-05,358.430677100933,Afluente (m3/seg)_daily_avg
2018-07-06,301.737843846605,Afluente (m3/seg)_daily_avg
2018-07-07,223.078008594109,Afluente (m3/seg)_daily_avg
2018-07-08,166.720733003233,Afluente (m3/seg)_daily_avg
2018-07-09,163.209850138821,Afluente (m3/seg)_daily_avg
2018-07-10,131.435037180578,Afluente (m3/seg)_daily_avg
2018-07-11,146.835330058631,Afluente (m3/seg)_daily_avg
2018-07-12,190.321387227748,Afluente (m3/seg)_daily_avg
2018-07-13,232.049636562537,Afluente (m3/seg)_daily_avg
2018-07-14,208.411283448575,Afluente (m3/seg)_daily_avg
2018-07-15,176.188751788918,Afluente (m3/seg)_daily_avg
2018-07-16,134.46618840646,Afluente (m3/seg)_daily_avg
2018-07-17,139.200368907309,Afluente (m3/seg)_daily_avg
2018-07-18,118.885912373186,Afluente (m3/seg)_daily_avg
2018-07-19,100.060421144974,Afluente (m3/seg)_daily_avg
2018-07-20,140.608483176858,Afluente (m3/seg)_daily_avg
2018-07-21,136.549666728203,Afluente (m3/seg)_daily_avg
2018-07-22,85.683218009633,Afluente (m3/seg)_daily_avg
2018-07-23,98.2453519074095,Afluente (m3/seg)_daily_avg
2018-07-24,114.441282475567,Afluente (m3/seg)_daily_avg
2018-07-25,96.8872693018834,Afluente (m3/seg)_daily_avg
2018-07-26,72.3905856217344,Afluente (m3/seg)_daily_avg
2018-07-27,127.800170416147,Afluente (m3/seg)_daily_avg
2018-07-28,111.610360430705,Afluente (m3/seg)_daily_avg
2018-07-29,63.3909276035424,Afluente (m3/seg)_daily_avg
2018-07-30,73.5086760543084,Afluente (m3/seg)_daily_avg
2018-07-31,98.8793865461184,Afluente (m3/seg)_daily_avg
2018-08-01,82.2614732530569,Afluente (m3/seg)_daily_avg
2018-08-02,83.5004583857802,Afluente (m3/seg)_daily_avg
2018-08-03,86.9370885364221,Afluente (m3/seg)_daily_avg
2018-08-04,120.072854838995,Afluente (m3/seg)_daily_avg
2018-08-05,84.6395539936587,Afluente (m3/seg)_daily_avg
2018-08-06,142.128961436111,Afluente (m3/seg)_daily_avg
2018-08-07,99.4602235957004,Afluente (m3/seg)_daily_avg
2018-08-08,86.7834403487684,Afluente (m3/seg)_daily_avg
2018-08-09,76.2897679110194,Afluente (m3/seg)_daily_avg
2018-08-10,106.69766571356,Afluente (m3/seg)_daily_avg
2018-08-11,113.121868439886,Afluente (m3/seg)_daily_avg
2018-08-12,83.8296591061285,Afluente (m3/seg)_daily_avg
2018-08-13,84.6149710932472,Afluente (m3/seg)_daily_avg
2018-08-14,99.6662908206308,Afluente (m3/seg)_daily_avg
2018-08-15,66.9910051241108,Afluente (m3/seg)_daily_avg
2018-08-16,116.423629322849,Afluente (m3/seg)_daily_avg
2018-08-17,110.389912984734,Afluente (m3/seg)_daily_avg
2018-08-18,109.536477572562,Afluente (m3/seg)_daily_avg
2018-08-19,68.2400478484627,Afluente (m3/seg)_daily_avg
2018-08-20,67.365492256242,Afluente (m3/seg)_daily_avg
2018-08-21,93.7531408690593,Afluente (m3/seg)_daily_avg
2018-08-22,134.077450149199,Afluente (m3/seg)_daily_avg
2018-08-23,92.5077777683708,Afluente (m3/seg)_daily_avg
2018-08-24,142.132704420348,Afluente (m3/seg)_daily_avg
2018-08-25,128.669742509458,Afluente (m3/seg)_daily_avg
2018-08-26,106.805509230519,Afluente (m3/seg)_daily_avg
2018-08-27,105.92102819359,Afluente (m3/seg)_daily_avg
2018-08-28,113.942917379507,Afluente (m3/seg)_daily_avg
2018-08-29,104.457176013012,Afluente (m3/seg)_daily_avg
2018-08-30,92.0284186221454,Afluente (m3/seg)_daily_avg
2018-08-31,135.381645332674,Afluente (m3/seg)_daily_avg
2018-09-01,133.079536244693,Afluente (m3/seg)_daily_avg
2018-09-02,120.559152012971,Afluente (m3/seg)_daily_avg
2018-09-03,115.404245722954,Afluente (m3/seg)_daily_avg
2018-09-04,123.756701032977,Afluente (m3/seg)_daily_avg
2018-09-05,117.446506576121,Afluente (m3/seg)_daily_avg
2018-09-06,114.395662196947,Afluente (m3/seg)_daily_avg
2018-09-07,122.906661903825,Afluente (m3/seg)_daily_avg
2018-09-08,140.946070335236,Afluente (m3/seg)_daily_avg
2018-09-09,126.355122590047,Afluente (m3/seg)_daily_avg
2018-09-10,143.278524704741,Afluente (m3/seg)_daily_avg
2018-09-11,136.181034375023,Afluente (m3/seg)_daily_avg
2018-09-12,123.809458297995,Afluente (m3/seg)_daily_avg
2018-09-13,120.562044650502,Afluente (m3/seg)_daily_avg
2018-09-14,141.798993562475,Afluente (m3/seg)_daily_avg
2018-09-15,174.786580377054,Afluente (m3/seg)_daily_avg
2018-09-16,191.642547439741,Afluente (m3/seg)_daily_avg
2018-09-17,425.892384274802,Afluente (m3/seg)_daily_avg
2018-09-18,258.242506685536,Afluente (m3/seg)_daily_avg
2018-09-19,227.005409027417,Afluente (m3/seg)_daily_avg
2018-09-20,229.159471214659,Afluente (m3/seg)_daily_avg
2018-09-21,380.769703613069,Afluente (m3/seg)_daily_avg
2018-09-22,329.378461444869,Afluente (m3/seg)_daily_avg
2018-09-23,257.033486102624,Afluente (m3/seg)_daily_avg
2018-09-24,212.008926800537,Afluente (m3/seg)_daily_avg
2018-09-25,198.719509769574,Afluente (m3/seg)_daily_avg
2018-09-26,296.1117659646389,Afluente (m3/seg)_daily_avg
2018-09-27,446.800561667259,Afluente (m3/seg)_daily_avg
2018-09-28,481.3582366171099,Afluente (m3/seg)_daily_avg
2018-09-29,356.298561126808,Afluente (m3/seg)_daily_avg
2018-09-30,312.7041634182539,Afluente (m3/seg)_daily_avg
2018-10-01,271.134430430932,Afluente (m3/seg)_daily_avg
2018-10-02,258.467280319989,Afluente (m3/seg)_daily_avg
2018-10-03,241.493749281715,Afluente (m3/seg)_daily_avg
2018-10-04,235.065565991414,Afluente (m3/seg)_daily_avg
2018-10-05,243.336235774628,Afluente (m3/seg)_daily_avg
2018-10-06,253.931163996649,Afluente (m3/seg)_daily_avg
2018-10-07,255.348503479729,Afluente (m3/seg)_daily_avg
2018-10-08,237.385629431364,Afluente (m3/seg)_daily_avg
2018-10-09,222.66482891959,Afluente (m3/seg)_daily_avg
2018-10-10,221.554809324101,Afluente (m3/seg)_daily_avg
2018-10-11,189.539292011531,Afluente (m3/seg)_daily_avg
2018-10-12,199.797574051465,Afluente (m3/seg)_daily_avg
2018-10-13,247.208352615854,Afluente (m3/seg)_daily_avg
2018-10-14,234.493257005638,Afluente (m3/seg)_daily_avg
2018-10-15,227.819736016442,Afluente (m3/seg)_daily_avg
2018-10-16,221.364323188698,Afluente (m3/seg)_daily_avg
2018-10-17,203.146676424722,Afluente (m3/seg)_daily_avg
2018-10-18,235.041546691322,Afluente (m3/seg)_daily_avg
2018-10-19,261.760425098844,Afluente (m3/seg)_daily_avg
2018-10-20,268.392828368415,Afluente (m3/seg)_daily_avg
2018-10-21,252.002029424184,Afluente (m3/seg)_daily_avg
2018-10-22,226.575706376397,Afluente (m3/seg)_daily_avg
2018-10-23,294.127777036684,Afluente (m3/seg)_daily_avg
2018-10-24,284.658371595944,Afluente (m3/seg)_daily_avg
2018-10-25,291.781751634942,Afluente (m3/seg)_daily_avg
2018-10-26,299.391018501338,Afluente (m3/seg)_daily_avg
2018-10-27,308.116256992547,Afluente (m3/seg)_daily_avg
2018-10-28,657.4262518689989,Afluente (m3/seg)_daily_avg
2018-10-29,704.695452914396,Afluente (m3/seg)_daily_avg
2018-10-30,459.856730407596,Afluente (m3/seg)_daily_avg
2018-10-31,373.209491008226,Afluente (m3/seg)_daily_avg
2018-11-01,354.389405983818,Afluente (m3/seg)_daily_avg
2018-11-02,296.9592221191,Afluente (m3/seg)_daily_avg
2018-11-03,296.706243517906,Afluente (m3/seg)_daily_avg
2018-11-04,304.033998066663,Afluente (m3/seg)_daily_avg
2018-11-05,330.225901435655,Afluente (m3/seg)_daily_avg
2018-11-06,355.653048424904,Afluente (m3/seg)_daily_avg
2018-11-07,402.406876754409,Afluente (m3/seg)_daily_avg
2018-11-08,396.646270552977,Afluente (m3/seg)_daily_avg
2018-11-09,370.650373481019,Afluente (m3/seg)_daily_avg
2018-11-10,365.617716324199,Afluente (m3/seg)_daily_avg
2018-11-11,339.829359204114,Afluente (m3/seg)_daily_avg
2018-11-12,288.124465284094,Afluente (m3/seg)_daily_avg
2018-11-13,248.058754931709,Afluente (m3/seg)_daily_avg
2018-11-14,266.270163815761,Afluente (m3/seg)_daily_avg
2018-11-15,299.598109888124,Afluente (m3/seg)_daily_avg
2018-11-16,365.449311332837,Afluente (m3/seg)_daily_avg
2018-11-17,283.035113866809,Afluente (m3/seg)_daily_avg
2018-11-18,288.254714242658,Afluente (m3/seg)_daily_avg
2018-11-19,320.660959462603,Afluente (m3/seg)_daily_avg
2018-11-20,340.8803612916951,Afluente (m3/seg)_daily_avg
2018-11-21,388.34040035001,Afluente (m3/seg)_daily_avg
2018-11-22,371.9205117645,Afluente (m3/seg)_daily_avg
2018-11-23,313.943124412508,Afluente (m3/seg)_daily_avg
2018-11-24,284.584575546415,Afluente (m3/seg)_daily_avg
2018-11-25,272.453550145293,Afluente (m3/seg)_daily_avg
2018-11-26,275.093624597257,Afluente (m3/seg)_daily_avg
2018-11-27,271.277829177747,Afluente (m3/seg)_daily_avg
2018-11-28,251.249412054734,Afluente (m3/seg)_daily_avg
2018-11-29,264.096873062107,Afluente (m3/seg)_daily_avg
2018-11-30,234.644090103753,Afluente (m3/seg)_daily_avg
2018-12-01,260.316267918645,Afluente (m3/seg)_daily_avg
2018-12-02,239.442011956631,Afluente (m3/seg)_daily_avg
2018-12-03,246.715942842668,Afluente (m3/seg)_daily_avg
2018-12-04,217.327800123249,Afluente (m3/seg)_daily_avg
2018-12-05,199.343673524981,Afluente (m3/seg)_daily_avg
2018-12-06,210.696901124596,Afluente (m3/seg)_daily_avg
2018-12-07,254.90928306922,Afluente (m3/seg)_daily_avg
2018-12-08,228.972040957454,Afluente (m3/seg)_daily_avg
2018-12-09,211.652468757836,Afluente (m3/seg)_daily_avg
2018-12-10,200.833453302972,Afluente (m3/seg)_daily_avg
2018-12-11,203.532338818899,Afluente (m3/seg)_daily_avg
2018-12-12,186.490815562976,Afluente (m3/seg)_daily_avg
2018-12-13,173.858288053589,Afluente (m3/seg)_daily_avg
2018-12-14,173.592621942283,Afluente (m3/seg)_daily_avg
2018-12-15,185.16362187483,Afluente (m3/seg)_daily_avg
2018-12-16,172.385026086455,Afluente (m3/seg)_daily_avg
2018-12-17,157.348076376295,Afluente (m3/seg)_daily_avg
2018-12-18,160.11639029458,Afluente (m3/seg)_daily_avg
2018-12-19,163.336980980593,Afluente (m3/seg)_daily_avg
2018-12-20,154.966339270491,Afluente (m3/seg)_daily_avg
2018-12-21,152.641784688241,Afluente (m3/seg)_daily_avg
2018-12-22,184.223434463767,Afluente (m3/seg)_daily_avg
2018-12-23,146.101112024056,Afluente (m3/seg)_daily_avg
2018-12-24,175.790367339911,Afluente (m3/seg)_daily_avg
2018-12-25,122.230653738305,Afluente (m3/seg)_daily_avg
2018-12-26,132.546294143554,Afluente (m3/seg)_daily_avg
2018-12-27,124.178152179596,Afluente (m3/seg)_daily_avg
2018-12-28,123.814167130783,Afluente (m3/seg)_daily_avg
2018-12-29,141.418697892727,Afluente (m3/seg)_daily_avg
2018-12-30,113.462160227639,Afluente (m3/seg)_daily_avg
2018-12-31,129.981308455508,Afluente (m3/seg)_daily_avg
2019-01-01,96.6049700056453,Afluente (m3/seg)_daily_avg
2019-01-02,96.2168833877944,Afluente (m3/seg)_daily_avg
2019-01-03,86.2892973826899,Afluente (m3/seg)_daily_avg
2019-01-04,127.704770625829,Afluente (m3/seg)_daily_avg
2019-01-05,119.632093940793,Afluente (m3/seg)_daily_avg
2019-01-06,83.087681410112,Afluente (m3/seg)_daily_avg
2019-01-07,106.012462309799,Afluente (m3/seg)_daily_avg
2019-01-08,101.780016543155,Afluente (m3/seg)_daily_avg
2019-01-09,95.0930324872128,Afluente (m3/seg)_daily_avg
2019-01-10,82.3101720357339,Afluente (m3/seg)_daily_avg
2019-01-11,74.8112330306402,Afluente (m3/seg)_daily_avg
2019-01-12,93.150927775336,Afluente (m3/seg)_daily_avg
2019-01-13,93.8212862926389,Afluente (m3/seg)_daily_avg
2019-01-14,81.4942988995343,Afluente (m3/seg)_daily_avg
2019-01-15,91.8158792980516,Afluente (m3/seg)_daily_avg
2019-01-16,75.6197496719238,Afluente (m3/seg)_daily_avg
2019-01-17,40.8329180201836,Afluente (m3/seg)_daily_avg
2019-01-18,90.2958587947492,Afluente (m3/seg)_daily_avg
2019-01-19,107.212101734142,Afluente (m3/seg)_daily_avg
2019-01-20,30.7282670207285,Afluente (m3/seg)_daily_avg
2019-01-21,78.9961949697058,Afluente (m3/seg)_daily_avg
2019-01-22,68.0120834589002,Afluente (m3/seg)_daily_avg
2019-01-23,64.2178359161204,Afluente (m3/seg)_daily_avg
2019-01-24,66.4678542471266,Afluente (m3/seg)_daily_avg
2019-01-25,57.3413925546936,Afluente (m3/seg)_daily_avg
2019-01-26,98.6515003218223,Afluente (m3/seg)_daily_avg
2019-01-27,28.7807927593423,Afluente (m3/seg)_daily_avg
2019-01-28,66.7178636693369,Afluente (m3/seg)_daily_avg
2019-01-29,63.595335774872,Afluente (m3/seg)_daily_avg
2019-01-30,63.4268514069035,Afluente (m3/seg)_daily_avg
2019-01-31,55.8216250511344,Afluente (m3/seg)_daily_avg
2019-02-01,86.3290424029637,Afluente (m3/seg)_daily_avg
2019-02-02,77.3046417661571,Afluente (m3/seg)_daily_avg
2019-02-03,38.803969637389,Afluente (m3/seg)_daily_avg
2019-02-04,44.4352611036743,Afluente (m3/seg)_daily_avg
2019-02-05,48.8913196696632,Afluente (m3/seg)_daily_avg
2019-02-06,56.0120560912861,Afluente (m3/seg)_daily_avg
2019-02-07,51.4374429864589,Afluente (m3/seg)_daily_avg
2019-02-08,94.5397059040694,Afluente (m3/seg)_daily_avg
2019-02-09,0.0,Afluente (m3/seg)_daily_avg
2019-02-10,25.5966089638088,Afluente (m3/seg)_daily_avg
2019-02-11,45.1195258294584,Afluente (m3/seg)_daily_avg
2019-02-12,43.0809753840462,Afluente (m3/seg)_daily_avg
2019-02-13,51.9639891353941,Afluente (m3/seg)_daily_avg
2019-02-14,83.7349089435652,Afluente (m3/seg)_daily_avg
2019-02-15,69.9533024257147,Afluente (m3/seg)_daily_avg
2019-02-16,23.9294074931798,Afluente (m3/seg)_daily_avg
2019-02-17,24.9186561447299,Afluente (m3/seg)_daily_avg
2019-02-18,47.7860614693048,Afluente (m3/seg)_daily_avg
2019-02-19,59.99541383647851,Afluente (m3/seg)_daily_avg
2019-02-20,22.7845043539758,Afluente (m3/seg)_daily_avg
2019-02-21,84.2622011249448,Afluente (m3/seg)_daily_avg
2019-02-22,0.0,Afluente (m3/seg)_daily_avg
2019-02-23,39.8302788799597,Afluente (m3/seg)_daily_avg
2019-02-24,40.735713742725,Afluente (m3/seg)_daily_avg
2019-02-25,29.8178630820005,Afluente (m3/seg)_daily_avg
2019-02-26,3.24747575896792,Afluente (m3/seg)_daily_avg
2019-02-27,84.2200747322288,Afluente (m3/seg)_daily_avg
2019-02-28,62.6562629400821,Afluente (m3/seg)_daily_avg
2019-03-01,35.1793129925936,Afluente (m3/seg)_daily_avg
2019-03-02,26.3274187791301,Afluente (m3/seg)_daily_avg
2019-03-03,20.7817936019934,Afluente (m3/seg)_daily_avg
2019-03-04,73.2007409416756,Afluente (m3/seg)_daily_avg
2019-03-05,47.758752426186,Afluente (m3/seg)_daily_avg
2019-03-06,63.7321040035216,Afluente (m3/seg)_daily_avg
2019-03-07,62.7293657513888,Afluente (m3/seg)_daily_avg
2019-03-08,17.8974527587902,Afluente (m3/seg)_daily_avg
2019-03-09,65.8431666444716,Afluente (m3/seg)_daily_avg
2019-03-10,51.1697837664605,Afluente (m3/seg)_daily_avg
2019-03-11,53.5887447919293,Afluente (m3/seg)_daily_avg
2019-03-12,47.4395402094994,Afluente (m3/seg)_daily_avg
2019-03-13,33.8773367423917,Afluente (m3/seg)_daily_avg
2019-03-14,50.0673350706809,Afluente (m3/seg)_daily_avg
2019-03-15,34.6280358412179,Afluente (m3/seg)_daily_avg
2019-03-16,34.0340209897894,Afluente (m3/seg)_daily_avg
2019-03-17,24.5449559009884,Afluente (m3/seg)_daily_avg
2019-03-18,17.3855539141824,Afluente (m3/seg)_daily_avg
2019-03-19,24.4663128487388,Afluente (m3/seg)_daily_avg
2019-03-20,73.2994020490491,Afluente (m3/seg)_daily_avg
2019-03-21,55.6389976003747,Afluente (m3/seg)_daily_avg
2019-03-22,36.1314015330098,Afluente (m3/seg)_daily_avg
2019-03-23,24.4930605972121,Afluente (m3/seg)_daily_avg
2019-03-24,31.3211238628643,Afluente (m3/seg)_daily_avg
2019-03-25,41.8355999704371,Afluente (m3/seg)_daily_avg
2019-03-26,40.3943537028061,Afluente (m3/seg)_daily_avg
2019-03-27,35.3718260086758,Afluente (m3/seg)_daily_avg
2019-03-28,71.928841388905,Afluente (m3/seg)_daily_avg
2019-03-29,35.9483918200315,Afluente (m3/seg)_daily_avg
2019-03-30,23.5900253239423,Afluente (m3/seg)_daily_avg
2019-03-31,46.289780697322,Afluente (m3/seg)_daily_avg
2019-04-01,51.3695375073563,Afluente (m3/seg)_daily_avg
2019-04-02,26.3753709554808,Afluente (m3/seg)_daily_avg
2019-04-03,42.0464581966007,Afluente (m3/seg)_daily_avg
2019-04-04,54.1308127330489,Afluente (m3/seg)_daily_avg
2019-04-05,16.9581326660437,Afluente (m3/seg)_daily_avg
2019-04-06,36.0618062742308,Afluente (m3/seg)_daily_avg
2019-04-07,39.8553422898933,Afluente (m3/seg)_daily_avg
2019-04-08,30.81511166158741,Afluente (m3/seg)_daily_avg
2019-04-09,39.0775486794076,Afluente (m3/seg)_daily_avg
2019-04-10,30.6351477349948,Afluente (m3/seg)_daily_avg
2019-04-11,30.4977901351553,Afluente (m3/seg)_daily_avg
2019-04-12,45.4018340038451,Afluente (m3/seg)_daily_avg
2019-04-13,33.1611833362815,Afluente (m3/seg)_daily_avg
2019-04-14,41.0278560169472,Afluente (m3/seg)_daily_avg
2019-04-15,33.4634256634565,Afluente (m3/seg)_daily_avg
2019-04-16,51.0184577727127,Afluente (m3/seg)_daily_avg
2019-04-17,43.1895105794122,Afluente (m3/seg)_daily_avg
2019-04-18,43.8181862307296,Afluente (m3/seg)_daily_avg
2019-04-19,23.6769068190308,Afluente (m3/seg)_daily_avg
2019-04-20,23.9633670386504,Afluente (m3/seg)_daily_avg
2019-04-21,41.2668301418762,Afluente (m3/seg)_daily_avg
2019-04-22,47.233431873644,Afluente (m3/seg)_daily_avg
2019-04-23,37.8925889098992,Afluente (m3/seg)_daily_avg
2019-04-24,37.5553051037875,Afluente (m3/seg)_daily_avg
2019-04-25,41.5320036291408,Afluente (m3/seg)_daily_avg
2019-04-26,35.7513696937249,Afluente (m3/seg)_daily_avg
2019-04-27,36.3025598006693,Afluente (m3/seg)_daily_avg
2019-04-28,51.0105396763673,Afluente (m3/seg)_daily_avg
2019-04-29,45.4369711946524,Afluente (m3/seg)_daily_avg
2019-04-30,101.434002439361,Afluente (m3/seg)_daily_avg
2019-05-01,235.357132282887,Afluente (m3/seg)_daily_avg
2019-05-02,110.194809170568,Afluente (m3/seg)_daily_avg
2019-05-03,81.3812123991879,Afluente (m3/seg)_daily_avg
2019-05-04,74.0396561111148,Afluente (m3/seg)_daily_avg
2019-05-05,71.4738794952527,Afluente (m3/seg)_daily_avg
2019-05-06,76.6194405109489,Afluente (m3/seg)_daily_avg
2019-05-07,42.5827098561938,Afluente (m3/seg)_daily_avg
2019-05-08,83.9539800105084,Afluente (m3/seg)_daily_avg
2019-05-09,85.2832351460009,Afluente (m3/seg)_daily_avg
2019-05-10,49.8815594459236,Afluente (m3/seg)_daily_avg
2019-05-11,60.79900338637319,Afluente (m3/seg)_daily_avg
2019-05-12,50.7348052705034,Afluente (m3/seg)_daily_avg
2019-05-13,47.5578483720549,Afluente (m3/seg)_daily_avg
2019-05-14,86.2525809566006,Afluente (m3/seg)_daily_avg
2019-05-15,97.6230083216211,Afluente (m3/seg)_daily_avg
2019-05-16,84.7148139447965,Afluente (m3/seg)_daily_avg
2019-05-17,43.1351397589608,Afluente (m3/seg)_daily_avg
2019-05-18,38.1557506629526,Afluente (m3/seg)_daily_avg
2019-05-19,42.9194303652928,Afluente (m3/seg)_daily_avg
2019-05-20,67.490597600721,Afluente (m3/seg)_daily_avg
2019-05-21,39.0315688644158,Afluente (m3/seg)_daily_avg
2019-05-22,69.4812021337102,Afluente (m3/seg)_daily_avg
2019-05-23,67.40176449144,Afluente (m3/seg)_daily_avg
2019-05-24,25.3504151471498,Afluente (m3/seg)_daily_avg
2019-05-25,57.212046057101,Afluente (m3/seg)_daily_avg
2019-05-26,108.790907809097,Afluente (m3/seg)_daily_avg
2019-05-27,184.491398680335,Afluente (m3/seg)_daily_avg
2019-05-28,139.833344912869,Afluente (m3/seg)_daily_avg
2019-05-29,147.238982090227,Afluente (m3/seg)_daily_avg
2019-05-30,115.422098915403,Afluente (m3/seg)_daily_avg
2019-05-31,55.0368955210606,Afluente (m3/seg)_daily_avg
2019-06-01,71.7801507324303,Afluente (m3/seg)_daily_avg
2019-06-02,158.240396755198,Afluente (m3/seg)_daily_avg
2019-06-03,243.299066641473,Afluente (m3/seg)_daily_avg
2019-06-04,147.276104348687,Afluente (m3/seg)_daily_avg
2019-06-05,114.414589542779,Afluente (m3/seg)_daily_avg
2019-06-06,129.668437083579,Afluente (m3/seg)_daily_avg
2019-06-07,66.0021817585232,Afluente (m3/seg)_daily_avg
2019-06-08,94.0983333440498,Afluente (m3/seg)_daily_avg
2019-06-09,101.985372154402,Afluente (m3/seg)_daily_avg
2019-06-10,136.684279033035,Afluente (m3/seg)_daily_avg
2019-06-11,145.495487266499,Afluente (m3/seg)_daily_avg
2019-06-12,144.870234682667,Afluente (m3/seg)_daily_avg
2019-06-13,123.869529820984,Afluente (m3/seg)_daily_avg
2019-06-14,89.7446301775362,Afluente (m3/seg)_daily_avg
2019-06-15,78.1114651445301,Afluente (m3/seg)_daily_avg
2019-06-16,82.3971384606535,Afluente (m3/seg)_daily_avg
2019-06-17,77.1437262013195,Afluente (m3/seg)_daily_avg
2019-06-18,82.7606562553837,Afluente (m3/seg)_daily_avg
2019-06-19,106.16446890191,Afluente (m3/seg)_daily_avg
2019-06-20,85.605564596971,Afluente (m3/seg)_daily_avg
2019-06-21,59.41414944166389,Afluente (m3/seg)_daily_avg
2019-06-22,87.3262312151667,Afluente (m3/seg)_daily_avg
2019-06-23,111.277709900454,Afluente (m3/seg)_daily_avg
2019-06-24,54.5428038873426,Afluente (m3/seg)_daily_avg
2019-06-25,104.832416905912,Afluente (m3/seg)_daily_avg
2019-06-26,125.340656296248,Afluente (m3/seg)_daily_avg
2019-06-27,101.143365562003,Afluente (m3/seg)_daily_avg
2019-06-28,75.9798786888938,Afluente (m3/seg)_daily_avg
2019-06-29,88.8247278595074,Afluente (m3/seg)_daily_avg
2019-06-30,78.1308711469585,Afluente (m3/seg)_daily_avg
2019-07-01,76.0203684198155,Afluente (m3/seg)_daily_avg
2019-07-02,60.3757271507424,Afluente (m3/seg)_daily_avg
2019-07-03,89.4449599612852,Afluente (m3/seg)_daily_avg
2019-07-04,87.6832537486741,Afluente (m3/seg)_daily_avg
2019-07-05,77.7355835514308,Afluente (m3/seg)_daily_avg
2019-07-06,123.299091950863,Afluente (m3/seg)_daily_avg
2019-07-07,73.5018033840048,Afluente (m3/seg)_daily_avg
2019-07-08,71.6882250255367,Afluente (m3/seg)_daily_avg
2019-07-09,58.22906191888351,Afluente (m3/seg)_daily_avg
2019-07-10,73.4987224716191,Afluente (m3/seg)_daily_avg
2019-07-11,96.6020381577357,Afluente (m3/seg)_daily_avg
2019-07-12,52.947778184039,Afluente (m3/seg)_daily_avg
2019-07-13,95.6095879135412,Afluente (m3/seg)_daily_avg
2019-07-14,68.0724923445078,Afluente (m3/seg)_daily_avg
2019-07-15,82.0159951868784,Afluente (m3/seg)_daily_avg
2019-07-16,72.6168404733125,Afluente (m3/seg)_daily_avg
2019-07-17,74.8539921464966,Afluente (m3/seg)_daily_avg
2019-07-18,122.415949748475,Afluente (m3/seg)_daily_avg
2019-07-19,74.2045265711225,Afluente (m3/seg)_daily_avg
2019-07-20,95.5827769976275,Afluente (m3/seg)_daily_avg
2019-07-21,60.4707625265949,Afluente (m3/seg)_daily_avg
2019-07-22,60.7514128229262,Afluente (m3/seg)_daily_avg
2019-07-23,71.7482608536241,Afluente (m3/seg)_daily_avg
2019-07-24,86.0610555377952,Afluente (m3/seg)_daily_avg
2019-07-25,96.673702360728,Afluente (m3/seg)_daily_avg
2019-07-26,167.651922155199,Afluente (m3/seg)_daily_avg
2019-07-27,157.165771750251,Afluente (m3/seg)_daily_avg
2019-07-28,156.120745842022,Afluente (m3/seg)_daily_avg
2019-07-29,147.022462205126,Afluente (m3/seg)_daily_avg
2019-07-30,104.397530799078,Afluente (m3/seg)_daily_avg
2019-07-31,108.225093710565,Afluente (m3/seg)_daily_avg
2019-08-01,110.10659630163,Afluente (m3/seg)_daily_avg
2019-08-02,107.194579959412,Afluente (m3/seg)_daily_avg
2019-08-03,114.401703994738,Afluente (m3/seg)_daily_avg
2019-08-04,104.475140218699,Afluente (m3/seg)_daily_avg
2019-08-05,89.6951251640174,Afluente (m3/seg)_daily_avg
2019-08-06,64.3904558435713,Afluente (m3/seg)_daily_avg
2019-08-07,98.5491567535871,Afluente (m3/seg)_daily_avg
2019-08-08,102.139282390919,Afluente (m3/seg)_daily_avg
2019-08-09,84.9679628725677,Afluente (m3/seg)_daily_avg
2019-08-10,67.2196006404475,Afluente (m3/seg)_daily_avg
2019-08-11,106.920060003366,Afluente (m3/seg)_daily_avg
2019-08-12,95.1698051771144,Afluente (m3/seg)_daily_avg
2019-08-13,55.8000963671967,Afluente (m3/seg)_daily_avg
2019-08-14,114.05876080268,Afluente (m3/seg)_daily_avg
2019-08-15,86.175256088835,Afluente (m3/seg)_daily_avg
2019-08-16,88.1209273001726,Afluente (m3/seg)_daily_avg
2019-08-17,126.369996146306,Afluente (m3/seg)_daily_avg
2019-08-18,98.0042956082155,Afluente (m3/seg)_daily_avg
2019-08-19,65.7087158730962,Afluente (m3/seg)_daily_avg
2019-08-20,73.6643685475609,Afluente (m3/seg)_daily_avg
2019-08-21,90.7641917698053,Afluente (m3/seg)_daily_avg
2019-08-22,120.427375556601,Afluente (m3/seg)_daily_avg
2019-08-23,116.907006068843,Afluente (m3/seg)_daily_avg
2019-08-24,118.095380161738,Afluente (m3/seg)_daily_avg
2019-08-25,118.686156630836,Afluente (m3/seg)_daily_avg
2019-08-26,196.232294775508,Afluente (m3/seg)_daily_avg
2019-08-27,149.01397393416,Afluente (m3/seg)_daily_avg
2019-08-28,137.254629800297,Afluente (m3/seg)_daily_avg
2019-08-29,120.864779964486,Afluente (m3/seg)_daily_avg
2019-08-30,83.6506028381567,Afluente (m3/seg)_daily_avg
2019-08-31,104.430627910525,Afluente (m3/seg)_daily_avg
2019-09-01,97.7687310189442,Afluente (m3/seg)_daily_avg
2019-09-02,71.4885846963038,Afluente (m3/seg)_daily_avg
2019-09-03,126.007660593692,Afluente (m3/seg)_daily_avg
2019-09-04,159.827795013811,Afluente (m3/seg)_daily_avg
2019-09-05,122.085562235721,Afluente (m3/seg)_daily_avg
2019-09-06,117.764818230345,Afluente (m3/seg)_daily_avg
2019-09-07,102.983271656942,Afluente (m3/seg)_daily_avg
2019-09-08,111.935571983616,Afluente (m3/seg)_daily_avg
2019-09-09,107.716298180695,Afluente (m3/seg)_daily_avg
2019-09-10,97.7687313172497,Afluente (m3/seg)_daily_avg
2019-09-11,91.6801133429278,Afluente (m3/seg)_daily_avg
2019-09-12,124.196317960642,Afluente (m3/seg)_daily_avg
2019-09-13,101.250448380242,Afluente (m3/seg)_daily_avg
2019-09-14,88.3136326129603,Afluente (m3/seg)_daily_avg
2019-09-15,107.188216692697,Afluente (m3/seg)_daily_avg
2019-09-16,102.921861169395,Afluente (m3/seg)_daily_avg
2019-09-17,103.687638177942,Afluente (m3/seg)_daily_avg
2019-09-18,89.9918913605904,Afluente (m3/seg)_daily_avg
2019-09-19,91.3840552065351,Afluente (m3/seg)_daily_avg
2019-09-20,104.491705246049,Afluente (m3/seg)_daily_avg
2019-09-21,110.945261548646,Afluente (m3/seg)_daily_avg
2019-09-22,147.868467763008,Afluente (m3/seg)_daily_avg
2019-09-23,170.205903468265,Afluente (m3/seg)_daily_avg
2019-09-24,200.750910729245,Afluente (m3/seg)_daily_avg
2019-09-25,174.052455669481,Afluente (m3/seg)_daily_avg
2019-09-26,166.591313141416,Afluente (m3/seg)_daily_avg
2019-09-27,181.594629816234,Afluente (m3/seg)_daily_avg
2019-09-28,132.677744189135,Afluente (m3/seg)_daily_avg
2019-09-29,137.723967442002,Afluente (m3/seg)_daily_avg
2019-09-30,128.520643953524,Afluente (m3/seg)_daily_avg
2019-10-01,107.25361909082,Afluente (m3/seg)_daily_avg
2019-10-02,97.2141837153407,Afluente (m3/seg)_daily_avg
2019-10-03,104.344377362501,Afluente (m3/seg)_daily_avg
2019-10-04,112.320497772346,Afluente (m3/seg)_daily_avg
2019-10-05,102.259273561445,Afluente (m3/seg)_daily_avg
2019-10-06,115.290589866223,Afluente (m3/seg)_daily_avg
2019-10-07,121.332031522667,Afluente (m3/seg)_daily_avg
2019-10-08,132.835317067451,Afluente (m3/seg)_daily_avg
2019-10-09,138.510547444301,Afluente (m3/seg)_daily_avg
2019-10-10,131.078890576822,Afluente (m3/seg)_daily_avg
2019-10-11,118.568909782018,Afluente (m3/seg)_daily_avg
2019-10-12,109.56017138408,Afluente (m3/seg)_daily_avg
2019-10-13,129.299307570284,Afluente (m3/seg)_daily_avg
2019-10-14,157.06213469292,Afluente (m3/seg)_daily_avg
2019-10-15,148.726916531964,Afluente (m3/seg)_daily_avg
2019-10-16,159.303142572772,Afluente (m3/seg)_daily_avg
2019-10-17,177.691691432995,Afluente (m3/seg)_daily_avg
2019-10-18,161.426319507315,Afluente (m3/seg)_daily_avg
2019-10-19,154.224151185372,Afluente (m3/seg)_daily_avg
2019-10-20,161.819104821612,Afluente (m3/seg)_daily_avg
2019-10-21,169.550597772394,Afluente (m3/seg)_daily_avg
2019-10-22,149.193097262888,Afluente (m3/seg)_daily_avg
2019-10-23,161.248343343709,Afluente (m3/seg)_daily_avg
2019-10-24,148.779411195352,Afluente (m3/seg)_daily_avg
2019-10-25,130.817629225891,Afluente (m3/seg)_daily_avg
2019-10-26,148.389774152762,Afluente (m3/seg)_daily_avg
2019-10-27,122.783936916645,Afluente (m3/seg)_daily_avg
2019-10-28,134.608958930593,Afluente (m3/seg)_daily_avg
2019-10-29,148.332861682247,Afluente (m3/seg)_daily_avg
2019-10-30,133.572040577795,Afluente (m3/seg)_daily_avg
2019-10-31,144.92450060972,Afluente (m3/seg)_daily_avg
2019-11-01,156.874185275327,Afluente (m3/seg)_daily_avg
2019-11-02,138.97310811197,Afluente (m3/seg)_daily_avg
2019-11-03,163.357775858905,Afluente (m3/seg)_daily_avg
2019-11-04,162.208438945456,Afluente (m3/seg)_daily_avg
2019-11-05,163.050572799806,Afluente (m3/seg)_daily_avg
2019-11-06,157.594236566175,Afluente (m3/seg)_daily_avg
2019-11-07,212.575364588201,Afluente (m3/seg)_daily_avg
2019-11-08,175.801059359669,Afluente (m3/seg)_daily_avg
2019-11-09,181.481086758706,Afluente (m3/seg)_daily_avg
2019-11-10,175.243575773683,Afluente (m3/seg)_daily_avg
2019-11-11,197.425500184236,Afluente (m3/seg)_daily_avg
2019-11-12,160.486675909162,Afluente (m3/seg)_daily_avg
2019-11-13,182.75688393149,Afluente (m3/seg)_daily_avg
2019-11-14,185.967964937502,Afluente (m3/seg)_daily_avg
2019-11-15,134.304836745948,Afluente (m3/seg)_daily_avg
2019-11-16,118.555673186578,Afluente (m3/seg)_daily_avg
2019-11-17,163.467689999136,Afluente (m3/seg)_daily_avg
2019-11-18,142.124289281828,Afluente (m3/seg)_daily_avg
2019-11-19,93.6664463609662,Afluente (m3/seg)_daily_avg
2019-11-20,176.034223379394,Afluente (m3/seg)_daily_avg
2019-11-21,139.356896959638,Afluente (m3/seg)_daily_avg
2019-11-22,117.797991432644,Afluente (m3/seg)_daily_avg
2019-11-23,106.855265715735,Afluente (m3/seg)_daily_avg
2019-11-24,98.3396344255112,Afluente (m3/seg)_daily_avg
2019-11-25,89.183686341389,Afluente (m3/seg)_daily_avg
2019-11-26,94.02767082544,Afluente (m3/seg)_daily_avg
2019-11-27,92.3525351092082,Afluente (m3/seg)_daily_avg
2019-11-28,107.868865551339,Afluente (m3/seg)_daily_avg
2019-11-29,87.6728529794998,Afluente (m3/seg)_daily_avg
2019-11-30,83.564396826024,Afluente (m3/seg)_daily_avg
2019-12-01,78.8651346814786,Afluente (m3/seg)_daily_avg
2019-12-02,67.4811391724134,Afluente (m3/seg)_daily_avg
2019-12-03,60.0135335483417,Afluente (m3/seg)_daily_avg
2019-12-04,89.3280861328994,Afluente (m3/seg)_daily_avg
2019-12-05,84.7126710752329,Afluente (m3/seg)_daily_avg
2019-12-06,61.2594507195648,Afluente (m3/seg)_daily_avg
2019-12-07,73.3830623878599,Afluente (m3/seg)_daily_avg
2019-12-08,63.92547900348511,Afluente (m3/seg)_daily_avg
2019-12-09,43.419189290467,Afluente (m3/seg)_daily_avg
2019-12-10,60.80213079141521,Afluente (m3/seg)_daily_avg
2019-12-11,84.6620315215652,Afluente (m3/seg)_daily_avg
2019-12-12,85.9938309883592,Afluente (m3/seg)_daily_avg
2019-12-13,55.2005541418594,Afluente (m3/seg)_daily_avg
2019-12-14,43.6373476270243,Afluente (m3/seg)_daily_avg
2019-12-15,42.238902699966,Afluente (m3/seg)_daily_avg
2019-12-16,57.9096603363509,Afluente (m3/seg)_daily_avg
2019-12-17,63.8314238104836,Afluente (m3/seg)_daily_avg
2019-12-18,46.9423541236407,Afluente (m3/seg)_daily_avg
2019-12-19,61.6191510814366,Afluente (m3/seg)_daily_avg
2019-12-20,51.752831167466,Afluente (m3/seg)_daily_avg
2019-12-21,68.6358457693731,Afluente (m3/seg)_daily_avg
2019-12-22,68.3980568750303,Afluente (m3/seg)_daily_avg
2019-12-23,32.2322368711777,Afluente (m3/seg)_daily_avg
2019-12-24,47.0172855304255,Afluente (m3/seg)_daily_avg
2019-12-25,38.0538952258938,Afluente (m3/seg)_daily_avg
2019-12-26,66.6305980938131,Afluente (m3/seg)_daily_avg
2019-12-27,45.7607259521309,Afluente (m3/seg)_daily_avg
2019-12-28,50.1280784187234,Afluente (m3/seg)_daily_avg
2019-12-29,23.4120393173275,Afluente (m3/seg)_daily_avg
2019-12-30,25.1895746825985,Afluente (m3/seg)_daily_avg
2019-12-31,48.6032309172505,Afluente (m3/seg)_daily_avg
2020-01-01,44.3588836359558,Afluente (m3/seg)_daily_avg
2020-01-02,30.940707436387,Afluente (m3/seg)_daily_avg
2020-01-03,44.8098498819846,Afluente (m3/seg)_daily_avg
2020-01-04,30.7246040229705,Afluente (m3/seg)_daily_avg
2020-01-05,51.2985122148188,Afluente (m3/seg)_daily_avg
2020-01-06,43.9439038455029,Afluente (m3/seg)_daily_avg
2020-01-07,43.9077057174208,Afluente (m3/seg)_daily_avg
2020-01-08,37.4973754066239,Afluente (m3/seg)_daily_avg
2020-01-09,60.77868938630699,Afluente (m3/seg)_daily_avg
2020-01-10,33.1950107844402,Afluente (m3/seg)_daily_avg
2020-01-11,24.3580955678015,Afluente (m3/seg)_daily_avg
2020-01-12,40.0384167073618,Afluente (m3/seg)_daily_avg
2020-01-13,36.0266523251815,Afluente (m3/seg)_daily_avg
2020-01-14,41.320092889665,Afluente (m3/seg)_daily_avg
2020-01-15,54.5317912092743,Afluente (m3/seg)_daily_avg
2020-01-16,55.5910139792154,Afluente (m3/seg)_daily_avg
2020-01-17,35.8486739405631,Afluente (m3/seg)_daily_avg
2020-01-18,36.5838579912586,Afluente (m3/seg)_daily_avg
2020-01-19,10.2322715646066,Afluente (m3/seg)_daily_avg
2020-01-20,38.6673401910837,Afluente (m3/seg)_daily_avg
2020-01-21,47.6123724070317,Afluente (m3/seg)_daily_avg
2020-01-22,42.6022783577759,Afluente (m3/seg)_daily_avg
2020-01-23,51.1966956439429,Afluente (m3/seg)_daily_avg
2020-01-24,41.0665242159166,Afluente (m3/seg)_daily_avg
2020-01-25,53.5037031361742,Afluente (m3/seg)_daily_avg
2020-01-26,43.2196922143736,Afluente (m3/seg)_daily_avg
2020-01-27,42.1360631724265,Afluente (m3/seg)_daily_avg
2020-01-28,36.9027262289224,Afluente (m3/seg)_daily_avg
2020-01-29,33.2504883279834,Afluente (m3/seg)_daily_avg
2020-01-30,28.784663972954,Afluente (m3/seg)_daily_avg
2020-01-31,25.3835417100907,Afluente (m3/seg)_daily_avg
2020-02-01,28.1384759750533,Afluente (m3/seg)_daily_avg
2020-02-02,32.080751405651,Afluente (m3/seg)_daily_avg
2020-02-03,23.5617047897462,Afluente (m3/seg)_daily_avg
2020-02-04,31.3513417473745,Afluente (m3/seg)_daily_avg
2020-02-05,27.1310610321918,Afluente (m3/seg)_daily_avg
2020-02-06,20.1564672387037,Afluente (m3/seg)_daily_avg
2020-02-07,30.8967965497803,Afluente (m3/seg)_daily_avg
2020-02-08,28.9918588398429,Afluente (m3/seg)_daily_avg
2020-02-09,19.5742676152797,Afluente (m3/seg)_daily_avg
2020-02-10,15.9619317865236,Afluente (m3/seg)_daily_avg
2020-02-11,16.2873521269865,Afluente (m3/seg)_daily_avg
2020-02-12,23.5182220838032,Afluente (m3/seg)_daily_avg
2020-02-13,15.0106015196691,Afluente (m3/seg)_daily_avg
2020-02-14,17.7859285811554,Afluente (m3/seg)_daily_avg
2020-02-15,4.99713831858698,Afluente (m3/seg)_daily_avg
2020-02-16,18.2690121530105,Afluente (m3/seg)_daily_avg
2020-02-17,26.6242243309457,Afluente (m3/seg)_daily_avg
2020-02-18,0.0,Afluente (m3/seg)_daily_avg
2020-02-19,17.6813386998665,Afluente (m3/seg)_daily_avg
2020-02-20,18.0291123018343,Afluente (m3/seg)_daily_avg
2020-02-21,11.2422843372746,Afluente (m3/seg)_daily_avg
2020-02-22,13.951387228707,Afluente (m3/seg)_daily_avg
2020-02-23,24.2512617991174,Afluente (m3/seg)_daily_avg
2020-02-24,21.8878335834612,Afluente (m3/seg)_daily_avg
2020-02-25,27.2032937823412,Afluente (m3/seg)_daily_avg
2020-02-26,21.8272437112114,Afluente (m3/seg)_daily_avg
2020-02-27,0.0,Afluente (m3/seg)_daily_avg
2020-02-28,38.6767956555315,Afluente (m3/seg)_daily_avg
2020-02-29,21.1542127521913,Afluente (m3/seg)_daily_avg
2020-03-01,20.6617272206627,Afluente (m3/seg)_daily_avg
2020-03-02,39.0167458611325,Afluente (m3/seg)_daily_avg
2020-03-03,9.55031067096305,Afluente (m3/seg)_daily_avg
2020-03-04,16.9229494180477,Afluente (m3/seg)_daily_avg
2020-03-05,44.2611455842117,Afluente (m3/seg)_daily_avg
2020-03-06,19.9714001693792,Afluente (m3/seg)_daily_avg
2020-03-07,12.2402891076221,Afluente (m3/seg)_daily_avg
2020-03-08,15.914463864157,Afluente (m3/seg)_daily_avg
2020-03-09,0.0,Afluente (m3/seg)_daily_avg
2020-03-10,32.5304801723592,Afluente (m3/seg)_daily_avg
2020-03-11,20.7897684775608,Afluente (m3/seg)_daily_avg
2020-03-12,29.8250677349847,Afluente (m3/seg)_daily_avg
2020-03-13,8.57411677618688,Afluente (m3/seg)_daily_avg
2020-03-14,25.6124394785847,Afluente (m3/seg)_daily_avg
2020-03-15,25.0196925397512,Afluente (m3/seg)_daily_avg
2020-03-16,22.2602487141048,Afluente (m3/seg)_daily_avg
2020-03-17,2.15302149636336,Afluente (m3/seg)_daily_avg
2020-03-18,23.2528003151392,Afluente (m3/seg)_daily_avg
2020-03-19,12.4809549325843,Afluente (m3/seg)_daily_avg
2020-03-20,25.1804626126574,Afluente (m3/seg)_daily_avg
2020-03-21,25.4495908444229,Afluente (m3/seg)_daily_avg
2020-03-22,13.9010256624177,Afluente (m3/seg)_daily_avg
2020-03-23,13.5001802032301,Afluente (m3/seg)_daily_avg
2020-03-24,27.7537708080489,Afluente (m3/seg)_daily_avg
2020-03-25,13.7693827625631,Afluente (m3/seg)_daily_avg
2020-03-26,41.8825485169403,Afluente (m3/seg)_daily_avg
2020-03-27,40.7497269357462,Afluente (m3/seg)_daily_avg
2020-03-28,17.8163265777977,Afluente (m3/seg)_daily_avg
2020-03-29,26.2147190420099,Afluente (m3/seg)_daily_avg
2020-03-30,23.4590704774127,Afluente (m3/seg)_daily_avg
2020-03-31,7.706708366866799,Afluente (m3/seg)_daily_avg
2020-04-01,10.544154681143,Afluente (m3/seg)_daily_avg
2020-04-02,44.3831554651559,Afluente (m3/seg)_daily_avg
2020-04-03,0.0,Afluente (m3/seg)_daily_avg
2020-04-04,21.4090737398063,Afluente (m3/seg)_daily_avg
2020-04-05,0.0,Afluente (m3/seg)_daily_avg
2020-04-06,20.6200792985099,Afluente (m3/seg)_daily_avg
2020-04-07,38.6806210782958,Afluente (m3/seg)_daily_avg
2020-04-08,0.0,Afluente (m3/seg)_daily_avg
2020-04-09,21.7530707379917,Afluente (m3/seg)_daily_avg
2020-04-10,10.1108246240875,Afluente (m3/seg)_daily_avg
2020-04-11,13.918360872023,Afluente (m3/seg)_daily_avg
2020-04-12,17.5868603006316,Afluente (m3/seg)_daily_avg
2020-04-13,54.9911535676267,Afluente (m3/seg)_daily_avg
2020-04-14,82.0882207137483,Afluente (m3/seg)_daily_avg
2020-04-15,39.8360959394368,Afluente (m3/seg)_daily_avg
2020-04-16,53.3087442309749,Afluente (m3/seg)_daily_avg
2020-04-17,27.3550225040141,Afluente (m3/seg)_daily_avg
2020-04-18,26.5613327436741,Afluente (m3/seg)_daily_avg
2020-04-19,18.9354062588846,Afluente (m3/seg)_daily_avg
2020-04-20,41.9791950041395,Afluente (m3/seg)_daily_avg
2020-04-21,24.7932168674349,Afluente (m3/seg)_daily_avg
2020-04-22,32.0444196787886,Afluente (m3/seg)_daily_avg
2020-04-23,24.0078539250685,Afluente (m3/seg)_daily_avg
2020-04-24,44.6755467499903,Afluente (m3/seg)_daily_avg
2020-04-25,14.8639982472298,Afluente (m3/seg)_daily_avg
2020-04-26,13.2213937097792,Afluente (m3/seg)_daily_avg
2020-04-27,16.7643514242765,Afluente (m3/seg)_daily_avg
2020-04-28,48.1610660300304,Afluente (m3/seg)_daily_avg
2020-04-29,45.219899054201,Afluente (m3/seg)_daily_avg
2020-04-30,14.9791587538197,Afluente (m3/seg)_daily_avg
2020-05-01,32.1521173042075,Afluente (m3/seg)_daily_avg
2020-05-02,46.2420723659203,Afluente (m3/seg)_daily_avg
2020-05-03,33.765427656829,Afluente (m3/seg)_daily_avg
2020-05-04,22.8940921476574,Afluente (m3/seg)_daily_avg
2020-05-05,13.0406430581786,Afluente (m3/seg)_daily_avg
2020-05-06,47.5225485909726,Afluente (m3/seg)_daily_avg
2020-05-07,4.83541756465133,Afluente (m3/seg)_daily_avg
2020-05-08,21.7014481361784,Afluente (m3/seg)_daily_avg
2020-05-09,72.6287489640741,Afluente (m3/seg)_daily_avg
2020-05-10,30.6604332806566,Afluente (m3/seg)_daily_avg
2020-05-11,25.1618758450209,Afluente (m3/seg)_daily_avg
2020-05-12,29.8100213160072,Afluente (m3/seg)_daily_avg
2020-05-13,25.7359030043437,Afluente (m3/seg)_daily_avg
2020-05-14,34.0629485381035,Afluente (m3/seg)_daily_avg
2020-05-15,21.8761484615619,Afluente (m3/seg)_daily_avg
2020-05-16,39.9548381639737,Afluente (m3/seg)_daily_avg
2020-05-17,17.0803924936764,Afluente (m3/seg)_daily_avg
2020-05-18,40.9584465656843,Afluente (m3/seg)_daily_avg
2020-05-19,43.2963769820363,Afluente (m3/seg)_daily_avg
2020-05-20,47.4593509218094,Afluente (m3/seg)_daily_avg
2020-05-21,49.480831083563,Afluente (m3/seg)_daily_avg
2020-05-22,38.2597341582598,Afluente (m3/seg)_daily_avg
2020-05-23,51.6183513988217,Afluente (m3/seg)_daily_avg
2020-05-24,41.3566720199487,Afluente (m3/seg)_daily_avg
2020-05-25,50.0465059891366,Afluente (m3/seg)_daily_avg
2020-05-26,50.7421076463499,Afluente (m3/seg)_daily_avg
2020-05-27,36.6437673474094,Afluente (m3/seg)_daily_avg
2020-05-28,0.0,Afluente (m3/seg)_daily_avg
2020-05-29,38.4172475886754,Afluente (m3/seg)_daily_avg
2020-05-30,72.6201721729676,Afluente (m3/seg)_daily_avg
2020-05-31,42.0498915147987,Afluente (m3/seg)_daily_avg
2020-06-01,49.3173497799897,Afluente (m3/seg)_daily_avg
2020-06-02,50.8217282449506,Afluente (m3/seg)_daily_avg
2020-06-03,48.3088906001467,Afluente (m3/seg)_daily_avg
2020-06-04,88.4790901062685,Afluente (m3/seg)_daily_avg
2020-06-05,125.228054955906,Afluente (m3/seg)_daily_avg
2020-06-06,160.841046373591,Afluente (m3/seg)_daily_avg
2020-06-07,354.361437050615,Afluente (m3/seg)_daily_avg
2020-06-08,220.412778237091,Afluente (m3/seg)_daily_avg
2020-06-09,195.241355612227,Afluente (m3/seg)_daily_avg
2020-06-10,187.040766239854,Afluente (m3/seg)_daily_avg
2020-06-11,200.216609161144,Afluente (m3/seg)_daily_avg
2020-06-12,165.91309763316,Afluente (m3/seg)_daily_avg
2020-06-13,127.254365175513,Afluente (m3/seg)_daily_avg
2020-06-14,93.7618999993772,Afluente (m3/seg)_daily_avg
2020-06-15,96.5870031146729,Afluente (m3/seg)_daily_avg
2020-06-16,238.894654355309,Afluente (m3/seg)_daily_avg
2020-06-17,466.257897003502,Afluente (m3/seg)_daily_avg
2020-06-18,308.722061874345,Afluente (m3/seg)_daily_avg
2020-06-19,227.82254058213,Afluente (m3/seg)_daily_avg
2020-06-20,164.845842825923,Afluente (m3/seg)_daily_avg
2020-06-21,278.445388784697,Afluente (m3/seg)_daily_avg
2020-06-22,313.219283325625,Afluente (m3/seg)_daily_avg
2020-06-23,250.292979358884,Afluente (m3/seg)_daily_avg
2020-06-24,190.866729510518,Afluente (m3/seg)_daily_avg
2020-06-25,132.523664837557,Afluente (m3/seg)_daily_avg
2020-06-26,187.490844146847,Afluente (m3/seg)_daily_avg
2020-06-27,140.023290040818,Afluente (m3/seg)_daily_avg
2020-06-28,283.54197478232,Afluente (m3/seg)_daily_avg
2020-06-29,251.242246424191,Afluente (m3/seg)_daily_avg
2020-06-30,183.435254542518,Afluente (m3/seg)_daily_avg
2020-07-01,162.429746724428,Afluente (m3/seg)_daily_avg
2020-07-02,131.021007242751,Afluente (m3/seg)_daily_avg
2020-07-03,133.031826640748,Afluente (m3/seg)_daily_avg
2020-07-04,123.001928993663,Afluente (m3/seg)_daily_avg
2020-07-05,198.457895169102,Afluente (m3/seg)_daily_avg
2020-07-06,520.085036931695,Afluente (m3/seg)_daily_avg
2020-07-07,706.935267329631,Afluente (m3/seg)_daily_avg
2020-07-08,512.412597948489,Afluente (m3/seg)_daily_avg
2020-07-09,420.269073288349,Afluente (m3/seg)_daily_avg
2020-07-10,303.516845828623,Afluente (m3/seg)_daily_avg
2020-07-11,243.099825340853,Afluente (m3/seg)_daily_avg
2020-07-12,210.582632674772,Afluente (m3/seg)_daily_avg
2020-07-13,178.696202242199,Afluente (m3/seg)_daily_avg
2020-07-14,175.965975516689,Afluente (m3/seg)_daily_avg
2020-07-15,152.623332504547,Afluente (m3/seg)_daily_avg
2020-07-16,148.391840739498,Afluente (m3/seg)_daily_avg
2020-07-17,137.387867334771,Afluente (m3/seg)_daily_avg
2020-07-18,147.609087596772,Afluente (m3/seg)_daily_avg
2020-07-19,114.011338379858,Afluente (m3/seg)_daily_avg
2020-07-20,150.917511968367,Afluente (m3/seg)_daily_avg
2020-07-21,158.551103579825,Afluente (m3/seg)_daily_avg
2020-07-22,125.043382088891,Afluente (m3/seg)_daily_avg
2020-07-23,133.533739793387,Afluente (m3/seg)_daily_avg
2020-07-24,257.012365214829,Afluente (m3/seg)_daily_avg
2020-07-25,207.565343020838,Afluente (m3/seg)_daily_avg
2020-07-26,171.587328181175,Afluente (m3/seg)_daily_avg
2020-07-27,159.92396,Afluente (m3/seg)_daily_avg
2020-07-28,162.495802683334,Afluente (m3/seg)_daily_avg
2020-07-29,151.476384302085,Afluente (m3/seg)_daily_avg
2020-07-30,134.786724200192,Afluente (m3/seg)_daily_avg
2020-07-31,126.299447227059,Afluente (m3/seg)_daily_avg
2020-08-01,129.648254188772,Afluente (m3/seg)_daily_avg
2020-08-02,136.729478795307,Afluente (m3/seg)_daily_avg
2020-08-03,116.731544589162,Afluente (m3/seg)_daily_avg
2020-08-04,117.934868580331,Afluente (m3/seg)_daily_avg
2020-08-05,101.416487973996,Afluente (m3/seg)_daily_avg
2020-08-06,115.835925277173,Afluente (m3/seg)_daily_avg
2020-08-07,123.578520320883,Afluente (m3/seg)_daily_avg
2020-08-08,96.1959455437898,Afluente (m3/seg)_daily_avg
2020-08-09,130.541771928412,Afluente (m3/seg)_daily_avg
2020-08-10,142.500388986059,Afluente (m3/seg)_daily_avg
2020-08-11,125.008550169777,Afluente (m3/seg)_daily_avg
2020-08-12,118.464111952087,Afluente (m3/seg)_daily_avg
2020-08-13,126.010925827536,Afluente (m3/seg)_daily_avg
2020-08-14,137.129168376107,Afluente (m3/seg)_daily_avg
2020-08-15,104.985291458459,Afluente (m3/seg)_daily_avg
2020-08-16,129.377777190215,Afluente (m3/seg)_daily_avg
2020-08-17,135.013385429144,Afluente (m3/seg)_daily_avg
2020-08-18,145.294821289702,Afluente (m3/seg)_daily_avg
2020-08-19,104.121647500718,Afluente (m3/seg)_daily_avg
2020-08-20,107.634458798741,Afluente (m3/seg)_daily_avg
2020-08-21,123.821577270253,Afluente (m3/seg)_daily_avg
2020-08-22,116.439331382837,Afluente (m3/seg)_daily_avg
2020-08-23,120.232365886398,Afluente (m3/seg)_daily_avg
2020-08-24,126.036032911018,Afluente (m3/seg)_daily_avg
2020-08-25,103.069211737781,Afluente (m3/seg)_daily_avg
2020-08-26,118.904371020831,Afluente (m3/seg)_daily_avg
2020-08-27,133.915284509147,Afluente (m3/seg)_daily_avg
2020-08-28,177.657899080149,Afluente (m3/seg)_daily_avg
2020-08-29,157.641364721401,Afluente (m3/seg)_daily_avg
2020-08-30,140.892061346319,Afluente (m3/seg)_daily_avg
2020-08-31,144.197341964166,Afluente (m3/seg)_daily_avg
2020-09-01,159.517211742661,Afluente (m3/seg)_daily_avg
2020-09-02,134.636635335139,Afluente (m3/seg)_daily_avg
2020-09-03,160.233489666718,Afluente (m3/seg)_daily_avg
2020-09-04,167.981199200617,Afluente (m3/seg)_daily_avg
2020-09-05,193.71656081679,Afluente (m3/seg)_daily_avg
2020-09-06,224.749623537413,Afluente (m3/seg)_daily_avg
2020-09-07,228.721793779951,Afluente (m3/seg)_daily_avg
2020-09-08,204.073834366034,Afluente (m3/seg)_daily_avg
2020-09-09,213.974536763989,Afluente (m3/seg)_daily_avg
2020-09-10,207.16663286257,Afluente (m3/seg)_daily_avg
2020-09-11,211.315310981336,Afluente (m3/seg)_daily_avg
2020-09-12,222.185387446065,Afluente (m3/seg)_daily_avg
2020-09-13,233.814460838746,Afluente (m3/seg)_daily_avg
2020-09-14,260.333170420442,Afluente (m3/seg)_daily_avg
2020-09-15,213.093298520789,Afluente (m3/seg)_daily_avg
2020-09-16,214.45193588412,Afluente (m3/seg)_daily_avg
2020-09-17,201.328839149652,Afluente (m3/seg)_daily_avg
2020-09-18,198.178552526817,Afluente (m3/seg)_daily_avg
2020-09-19,175.481254434253,Afluente (m3/seg)_daily_avg
2020-09-20,153.622554534701,Afluente (m3/seg)_daily_avg
2020-09-21,158.108045507673,Afluente (m3/seg)_daily_avg
2020-09-22,177.497424206881,Afluente (m3/seg)_daily_avg
2020-09-23,172.189302794955,Afluente (m3/seg)_daily_avg
2020-09-24,200.414003641646,Afluente (m3/seg)_daily_avg
2020-09-25,194.636277371313,Afluente (m3/seg)_daily_avg
2020-09-26,132.469912392203,Afluente (m3/seg)_daily_avg
2020-09-27,272.233172731825,Afluente (m3/seg)_daily_avg
2020-09-28,307.441293150131,Afluente (m3/seg)_daily_avg
2020-09-29,331.179186511604,Afluente (m3/seg)_daily_avg
2020-09-30,399.559282064274,Afluente (m3/seg)_daily_avg
2020-10-01,465.394764538523,Afluente (m3/seg)_daily_avg
2020-10-02,483.56202430981,Afluente (m3/seg)_daily_avg
2020-10-03,436.2811087008361,Afluente (m3/seg)_daily_avg
2020-10-04,419.982703683671,Afluente (m3/seg)_daily_avg
2020-10-05,367.295238380278,Afluente (m3/seg)_daily_avg
2020-10-06,385.276464129289,Afluente (m3/seg)_daily_avg
2020-10-07,395.561830967742,Afluente (m3/seg)_daily_avg
2020-10-08,377.072182812981,Afluente (m3/seg)_daily_avg
2020-10-09,386.866894587222,Afluente (m3/seg)_daily_avg
2020-10-10,380.563828037585,Afluente (m3/seg)_daily_avg
2020-10-11,351.952545508213,Afluente (m3/seg)_daily_avg
2020-10-12,356.64891055742,Afluente (m3/seg)_daily_avg
2020-10-13,299.960319274654,Afluente (m3/seg)_daily_avg
2020-10-14,262.014820786963,Afluente (m3/seg)_daily_avg
2020-10-15,258.373923361035,Afluente (m3/seg)_daily_avg
2020-10-16,272.116711661933,Afluente (m3/seg)_daily_avg
2020-10-17,347.437724319189,Afluente (m3/seg)_daily_avg
2020-10-18,346.920788396843,Afluente (m3/seg)_daily_avg
2020-10-19,364.079323442214,Afluente (m3/seg)_daily_avg
2020-10-20,375.929616788347,Afluente (m3/seg)_daily_avg
2020-10-21,387.8606324469571,Afluente (m3/seg)_daily_avg
2020-10-22,356.872427412268,Afluente (m3/seg)_daily_avg
2020-10-23,353.615203343755,Afluente (m3/seg)_daily_avg
2020-10-24,375.569209435596,Afluente (m3/seg)_daily_avg
2020-10-25,389.019805082248,Afluente (m3/seg)_daily_avg
2020-10-26,372.3703100758281,Afluente (m3/seg)_daily_avg
2020-10-27,383.405786440597,Afluente (m3/seg)_daily_avg
2020-10-28,385.513527351691,Afluente (m3/seg)_daily_avg
2020-10-29,348.503117954301,Afluente (m3/seg)_daily_avg
2020-10-30,322.886319424107,Afluente (m3/seg)_daily_avg
2020-10-31,292.391563238682,Afluente (m3/seg)_daily_avg
2020-11-01,279.692348535332,Afluente (m3/seg)_daily_avg
2020-11-02,288.051042046842,Afluente (m3/seg)_daily_avg
2020-11-03,306.656615327766,Afluente (m3/seg)_daily_avg
2020-11-04,341.803461750209,Afluente (m3/seg)_daily_avg
2020-11-05,327.632778411625,Afluente (m3/seg)_daily_avg
2020-11-06,292.113471625936,Afluente (m3/seg)_daily_avg
2020-11-07,267.169842042222,Afluente (m3/seg)_daily_avg
2020-11-08,262.521080397129,Afluente (m3/seg)_daily_avg
2020-11-09,263.270762510727,Afluente (m3/seg)_daily_avg
2020-11-10,245.666206926523,Afluente (m3/seg)_daily_avg
2020-11-11,237.138468507057,Afluente (m3/seg)_daily_avg
2020-11-12,230.582387324213,Afluente (m3/seg)_daily_avg
2020-11-13,238.923871284077,Afluente (m3/seg)_daily_avg
2020-11-14,234.907617876748,Afluente (m3/seg)_daily_avg
2020-11-15,227.035617385725,Afluente (m3/seg)_daily_avg
2020-11-16,227.081137801134,Afluente (m3/seg)_daily_avg
2020-11-17,204.417367316921,Afluente (m3/seg)_daily_avg
2020-11-18,205.64430896475,Afluente (m3/seg)_daily_avg
2020-11-19,189.638137638638,Afluente (m3/seg)_daily_avg
2020-11-20,190.740980917639,Afluente (m3/seg)_daily_avg
2020-11-21,190.264086280469,Afluente (m3/seg)_daily_avg
2020-11-22,179.789970957798,Afluente (m3/seg)_daily_avg
2020-11-23,206.260755421357,Afluente (m3/seg)_daily_avg
2020-11-24,182.712841370601,Afluente (m3/seg)_daily_avg
2020-11-25,165.491048240741,Afluente (m3/seg)_daily_avg
2020-11-26,134.461463325734,Afluente (m3/seg)_daily_avg
2020-11-27,143.484653236729,Afluente (m3/seg)_daily_avg
2020-11-28,146.448220602856,Afluente (m3/seg)_daily_avg
2020-11-29,121.668110114692,Afluente (m3/seg)_daily_avg
2020-11-30,143.153309701187,Afluente (m3/seg)_daily_avg
2020-12-01,153.90755606981,Afluente (m3/seg)_daily_avg
2020-12-02,131.36493836387,Afluente (m3/seg)_daily_avg
2020-12-03,143.23936959001,Afluente (m3/seg)_daily_avg
2020-12-04,119.235601495944,Afluente (m3/seg)_daily_avg
2020-12-05,148.971462596169,Afluente (m3/seg)_daily_avg
2020-12-06,103.385289412783,Afluente (m3/seg)_daily_avg
2020-12-07,114.069414820301,Afluente (m3/seg)_daily_avg
2020-12-08,117.747949208655,Afluente (m3/seg)_daily_avg
2020-12-09,112.446110829979,Afluente (m3/seg)_daily_avg
2020-12-10,137.709856535375,Afluente (m3/seg)_daily_avg
2020-12-11,111.704420662218,Afluente (m3/seg)_daily_avg
2020-12-12,117.121864608249,Afluente (m3/seg)_daily_avg
2020-12-13,75.8335489880399,Afluente (m3/seg)_daily_avg
2020-12-14,119.935086186263,Afluente (m3/seg)_daily_avg
2020-12-15,89.952451498894,Afluente (m3/seg)_daily_avg
2020-12-16,81.2027586234005,Afluente (m3/seg)_daily_avg
2020-12-17,124.895784925662,Afluente (m3/seg)_daily_avg
2020-12-18,107.087567787461,Afluente (m3/seg)_daily_avg
2020-12-19,110.502135711707,Afluente (m3/seg)_daily_avg
2020-12-20,63.90979540021371,Afluente (m3/seg)_daily_avg
2020-12-21,105.95271979793,Afluente (m3/seg)_daily_avg
2020-12-22,68.9022278261646,Afluente (m3/seg)_daily_avg
2020-12-23,86.3679622148283,Afluente (m3/seg)_daily_avg
2020-12-24,80.4837396953124,Afluente (m3/seg)_daily_avg
2020-12-25,90.7329047533872,Afluente (m3/seg)_daily_avg
2020-12-26,83.0803792609551,Afluente (m3/seg)_daily_avg
2020-12-27,50.9508077282531,Afluente (m3/seg)_daily_avg
2020-12-28,63.433999202122,Afluente (m3/seg)_daily_avg
2020-12-29,81.0882787520481,Afluente (m3/seg)_daily_avg
2020-12-30,60.4274111476426,Afluente (m3/seg)_daily_avg
2020-12-31,76.6150767522751,Afluente (m3/seg)_daily_avg
2021-01-01,80.0259224715075,Afluente (m3/seg)_daily_avg
2021-01-02,77.0994947584317,Afluente (m3/seg)_daily_avg
2021-01-03,52.0499625985934,Afluente (m3/seg)_daily_avg
2021-01-04,61.7331144499249,Afluente (m3/seg)_daily_avg
2021-01-05,15.0671191648991,Afluente (m3/seg)_daily_avg
2021-01-06,51.6173409246489,Afluente (m3/seg)_daily_avg
2021-01-07,78.9369162317097,Afluente (m3/seg)_daily_avg
2021-01-08,69.1828860663476,Afluente (m3/seg)_daily_avg
2021-01-09,59.96756474555509,Afluente (m3/seg)_daily_avg
2021-01-10,54.5250396210491,Afluente (m3/seg)_daily_avg
2021-01-11,51.9299653800208,Afluente (m3/seg)_daily_avg
2021-01-12,50.3392660148135,Afluente (m3/seg)_daily_avg
2021-01-13,105.889742631438,Afluente (m3/seg)_daily_avg
2021-01-14,241.322931774971,Afluente (m3/seg)_daily_avg
2021-01-15,122.665354682904,Afluente (m3/seg)_daily_avg
2021-01-16,114.785095010481,Afluente (m3/seg)_daily_avg
2021-01-17,103.193609578777,Afluente (m3/seg)_daily_avg
2021-01-18,82.2311067114706,Afluente (m3/seg)_daily_avg
2021-01-19,64.4472515967846,Afluente (m3/seg)_daily_avg
2021-01-20,76.8978940590356,Afluente (m3/seg)_daily_avg
2021-01-21,92.3027998057421,Afluente (m3/seg)_daily_avg
2021-01-22,76.624965900032,Afluente (m3/seg)_daily_avg
2021-01-23,73.2787330652108,Afluente (m3/seg)_daily_avg
2021-01-24,78.1990633503615,Afluente (m3/seg)_daily_avg
2021-01-25,23.3052226290995,Afluente (m3/seg)_daily_avg
2021-01-26,76.2662347686776,Afluente (m3/seg)_daily_avg
2021-01-27,61.55776603642681,Afluente (m3/seg)_daily_avg
2021-01-28,64.0951060790888,Afluente (m3/seg)_daily_avg
2021-01-29,80.483131800332,Afluente (m3/seg)_daily_avg
2021-01-30,57.2910977477348,Afluente (m3/seg)_daily_avg
2021-01-31,21.1614615920765,Afluente (m3/seg)_daily_avg
2021-02-01,64.9386671070101,Afluente (m3/seg)_daily_avg
2021-02-02,59.076737253576,Afluente (m3/seg)_daily_avg
2021-02-03,57.0122684577202,Afluente (m3/seg)_daily_avg
2021-02-04,58.0898159439576,Afluente (m3/seg)_daily_avg
2021-02-05,44.7636434733095,Afluente (m3/seg)_daily_avg
2021-02-06,62.5320176783515,Afluente (m3/seg)_daily_avg
2021-02-07,64.3836556793149,Afluente (m3/seg)_daily_avg
2021-02-08,43.2354110845793,Afluente (m3/seg)_daily_avg
2021-02-09,54.4277796188909,Afluente (m3/seg)_daily_avg
2021-02-10,46.5004635399091,Afluente (m3/seg)_daily_avg
2021-02-11,54.4543546155704,Afluente (m3/seg)_daily_avg
2021-02-12,51.6389231313071,Afluente (m3/seg)_daily_avg
2021-02-13,65.665162615058,Afluente (m3/seg)_daily_avg
2021-02-14,44.2932769264662,Afluente (m3/seg)_daily_avg
2021-02-15,63.8992466363008,Afluente (m3/seg)_daily_avg
2021-02-16,59.8494724108722,Afluente (m3/seg)_daily_avg
2021-02-17,33.587154787068,Afluente (m3/seg)_daily_avg
2021-02-18,58.2259127965796,Afluente (m3/seg)_daily_avg
2021-02-19,60.68939486432711,Afluente (m3/seg)_daily_avg
2021-02-20,39.6956374075031,Afluente (m3/seg)_daily_avg
2021-02-21,45.3227100415513,Afluente (m3/seg)_daily_avg
2021-02-22,58.99825626357471,Afluente (m3/seg)_daily_avg
2021-02-23,49.6121048298476,Afluente (m3/seg)_daily_avg
2021-02-24,31.9970674341621,Afluente (m3/seg)_daily_avg
2021-02-25,39.0269487233296,Afluente (m3/seg)_daily_avg
2021-02-26,51.4880604060463,Afluente (m3/seg)_daily_avg
2021-02-27,51.8151021126765,Afluente (m3/seg)_daily_avg
2021-02-28,49.2373143727716,Afluente (m3/seg)_daily_avg
2021-03-01,39.6939304334766,Afluente (m3/seg)_daily_avg
2021-03-02,19.5923977171447,Afluente (m3/seg)_daily_avg
2021-03-03,58.39000780184249,Afluente (m3/seg)_daily_avg
2021-03-04,47.7402679792774,Afluente (m3/seg)_daily_avg
2021-03-05,54.1911774472246,Afluente (m3/seg)_daily_avg
2021-03-06,30.1428199170708,Afluente (m3/seg)_daily_avg
2021-03-07,26.3175942524351,Afluente (m3/seg)_daily_avg
2021-03-08,50.9267010060714,Afluente (m3/seg)_daily_avg
2021-03-09,41.5891348400341,Afluente (m3/seg)_daily_avg
2021-03-10,42.6545522624763,Afluente (m3/seg)_daily_avg
2021-03-11,39.5024928884312,Afluente (m3/seg)_daily_avg
2021-03-12,44.2420234966229,Afluente (m3/seg)_daily_avg
2021-03-13,33.5989829305856,Afluente (m3/seg)_daily_avg
2021-03-14,42.3870291083201,Afluente (m3/seg)_daily_avg
2021-03-15,43.628745680868,Afluente (m3/seg)_daily_avg
2021-03-16,32.1705113622743,Afluente (m3/seg)_daily_avg
2021-03-17,59.8807731920226,Afluente (m3/seg)_daily_avg
2021-03-18,34.8112950885989,Afluente (m3/seg)_daily_avg
2021-03-19,22.7290619556337,Afluente (m3/seg)_daily_avg
2021-03-20,6.98697316518991,Afluente (m3/seg)_daily_avg
2021-03-21,27.2798704054319,Afluente (m3/seg)_daily_avg
2021-03-22,31.214946365683,Afluente (m3/seg)_daily_avg
2021-03-23,24.0838904600245,Afluente (m3/seg)_daily_avg
2021-03-24,33.8116621877275,Afluente (m3/seg)_daily_avg
2021-03-25,27.2014906048055,Afluente (m3/seg)_daily_avg
2021-03-26,44.5290724867433,Afluente (m3/seg)_daily_avg
2021-03-27,10.2679374122942,Afluente (m3/seg)_daily_avg
2021-03-28,43.859397031761,Afluente (m3/seg)_daily_avg
2021-03-29,26.3440724285243,Afluente (m3/seg)_daily_avg
2021-03-30,31.4256381031771,Afluente (m3/seg)_daily_avg
2021-03-31,28.0889674280434,Afluente (m3/seg)_daily_avg
2021-04-01,45.8194837794814,Afluente (m3/seg)_daily_avg
2021-04-02,34.7303434043134,Afluente (m3/seg)_daily_avg
2021-04-03,10.7302042649037,Afluente (m3/seg)_daily_avg
2021-04-04,32.6082000595921,Afluente (m3/seg)_daily_avg
2021-04-05,51.4433701367304,Afluente (m3/seg)_daily_avg
2021-04-06,28.8266219843874,Afluente (m3/seg)_daily_avg
2021-04-07,28.9774925321716,Afluente (m3/seg)_daily_avg
2021-04-08,42.5034964071578,Afluente (m3/seg)_daily_avg
2021-04-09,44.8586758022379,Afluente (m3/seg)_daily_avg
2021-04-10,13.6760933484763,Afluente (m3/seg)_daily_avg
2021-04-11,29.6279396952836,Afluente (m3/seg)_daily_avg
2021-04-12,36.8109330794933,Afluente (m3/seg)_daily_avg
2021-04-13,38.9327921569865,Afluente (m3/seg)_daily_avg
2021-04-14,39.8849395726799,Afluente (m3/seg)_daily_avg
2021-04-15,41.8846372730212,Afluente (m3/seg)_daily_avg
2021-04-16,119.451846895804,Afluente (m3/seg)_daily_avg
2021-04-17,118.509145632405,Afluente (m3/seg)_daily_avg
2021-04-18,93.743522548837,Afluente (m3/seg)_daily_avg
2021-04-19,67.8168063148518,Afluente (m3/seg)_daily_avg
2021-04-20,38.6561890454131,Afluente (m3/seg)_daily_avg
2021-04-21,60.6710713349039,Afluente (m3/seg)_daily_avg
2021-04-22,67.487529752103,Afluente (m3/seg)_daily_avg
2021-04-23,78.5988143733391,Afluente (m3/seg)_daily_avg
2021-04-24,62.8422788757627,Afluente (m3/seg)_daily_avg
2021-04-25,52.499207250989,Afluente (m3/seg)_daily_avg
2021-04-26,45.1818869221947,Afluente (m3/seg)_daily_avg
2021-04-27,43.4080039390411,Afluente (m3/seg)_daily_avg
2021-04-28,52.5065799059652,Afluente (m3/seg)_daily_avg
2021-04-29,63.0303717851905,Afluente (m3/seg)_daily_avg
2021-04-30,48.1388336258496,Afluente (m3/seg)_daily_avg
2021-05-01,33.1648440994764,Afluente (m3/seg)_daily_avg
2021-05-02,42.9713241590106,Afluente (m3/seg)_daily_avg
2021-05-03,64.2371194282611,Afluente (m3/seg)_daily_avg
2021-05-04,98.1666021117535,Afluente (m3/seg)_daily_avg
2021-05-05,64.6547248246659,Afluente (m3/seg)_daily_avg
2021-05-06,47.6007163488218,Afluente (m3/seg)_daily_avg
2021-05-07,83.1848785102995,Afluente (m3/seg)_daily_avg
2021-05-08,30.9529718643251,Afluente (m3/seg)_daily_avg
2021-05-09,61.8666971266431,Afluente (m3/seg)_daily_avg
2021-05-10,56.9897803875531,Afluente (m3/seg)_daily_avg
2021-05-11,48.9958172981936,Afluente (m3/seg)_daily_avg
2021-05-12,110.461215453173,Afluente (m3/seg)_daily_avg
2021-05-13,49.4328276812531,Afluente (m3/seg)_daily_avg
2021-05-14,61.9962683385637,Afluente (m3/seg)_daily_avg
2021-05-15,70.1284527265115,Afluente (m3/seg)_daily_avg
2021-05-16,398.8910497179959,Afluente (m3/seg)_daily_avg
2021-05-17,294.509999537478,Afluente (m3/seg)_daily_avg
2021-05-18,166.072332723537,Afluente (m3/seg)_daily_avg
2021-05-19,99.8217171975672,Afluente (m3/seg)_daily_avg
2021-05-20,109.394542408108,Afluente (m3/seg)_daily_avg
2021-05-21,99.914197635717,Afluente (m3/seg)_daily_avg
2021-05-22,93.7434184966902,Afluente (m3/seg)_daily_avg
2021-05-23,83.0019284991445,Afluente (m3/seg)_daily_avg
2021-05-24,157.038054391547,Afluente (m3/seg)_daily_avg
2021-05-25,132.975865432389,Afluente (m3/seg)_daily_avg
2021-05-26,110.888278778146,Afluente (m3/seg)_daily_avg
2021-05-27,97.9654475676497,Afluente (m3/seg)_daily_avg
2021-05-28,97.3755627010462,Afluente (m3/seg)_daily_avg
2021-05-29,63.43825224760611,Afluente (m3/seg)_daily_avg
2021-05-30,66.0005673483204,Afluente (m3/seg)_daily_avg
2021-05-31,85.5885483686341,Afluente (m3/seg)_daily_avg
2021-06-01,28.8426076430783,Afluente (m3/seg)_daily_avg
2021-06-02,68.6308313160693,Afluente (m3/seg)_daily_avg
2021-06-03,68.4330920187656,Afluente (m3/seg)_daily_avg
2021-06-04,73.9666341763688,Afluente (m3/seg)_daily_avg
2021-06-05,65.5316770529055,Afluente (m3/seg)_daily_avg
2021-06-06,71.6015222392995,Afluente (m3/seg)_daily_avg
2021-06-07,81.0231945526138,Afluente (m3/seg)_daily_avg
2021-06-08,85.444739117726,Afluente (m3/seg)_daily_avg
2021-06-09,76.1569340444787,Afluente (m3/seg)_daily_avg
2021-06-10,97.9786877879293,Afluente (m3/seg)_daily_avg
2021-06-11,73.696343775108,Afluente (m3/seg)_daily_avg
2021-06-12,68.4222361739548,Afluente (m3/seg)_daily_avg
2021-06-13,66.4976959726024,Afluente (m3/seg)_daily_avg
2021-06-14,72.8292883142753,Afluente (m3/seg)_daily_avg
2021-06-15,69.4647206779175,Afluente (m3/seg)_daily_avg
2021-06-16,113.766911572147,Afluente (m3/seg)_daily_avg
2021-06-17,53.4945489428755,Afluente (m3/seg)_daily_avg
2021-06-18,69.6841705166005,Afluente (m3/seg)_daily_avg
2021-06-19,37.5902401357079,Afluente (m3/seg)_daily_avg
2021-06-20,58.8988229479914,Afluente (m3/seg)_daily_avg
2021-06-21,120.211594200935,Afluente (m3/seg)_daily_avg
2021-06-22,45.5863584089257,Afluente (m3/seg)_daily_avg
2021-06-23,71.6609397079118,Afluente (m3/seg)_daily_avg
2021-06-24,60.7388803580813,Afluente (m3/seg)_daily_avg
2021-06-25,54.6893323025128,Afluente (m3/seg)_daily_avg
2021-06-26,26.7526163643803,Afluente (m3/seg)_daily_avg
2021-06-27,45.1498853013406,Afluente (m3/seg)_daily_avg
2021-06-28,51.3815761992437,Afluente (m3/seg)_daily_avg
2021-06-29,73.80413451727,Afluente (m3/seg)_daily_avg
2021-06-30,63.08710491263981,Afluente (m3/seg)_daily_avg
2021-07-01,71.5462130367143,Afluente (m3/seg)_daily_avg
2021-07-02,20.0296072507458,Afluente (m3/seg)_daily_avg
2021-07-03,90.232680896424,Afluente (m3/seg)_daily_avg
2021-07-04,60.5574556454522,Afluente (m3/seg)_daily_avg
2021-07-05,58.89822505972889,Afluente (m3/seg)_daily_avg
2021-07-06,58.31086435934549,Afluente (m3/seg)_daily_avg
2021-07-07,34.9543779245656,Afluente (m3/seg)_daily_avg
2021-07-08,42.3550750564188,Afluente (m3/seg)_daily_avg
2021-07-09,77.1278925668356,Afluente (m3/seg)_daily_avg
2021-07-10,39.4764751572002,Afluente (m3/seg)_daily_avg
2021-07-11,67.8953649248864,Afluente (m3/seg)_daily_avg
2021-07-12,51.8062606111096,Afluente (m3/seg)_daily_avg
2021-07-13,57.3381993055591,Afluente (m3/seg)_daily_avg
2021-07-14,79.3232365259412,Afluente (m3/seg)_daily_avg
2021-07-15,48.41014,Afluente (m3/seg)_daily_avg
2021-07-16,38.018650888288,Afluente (m3/seg)_daily_avg
2021-07-17,54.1965407736161,Afluente (m3/seg)_daily_avg
2021-07-18,44.5145058413393,Afluente (m3/seg)_daily_avg
2021-07-19,55.3402165604081,Afluente (m3/seg)_daily_avg
2021-07-20,60.639575204688,Afluente (m3/seg)_daily_avg
2021-07-21,34.8509196606026,Afluente (m3/seg)_daily_avg
2021-07-22,65.721569614634,Afluente (m3/seg)_daily_avg
2021-07-23,58.2023080987264,Afluente (m3/seg)_daily_avg
2021-07-24,60.8321990149242,Afluente (m3/seg)_daily_avg
2021-07-25,42.3284434214598,Afluente (m3/seg)_daily_avg
2021-07-26,40.0708127254771,Afluente (m3/seg)_daily_avg
2021-07-27,33.6935239188987,Afluente (m3/seg)_daily_avg
2021-07-28,59.46963600972191,Afluente (m3/seg)_daily_avg
2021-07-29,33.7508946933707,Afluente (m3/seg)_daily_avg
2021-07-30,55.0339556167122,Afluente (m3/seg)_daily_avg
2021-07-31,103.26460229052,Afluente (m3/seg)_daily_avg
2021-08-01,208.721054890656,Afluente (m3/seg)_daily_avg
2021-08-02,677.115222597926,Afluente (m3/seg)_daily_avg
2021-08-03,473.765543693048,Afluente (m3/seg)_daily_avg
2021-08-04,239.674685462502,Afluente (m3/seg)_daily_avg
2021-08-05,368.302516994879,Afluente (m3/seg)_daily_avg
2021-08-06,350.1183647947781,Afluente (m3/seg)_daily_avg
2021-08-07,222.823758879064,Afluente (m3/seg)_daily_avg
2021-08-08,171.74843348416,Afluente (m3/seg)_daily_avg
2021-08-09,151.714847921344,Afluente (m3/seg)_daily_avg
2021-08-10,127.094915423069,Afluente (m3/seg)_daily_avg
2021-08-11,98.1520681978934,Afluente (m3/seg)_daily_avg
2021-08-12,116.999664747397,Afluente (m3/seg)_daily_avg
2021-08-13,123.82570943583,Afluente (m3/seg)_daily_avg
2021-08-14,142.787500910457,Afluente (m3/seg)_daily_avg
2021-08-15,134.58940769639,Afluente (m3/seg)_daily_avg
2021-08-16,122.961115724791,Afluente (m3/seg)_daily_avg
2021-08-17,130.925714278024,Afluente (m3/seg)_daily_avg
2021-08-18,121.487078071417,Afluente (m3/seg)_daily_avg
2021-08-19,129.899380266875,Afluente (m3/seg)_daily_avg
2021-08-20,118.179636921852,Afluente (m3/seg)_daily_avg
2021-08-21,125.271668307001,Afluente (m3/seg)_daily_avg
2021-08-22,84.234645795367,Afluente (m3/seg)_daily_avg
2021-08-23,88.3591658750059,Afluente (m3/seg)_daily_avg
2021-08-24,117.466821622451,Afluente (m3/seg)_daily_avg
2021-08-25,75.3859355314675,Afluente (m3/seg)_daily_avg
2021-08-26,137.512835607905,Afluente (m3/seg)_daily_avg
2021-08-27,179.81532370498,Afluente (m3/seg)_daily_avg
2021-08-28,147.90204911352,Afluente (m3/seg)_daily_avg
2021-08-29,161.978771431469,Afluente (m3/seg)_daily_avg
2021-08-30,105.80202261731,Afluente (m3/seg)_daily_avg
2021-08-31,159.26296029154,Afluente (m3/seg)_daily_avg
2021-09-01,151.147175506958,Afluente (m3/seg)_daily_avg
2021-09-02,160.981353461113,Afluente (m3/seg)_daily_avg
2021-09-03,142.737104107979,Afluente (m3/seg)_daily_avg
2021-09-04,136.792902864457,Afluente (m3/seg)_daily_avg
2021-09-05,137.891426086166,Afluente (m3/seg)_daily_avg
2021-09-06,153.124848588877,Afluente (m3/seg)_daily_avg
2021-09-07,167.833595466779,Afluente (m3/seg)_daily_avg
2021-09-08,164.358906186124,Afluente (m3/seg)_daily_avg
2021-09-09,182.764176964568,Afluente (m3/seg)_daily_avg
2021-09-10,176.178072144444,Afluente (m3/seg)_daily_avg
2021-09-11,158.316693687604,Afluente (m3/seg)_daily_avg
2021-09-12,153.284081171781,Afluente (m3/seg)_daily_avg
2021-09-13,155.037123511834,Afluente (m3/seg)_daily_avg
2021-09-14,181.747034674575,Afluente (m3/seg)_daily_avg
2021-09-15,160.608499549244,Afluente (m3/seg)_daily_avg
2021-09-16,147.261630012039,Afluente (m3/seg)_daily_avg
2021-09-17,156.775941339724,Afluente (m3/seg)_daily_avg
2021-09-18,134.240823781819,Afluente (m3/seg)_daily_avg
2021-09-19,162.150557611546,Afluente (m3/seg)_daily_avg
2021-09-20,134.845178707064,Afluente (m3/seg)_daily_avg
2021-09-21,147.865737400387,Afluente (m3/seg)_daily_avg
2021-09-22,163.328749878923,Afluente (m3/seg)_daily_avg
2021-09-23,160.594790265687,Afluente (m3/seg)_daily_avg
2021-09-24,201.883399497024,Afluente (m3/seg)_daily_avg
2021-09-25,209.34643525729,Afluente (m3/seg)_daily_avg
2021-09-26,202.421865556186,Afluente (m3/seg)_daily_avg
2021-09-27,210.776571643738,Afluente (m3/seg)_daily_avg
2021-09-28,190.324345445159,Afluente (m3/seg)_daily_avg
2021-09-29,151.005301778352,Afluente (m3/seg)_daily_avg
2021-09-30,138.912405596273,Afluente (m3/seg)_daily_avg
2021-10-01,135.052404950606,Afluente (m3/seg)_daily_avg
2021-10-02,153.71923278091,Afluente (m3/seg)_daily_avg
2021-10-03,161.89650319703,Afluente (m3/seg)_daily_avg
2021-10-04,190.056527450377,Afluente (m3/seg)_daily_avg
2021-10-05,224.606386833843,Afluente (m3/seg)_daily_avg
2021-10-06,172.945669591544,Afluente (m3/seg)_daily_avg
2021-10-07,157.060397644081,Afluente (m3/seg)_daily_avg
2021-10-08,176.90475061666,Afluente (m3/seg)_daily_avg
2021-10-09,187.64466097809,Afluente (m3/seg)_daily_avg
2021-10-10,195.084158491033,Afluente (m3/seg)_daily_avg
2021-10-11,217.264109089763,Afluente (m3/seg)_daily_avg
2021-10-12,236.896693966088,Afluente (m3/seg)_daily_avg
2021-10-13,223.798521533154,Afluente (m3/seg)_daily_avg
2021-10-14,216.088825506974,Afluente (m3/seg)_daily_avg
2021-10-15,209.259112437453,Afluente (m3/seg)_daily_avg
2021-10-16,214.562057333447,Afluente (m3/seg)_daily_avg
2021-10-17,196.294534639661,Afluente (m3/seg)_daily_avg
2021-10-18,195.73508184578,Afluente (m3/seg)_daily_avg
2021-10-19,172.833458817315,Afluente (m3/seg)_daily_avg
2021-10-20,154.094614230612,Afluente (m3/seg)_daily_avg
2021-10-21,153.941089198556,Afluente (m3/seg)_daily_avg
2021-10-22,161.689714349796,Afluente (m3/seg)_daily_avg
2021-10-23,146.719877575896,Afluente (m3/seg)_daily_avg
2021-10-24,148.543724061991,Afluente (m3/seg)_daily_avg
2021-10-25,156.143889948946,Afluente (m3/seg)_daily_avg
2021-10-26,145.017295303377,Afluente (m3/seg)_daily_avg
2021-10-27,127.579794336782,Afluente (m3/seg)_daily_avg
2021-10-28,117.955671746746,Afluente (m3/seg)_daily_avg
2021-10-29,139.567549914148,Afluente (m3/seg)_daily_avg
2021-10-30,112.857776572376,Afluente (m3/seg)_daily_avg
2021-10-31,104.578741276355,Afluente (m3/seg)_daily_avg
2021-11-01,122.377101775664,Afluente (m3/seg)_daily_avg
2021-11-02,128.273719070339,Afluente (m3/seg)_daily_avg
2021-11-03,100.591419182641,Afluente (m3/seg)_daily_avg
2021-11-04,124.520236427528,Afluente (m3/seg)_daily_avg
2021-11-05,124.188787895378,Afluente (m3/seg)_daily_avg
2021-11-06,113.141057105919,Afluente (m3/seg)_daily_avg
2021-11-07,79.3413663947047,Afluente (m3/seg)_daily_avg
2021-11-08,114.584338454817,Afluente (m3/seg)_daily_avg
2021-11-09,96.2087089088414,Afluente (m3/seg)_daily_avg
2021-11-10,100.945435625879,Afluente (m3/seg)_daily_avg
2021-11-11,83.5554199074824,Afluente (m3/seg)_daily_avg
2021-11-12,96.0120067385057,Afluente (m3/seg)_daily_avg
2021-11-13,90.8843691319272,Afluente (m3/seg)_daily_avg
2021-11-14,68.5610636710718,Afluente (m3/seg)_daily_avg
2021-11-15,84.660363100836,Afluente (m3/seg)_daily_avg
2021-11-16,81.5679331736673,Afluente (m3/seg)_daily_avg
2021-11-17,64.4099548644788,Afluente (m3/seg)_daily_avg
2021-11-18,74.539297388682,Afluente (m3/seg)_daily_avg
2021-11-19,75.3950737870376,Afluente (m3/seg)_daily_avg
2021-11-20,62.5252101071986,Afluente (m3/seg)_daily_avg
2021-11-21,70.1074982732127,Afluente (m3/seg)_daily_avg
2021-11-22,77.6582308387457,Afluente (m3/seg)_daily_avg
2021-11-23,67.8452409598411,Afluente (m3/seg)_daily_avg
2021-11-24,78.7058753931894,Afluente (m3/seg)_daily_avg
2021-11-25,48.3147831051538,Afluente (m3/seg)_daily_avg
2021-11-26,77.0083549477749,Afluente (m3/seg)_daily_avg
2021-11-27,62.6049240006143,Afluente (m3/seg)_daily_avg
2021-11-28,54.55625230632,Afluente (m3/seg)_daily_avg
2021-11-29,61.5102210657739,Afluente (m3/seg)_daily_avg
2021-11-30,38.8605001583039,Afluente (m3/seg)_daily_avg
2021-12-01,57.4608974022481,Afluente (m3/seg)_daily_avg
2021-12-02,66.1743132838039,Afluente (m3/seg)_daily_avg
2021-12-03,52.6806411010136,Afluente (m3/seg)_daily_avg
2021-12-04,31.5715796494349,Afluente (m3/seg)_daily_avg
2021-12-05,57.1058117663633,Afluente (m3/seg)_daily_avg
2021-12-06,38.8924301421734,Afluente (m3/seg)_daily_avg
2021-12-07,45.0339672539815,Afluente (m3/seg)_daily_avg
2021-12-08,55.907382527869,Afluente (m3/seg)_daily_avg
2021-12-09,65.2939601330732,Afluente (m3/seg)_daily_avg
2021-12-10,45.649904084334,Afluente (m3/seg)_daily_avg
2021-12-11,41.151021174785,Afluente (m3/seg)_daily_avg
2021-12-12,34.0356353153862,Afluente (m3/seg)_daily_avg
2021-12-13,34.3797812644941,Afluente (m3/seg)_daily_avg
2021-12-14,51.4407668870292,Afluente (m3/seg)_daily_avg
2021-12-15,40.6697860710112,Afluente (m3/seg)_daily_avg
2021-12-16,37.9417390700259,Afluente (m3/seg)_daily_avg
2021-12-17,54.0683967709041,Afluente (m3/seg)_daily_avg
2021-12-18,38.6877500000396,Afluente (m3/seg)_daily_avg
2021-12-19,43.6354793829567,Afluente (m3/seg)_daily_avg
2021-12-20,26.4952795753587,Afluente (m3/seg)_daily_avg
2021-12-21,48.8407428871563,Afluente (m3/seg)_daily_avg
2021-12-22,57.6099932654122,Afluente (m3/seg)_daily_avg
2021-12-23,22.0086816625322,Afluente (m3/seg)_daily_avg
2021-12-24,44.2819799466673,Afluente (m3/seg)_daily_avg
2021-12-25,53.0934328554628,Afluente (m3/seg)_daily_avg
2021-12-26,26.4339551908493,Afluente (m3/seg)_daily_avg
2021-12-27,48.8442841226181,Afluente (m3/seg)_daily_avg
2021-12-28,42.4935104916006,Afluente (m3/seg)_daily_avg
2021-12-29,38.8723587130357,Afluente (m3/seg)_daily_avg
2021-12-30,32.9246662182017,Afluente (m3/seg)_daily_avg
2021-12-31,46.4823951239503,Afluente (m3/seg)_daily_avg
2022-01-01,38.0302602023589,Afluente (m3/seg)_daily_avg
2022-01-02,45.0127956725143,Afluente (m3/seg)_daily_avg
2022-01-03,30.741530626634,Afluente (m3/seg)_daily_avg
2022-01-04,38.5642864894953,Afluente (m3/seg)_daily_avg
2022-01-05,38.3102970761719,Afluente (m3/seg)_daily_avg
2022-01-06,17.5457870393474,Afluente (m3/seg)_daily_avg
2022-01-07,45.8838565640169,Afluente (m3/seg)_daily_avg
2022-01-08,40.6817013168992,Afluente (m3/seg)_daily_avg
2022-01-09,34.390583169854,Afluente (m3/seg)_daily_avg
2022-01-10,40.7822640313114,Afluente (m3/seg)_daily_avg
2022-01-11,25.1260951272156,Afluente (m3/seg)_daily_avg
2022-01-12,33.4301397268779,Afluente (m3/seg)_daily_avg
2022-01-13,44.4547435195934,Afluente (m3/seg)_daily_avg
2022-01-14,36.5596555720393,Afluente (m3/seg)_daily_avg
2022-01-15,37.3739248719071,Afluente (m3/seg)_daily_avg
2022-01-16,27.4665719396785,Afluente (m3/seg)_daily_avg
2022-01-17,36.4729290946764,Afluente (m3/seg)_daily_avg
2022-01-18,35.6987728667704,Afluente (m3/seg)_daily_avg
2022-01-19,30.3004564614836,Afluente (m3/seg)_daily_avg
2022-01-20,34.4530023867384,Afluente (m3/seg)_daily_avg
2022-01-21,37.8981171419371,Afluente (m3/seg)_daily_avg
2022-01-22,38.90871717432,Afluente (m3/seg)_daily_avg
2022-01-23,38.9523250845746,Afluente (m3/seg)_daily_avg
2022-01-24,25.7282505713476,Afluente (m3/seg)_daily_avg
2022-01-25,38.2781133703783,Afluente (m3/seg)_daily_avg
2022-01-26,23.4116549747638,Afluente (m3/seg)_daily_avg
2022-01-27,31.4245115512183,Afluente (m3/seg)_daily_avg
2022-01-28,40.7559454004036,Afluente (m3/seg)_daily_avg
2022-01-29,32.6668080710596,Afluente (m3/seg)_daily_avg
2022-01-30,32.8600083713427,Afluente (m3/seg)_daily_avg
2022-01-31,38.684157051155,Afluente (m3/seg)_daily_avg
2022-02-01,27.4289698707238,Afluente (m3/seg)_daily_avg
2022-02-02,36.5906111612026,Afluente (m3/seg)_daily_avg
2022-02-03,32.3646053442738,Afluente (m3/seg)_daily_avg
2022-02-04,41.6818110832081,Afluente (m3/seg)_daily_avg
2022-02-05,29.2581417569358,Afluente (m3/seg)_daily_avg
2022-02-06,21.9226453281928,Afluente (m3/seg)_daily_avg
2022-02-07,39.3706573276144,Afluente (m3/seg)_daily_avg
2022-02-08,30.9120820166841,Afluente (m3/seg)_daily_avg
2022-02-09,43.7657980309181,Afluente (m3/seg)_daily_avg
2022-02-10,41.7094184622335,Afluente (m3/seg)_daily_avg
2022-02-11,50.5030635512631,Afluente (m3/seg)_daily_avg
2022-02-12,0.0,Afluente (m3/seg)_daily_avg
2022-02-13,31.4239556833404,Afluente (m3/seg)_daily_avg
2022-02-14,9.01715266376331,Afluente (m3/seg)_daily_avg
2022-02-15,25.9967706369422,Afluente (m3/seg)_daily_avg
2022-02-16,48.2883396049427,Afluente (m3/seg)_daily_avg
2022-02-17,32.9210240265382,Afluente (m3/seg)_daily_avg
2022-02-18,33.4217599041432,Afluente (m3/seg)_daily_avg
2022-02-19,31.6177719902762,Afluente (m3/seg)_daily_avg
2022-02-20,45.513860824932,Afluente (m3/seg)_daily_avg
2022-02-21,30.1156523994317,Afluente (m3/seg)_daily_avg
2022-02-22,24.7226764729218,Afluente (m3/seg)_daily_avg
2022-02-23,36.0465612631657,Afluente (m3/seg)_daily_avg
2022-02-24,38.0744379272358,Afluente (m3/seg)_daily_avg
2022-02-25,33.414907236761,Afluente (m3/seg)_daily_avg
2022-02-26,21.9635924271927,Afluente (m3/seg)_daily_avg
2022-02-27,22.9691974730901,Afluente (m3/seg)_daily_avg
2022-02-28,38.1440057309525,Afluente (m3/seg)_daily_avg
2022-03-01,20.5063276646639,Afluente (m3/seg)_daily_avg
2022-03-02,36.4202629967961,Afluente (m3/seg)_daily_avg
2022-03-03,34.6566672555597,Afluente (m3/seg)_daily_avg
2022-03-04,32.9984436118006,Afluente (m3/seg)_daily_avg
2022-03-05,40.6639049670443,Afluente (m3/seg)_daily_avg
2022-03-06,24.5845595127143,Afluente (m3/seg)_daily_avg
2022-03-07,27.6905401666514,Afluente (m3/seg)_daily_avg
2022-03-08,40.0957379666602,Afluente (m3/seg)_daily_avg
2022-03-09,28.8871550193948,Afluente (m3/seg)_daily_avg
2022-03-10,38.8136104236201,Afluente (m3/seg)_daily_avg
2022-03-11,29.1320381782216,Afluente (m3/seg)_daily_avg
2022-03-12,33.712212948617,Afluente (m3/seg)_daily_avg
2022-03-13,25.8532491255034,Afluente (m3/seg)_daily_avg
2022-03-14,38.3755999634484,Afluente (m3/seg)_daily_avg
2022-03-15,30.0812283551221,Afluente (m3/seg)_daily_avg
2022-03-16,43.3492474728935,Afluente (m3/seg)_daily_avg
2022-03-17,48.4228885296529,Afluente (m3/seg)_daily_avg
2022-03-18,32.1794509691097,Afluente (m3/seg)_daily_avg
2022-03-19,15.7569186678502,Afluente (m3/seg)_daily_avg
2022-03-20,14.5922639870505,Afluente (m3/seg)_daily_avg
2022-03-21,38.4831623532797,Afluente (m3/seg)_daily_avg
2022-03-22,33.3880389306377,Afluente (m3/seg)_daily_avg
2022-03-23,23.726979696455,Afluente (m3/seg)_daily_avg
2022-03-24,33.1242753918467,Afluente (m3/seg)_daily_avg
2022-03-25,26.7007108198705,Afluente (m3/seg)_daily_avg
2022-03-26,47.8648316324172,Afluente (m3/seg)_daily_avg
2022-03-27,32.3682259878276,Afluente (m3/seg)_daily_avg
2022-03-28,0.0,Afluente (m3/seg)_daily_avg
2022-03-29,27.2218987260885,Afluente (m3/seg)_daily_avg
2022-03-30,46.6528623372258,Afluente (m3/seg)_daily_avg
2022-03-31,38.3022891110795,Afluente (m3/seg)_daily_avg
2022-04-01,6.49306910176475,Afluente (m3/seg)_daily_avg
2022-04-02,27.7059354266117,Afluente (m3/seg)_daily_avg
2022-04-03,28.1559159174882,Afluente (m3/seg)_daily_avg
2022-04-04,41.2858334296322,Afluente (m3/seg)_daily_avg
2022-04-05,93.1495066110081,Afluente (m3/seg)_daily_avg
2022-04-06,74.3534055200853,Afluente (m3/seg)_daily_avg
2022-04-07,209.051517011077,Afluente (m3/seg)_daily_avg
2022-04-08,251.018001518173,Afluente (m3/seg)_daily_avg
2022-04-09,172.022791367584,Afluente (m3/seg)_daily_avg
2022-04-10,77.2535805432415,Afluente (m3/seg)_daily_avg
2022-04-11,91.4510484733552,Afluente (m3/seg)_daily_avg
2022-04-12,104.8595914788,Afluente (m3/seg)_daily_avg
2022-04-13,87.2127097567825,Afluente (m3/seg)_daily_avg
2022-04-14,66.2978047262493,Afluente (m3/seg)_daily_avg
2022-04-15,56.7055181390055,Afluente (m3/seg)_daily_avg
2022-04-16,65.5179035999758,Afluente (m3/seg)_daily_avg
2022-04-17,68.6503358882246,Afluente (m3/seg)_daily_avg
2022-04-18,63.52973404698529,Afluente (m3/seg)_daily_avg
2022-04-19,52.9414420350409,Afluente (m3/seg)_daily_avg
2022-04-20,55.3862194705034,Afluente (m3/seg)_daily_avg
2022-04-21,77.7384408644683,Afluente (m3/seg)_daily_avg
2022-04-22,66.1231027818991,Afluente (m3/seg)_daily_avg
2022-04-23,45.2956398501363,Afluente (m3/seg)_daily_avg
2022-04-24,52.9825656597346,Afluente (m3/seg)_daily_avg
2022-04-25,76.3349566985232,Afluente (m3/seg)_daily_avg
2022-04-26,45.9265604452332,Afluente (m3/seg)_daily_avg
2022-04-27,45.8807760536827,Afluente (m3/seg)_daily_avg
2022-04-28,43.7709236801556,Afluente (m3/seg)_daily_avg
2022-04-29,50.3718327092378,Afluente (m3/seg)_daily_avg
2022-04-30,55.2611910134832,Afluente (m3/seg)_daily_avg
2022-05-01,47.3137462425722,Afluente (m3/seg)_daily_avg
2022-05-02,118.345482073086,Afluente (m3/seg)_daily_avg
2022-05-03,93.0020413483631,Afluente (m3/seg)_daily_avg
2022-05-04,68.0030099100152,Afluente (m3/seg)_daily_avg
2022-05-05,350.985187047535,Afluente (m3/seg)_daily_avg
2022-05-06,408.545064628798,Afluente (m3/seg)_daily_avg
2022-05-07,253.868226982408,Afluente (m3/seg)_daily_avg
2022-05-08,174.886106532293,Afluente (m3/seg)_daily_avg
2022-05-09,125.060379767372,Afluente (m3/seg)_daily_avg
2022-05-10,98.271427972446,Afluente (m3/seg)_daily_avg
2022-05-11,114.645089882196,Afluente (m3/seg)_daily_avg
2022-05-12,94.1148904282184,Afluente (m3/seg)_daily_avg
2022-05-13,65.8659082598248,Afluente (m3/seg)_daily_avg
2022-05-14,90.8301191592329,Afluente (m3/seg)_daily_avg
2022-05-15,82.3297908833565,Afluente (m3/seg)_daily_avg
2022-05-16,146.844431110658,Afluente (m3/seg)_daily_avg
2022-05-17,215.244965898864,Afluente (m3/seg)_daily_avg
2022-05-18,172.089046242879,Afluente (m3/seg)_daily_avg
2022-05-19,114.702423707274,Afluente (m3/seg)_daily_avg
2022-05-20,112.035573917638,Afluente (m3/seg)_daily_avg
2022-05-21,103.284731778575,Afluente (m3/seg)_daily_avg
2022-05-22,102.441260910794,Afluente (m3/seg)_daily_avg
2022-05-23,95.7615011869556,Afluente (m3/seg)_daily_avg
2022-05-24,91.7438010647122,Afluente (m3/seg)_daily_avg
2022-05-25,111.06637642926,Afluente (m3/seg)_daily_avg
2022-05-26,72.9987745907989,Afluente (m3/seg)_daily_avg
2022-05-27,86.7669460542145,Afluente (m3/seg)_daily_avg
2022-05-28,85.5427606059513,Afluente (m3/seg)_daily_avg
2022-05-29,84.4999206948871,Afluente (m3/seg)_daily_avg
2022-05-30,65.5301127021134,Afluente (m3/seg)_daily_avg
2022-05-31,78.0144456609486,Afluente (m3/seg)_daily_avg
2022-06-01,76.9763532558302,Afluente (m3/seg)_daily_avg
2022-06-02,77.9233533168074,Afluente (m3/seg)_daily_avg
2022-06-03,68.3580588179998,Afluente (m3/seg)_daily_avg
2022-06-04,67.9524165158529,Afluente (m3/seg)_daily_avg
2022-06-05,100.75891641835,Afluente (m3/seg)_daily_avg
2022-06-06,113.10999748297,Afluente (m3/seg)_daily_avg
2022-06-07,88.3715211704263,Afluente (m3/seg)_daily_avg
2022-06-08,79.6919439752704,Afluente (m3/seg)_daily_avg
2022-06-09,91.9676843377917,Afluente (m3/seg)_daily_avg
2022-06-10,73.6559022583244,Afluente (m3/seg)_daily_avg
2022-06-11,112.267584925782,Afluente (m3/seg)_daily_avg
2022-06-12,120.226482634842,Afluente (m3/seg)_daily_avg
2022-06-13,145.655183787876,Afluente (m3/seg)_daily_avg
2022-06-14,140.893151331167,Afluente (m3/seg)_daily_avg
2022-06-15,111.782550600984,Afluente (m3/seg)_daily_avg
2022-06-16,99.180358753388,Afluente (m3/seg)_daily_avg
2022-06-17,107.222478002451,Afluente (m3/seg)_daily_avg
2022-06-18,123.417517780712,Afluente (m3/seg)_daily_avg
2022-06-19,104.751997187535,Afluente (m3/seg)_daily_avg
2022-06-20,81.146663986896,Afluente (m3/seg)_daily_avg
2022-06-21,159.369509457439,Afluente (m3/seg)_daily_avg
2022-06-22,154.659895686469,Afluente (m3/seg)_daily_avg
2022-06-23,155.613613396634,Afluente (m3/seg)_daily_avg
2022-06-24,100.810838712921,Afluente (m3/seg)_daily_avg
2022-06-25,123.032593256855,Afluente (m3/seg)_daily_avg
2022-06-26,179.032607787124,Afluente (m3/seg)_daily_avg
2022-06-27,124.332241454439,Afluente (m3/seg)_daily_avg
2022-06-28,143.112970685506,Afluente (m3/seg)_daily_avg
2022-06-29,169.504087051812,Afluente (m3/seg)_daily_avg
2022-06-30,112.484221519412,Afluente (m3/seg)_daily_avg
2022-07-01,129.853011501408,Afluente (m3/seg)_daily_avg
2022-07-02,131.207931294124,Afluente (m3/seg)_daily_avg
2022-07-03,111.27790037357,Afluente (m3/seg)_daily_avg
2022-07-04,139.071783913064,Afluente (m3/seg)_daily_avg
2022-07-05,130.193898977759,Afluente (m3/seg)_daily_avg
2022-07-06,132.418750848447,Afluente (m3/seg)_daily_avg
2022-07-07,135.1653043272,Afluente (m3/seg)_daily_avg
2022-07-08,128.653762663294,Afluente (m3/seg)_daily_avg
2022-07-09,140.457854155689,Afluente (m3/seg)_daily_avg
2022-07-10,118.849288018501,Afluente (m3/seg)_daily_avg
2022-07-11,99.7605124321066,Afluente (m3/seg)_daily_avg
2022-07-12,116.898319956129,Afluente (m3/seg)_daily_avg
2022-07-13,126.2499678605,Afluente (m3/seg)_daily_avg
2022-07-14,111.886734679732,Afluente (m3/seg)_daily_avg
2022-07-15,105.271141653531,Afluente (m3/seg)_daily_avg
2022-07-16,115.409477397203,Afluente (m3/seg)_daily_avg
2022-07-17,117.259546317127,Afluente (m3/seg)_daily_avg
2022-07-18,106.551413999011,Afluente (m3/seg)_daily_avg
2022-07-19,162.001606543618,Afluente (m3/seg)_daily_avg
2022-07-20,156.112839830751,Afluente (m3/seg)_daily_avg
2022-07-21,114.750189926406,Afluente (m3/seg)_daily_avg
2022-07-22,105.636171299975,Afluente (m3/seg)_daily_avg
2022-07-23,106.444457313589,Afluente (m3/seg)_daily_avg
2022-07-24,106.745000030818,Afluente (m3/seg)_daily_avg
2022-07-25,120.766901981181,Afluente (m3/seg)_daily_avg
2022-07-26,101.956057232787,Afluente (m3/seg)_daily_avg
2022-07-27,144.304362891341,Afluente (m3/seg)_daily_avg
2022-07-28,143.549391783216,Afluente (m3/seg)_daily_avg
2022-07-29,190.92298841299,Afluente (m3/seg)_daily_avg
2022-07-30,220.741187546717,Afluente (m3/seg)_daily_avg
2022-07-31,146.674382789492,Afluente (m3/seg)_daily_avg
2022-08-01,147.563807330816,Afluente (m3/seg)_daily_avg
2022-08-02,143.735132506418,Afluente (m3/seg)_daily_avg
2022-08-03,124.817937921237,Afluente (m3/seg)_daily_avg
2022-08-04,162.594715744297,Afluente (m3/seg)_daily_avg
2022-08-05,151.364164404225,Afluente (m3/seg)_daily_avg
2022-08-06,141.970924288524,Afluente (m3/seg)_daily_avg
2022-08-07,125.464368446475,Afluente (m3/seg)_daily_avg
2022-08-08,140.566088305813,Afluente (m3/seg)_daily_avg
2022-08-09,150.90027687413,Afluente (m3/seg)_daily_avg
2022-08-10,127.116399530566,Afluente (m3/seg)_daily_avg
2022-08-11,127.731621033671,Afluente (m3/seg)_daily_avg
2022-08-12,151.044068447932,Afluente (m3/seg)_daily_avg
2022-08-13,144.083383534026,Afluente (m3/seg)_daily_avg
2022-08-14,157.512502002593,Afluente (m3/seg)_daily_avg
2022-08-15,144.59303003579,Afluente (m3/seg)_daily_avg
2022-08-16,138.608791002896,Afluente (m3/seg)_daily_avg
2022-08-17,163.049349071838,Afluente (m3/seg)_daily_avg
2022-08-18,153.58092368063,Afluente (m3/seg)_daily_avg
2022-08-19,156.78009115514,Afluente (m3/seg)_daily_avg
2022-08-20,191.706146110797,Afluente (m3/seg)_daily_avg
2022-08-21,157.026133214473,Afluente (m3/seg)_daily_avg
2022-08-22,132.683848236484,Afluente (m3/seg)_daily_avg
2022-08-23,137.399058701668,Afluente (m3/seg)_daily_avg
2022-08-24,131.358862972226,Afluente (m3/seg)_daily_avg
2022-08-25,144.146097000147,Afluente (m3/seg)_daily_avg
2022-08-26,112.769739807821,Afluente (m3/seg)_daily_avg
2022-08-27,149.773764581007,Afluente (m3/seg)_daily_avg
2022-08-28,139.676379542043,Afluente (m3/seg)_daily_avg
2022-08-29,146.069100083515,Afluente (m3/seg)_daily_avg
2022-08-30,148.69901696435,Afluente (m3/seg)_daily_avg
2022-08-31,154.561104301321,Afluente (m3/seg)_daily_avg
2022-09-01,140.665007198725,Afluente (m3/seg)_daily_avg
2022-09-02,136.081114137797,Afluente (m3/seg)_daily_avg
2022-09-03,129.098987103319,Afluente (m3/seg)_daily_avg
2022-09-04,123.651798353036,Afluente (m3/seg)_daily_avg
2022-09-05,99.0949582719877,Afluente (m3/seg)_daily_avg
2022-09-06,167.573862865658,Afluente (m3/seg)_daily_avg
2022-09-07,151.871343290385,Afluente (m3/seg)_daily_avg
2022-09-08,145.506716024077,Afluente (m3/seg)_daily_avg
2022-09-09,141.09574413738,Afluente (m3/seg)_daily_avg
2022-09-10,160.290310868733,Afluente (m3/seg)_daily_avg
2022-09-11,183.852086312486,Afluente (m3/seg)_daily_avg
2022-09-12,202.732859453783,Afluente (m3/seg)_daily_avg
2022-09-13,202.317561992931,Afluente (m3/seg)_daily_avg
2022-09-14,209.13889661769,Afluente (m3/seg)_daily_avg
2022-09-15,222.747591996279,Afluente (m3/seg)_daily_avg
2022-09-16,213.273624859191,Afluente (m3/seg)_daily_avg
2022-09-17,178.191086386145,Afluente (m3/seg)_daily_avg
2022-09-18,176.246869939392,Afluente (m3/seg)_daily_avg
2022-09-19,195.827349166642,Afluente (m3/seg)_daily_avg
2022-09-20,234.19340001169,Afluente (m3/seg)_daily_avg
2022-09-21,196.395271375014,Afluente (m3/seg)_daily_avg
2022-09-22,184.485667409142,Afluente (m3/seg)_daily_avg
2022-09-23,175.582528604157,Afluente (m3/seg)_daily_avg
2022-09-24,184.90022450123,Afluente (m3/seg)_daily_avg
2022-09-25,193.477186754079,Afluente (m3/seg)_daily_avg
2022-09-26,203.017299138696,Afluente (m3/seg)_daily_avg
2022-09-27,205.904422758719,Afluente (m3/seg)_daily_avg
2022-09-28,230.915861192567,Afluente (m3/seg)_daily_avg
2022-09-29,228.344084544397,Afluente (m3/seg)_daily_avg
2022-09-30,258.390138908343,Afluente (m3/seg)_daily_avg
2022-10-01,269.505302489398,Afluente (m3/seg)_daily_avg
2022-10-02,239.332404521613,Afluente (m3/seg)_daily_avg
2022-10-03,240.502174937462,Afluente (m3/seg)_daily_avg
2022-10-04,263.846773355107,Afluente (m3/seg)_daily_avg
2022-10-05,275.522294320419,Afluente (m3/seg)_daily_avg
2022-10-06,258.772740130858,Afluente (m3/seg)_daily_avg
2022-10-07,239.604896689353,Afluente (m3/seg)_daily_avg
2022-10-08,284.033180439444,Afluente (m3/seg)_daily_avg
2022-10-09,248.084398312768,Afluente (m3/seg)_daily_avg
2022-10-10,248.751445395716,Afluente (m3/seg)_daily_avg
2022-10-11,253.031785153243,Afluente (m3/seg)_daily_avg
2022-10-12,305.684428935317,Afluente (m3/seg)_daily_avg
2022-10-13,217.645168321293,Afluente (m3/seg)_daily_avg
2022-10-14,202.617559178709,Afluente (m3/seg)_daily_avg
2022-10-15,240.498282753588,Afluente (m3/seg)_daily_avg
2022-10-16,281.573827019646,Afluente (m3/seg)_daily_avg
2022-10-17,312.540678267867,Afluente (m3/seg)_daily_avg
2022-10-18,310.199223429554,Afluente (m3/seg)_daily_avg
2022-10-19,301.331085826724,Afluente (m3/seg)_daily_avg
2022-10-20,291.279836678451,Afluente (m3/seg)_daily_avg
2022-10-21,296.80823937708,Afluente (m3/seg)_daily_avg
2022-10-22,323.766658952776,Afluente (m3/seg)_daily_avg
2022-10-23,284.183527429021,Afluente (m3/seg)_daily_avg
2022-10-24,234.805285263696,Afluente (m3/seg)_daily_avg
2022-10-25,208.269961087464,Afluente (m3/seg)_daily_avg
2022-10-26,185.888726313624,Afluente (m3/seg)_daily_avg
2022-10-27,196.074749285238,Afluente (m3/seg)_daily_avg
2022-10-28,203.388617149063,Afluente (m3/seg)_daily_avg
2022-10-29,246.028511792467,Afluente (m3/seg)_daily_avg
2022-10-30,264.851931711007,Afluente (m3/seg)_daily_avg
2022-10-31,293.3053480033191,Afluente (m3/seg)_daily_avg
2022-11-01,199.775303903623,Afluente (m3/seg)_daily_avg
2022-11-02,235.720808003123,Afluente (m3/seg)_daily_avg
2022-11-03,211.982839361806,Afluente (m3/seg)_daily_avg
2022-11-04,211.885667460466,Afluente (m3/seg)_daily_avg
2022-11-05,203.822430867573,Afluente (m3/seg)_daily_avg
2022-11-06,240.343567442602,Afluente (m3/seg)_daily_avg
2022-11-07,230.267322741285,Afluente (m3/seg)_daily_avg
2022-11-08,249.151164581775,Afluente (m3/seg)_daily_avg
2022-11-09,239.983327613334,Afluente (m3/seg)_daily_avg
2022-11-10,230.698492152399,Afluente (m3/seg)_daily_avg
2022-11-11,206.149809775179,Afluente (m3/seg)_daily_avg
2022-11-12,166.659913579008,Afluente (m3/seg)_daily_avg
2022-11-13,133.500121908975,Afluente (m3/seg)_daily_avg
2022-11-14,154.916503880305,Afluente (m3/seg)_daily_avg
2022-11-15,151.779305344814,Afluente (m3/seg)_daily_avg
2022-11-16,134.190527933049,Afluente (m3/seg)_daily_avg
2022-11-17,137.326010481483,Afluente (m3/seg)_daily_avg
2022-11-18,152.710861240123,Afluente (m3/seg)_daily_avg
2022-11-19,122.943349424238,Afluente (m3/seg)_daily_avg
2022-11-20,128.041200703137,Afluente (m3/seg)_daily_avg
2022-11-21,117.532150840366,Afluente (m3/seg)_daily_avg
2022-11-22,117.356578282827,Afluente (m3/seg)_daily_avg
2022-11-23,113.635395971389,Afluente (m3/seg)_daily_avg
2022-11-24,86.4333221361286,Afluente (m3/seg)_daily_avg
2022-11-25,120.234143979753,Afluente (m3/seg)_daily_avg
2022-11-26,85.1984061858464,Afluente (m3/seg)_daily_avg
2022-11-27,101.21586686025,Afluente (m3/seg)_daily_avg
2022-11-28,103.267969016953,Afluente (m3/seg)_daily_avg
2022-11-29,84.897938022511,Afluente (m3/seg)_daily_avg
2022-11-30,90.0614080332643,Afluente (m3/seg)_daily_avg
2022-12-01,93.9075351519981,Afluente (m3/seg)_daily_avg
2022-12-02,89.4449629779096,Afluente (m3/seg)_daily_avg
2022-12-03,72.3163365819453,Afluente (m3/seg)_daily_avg
2022-12-04,76.0032324231735,Afluente (m3/seg)_daily_avg
2022-12-05,107.950651922787,Afluente (m3/seg)_daily_avg
2022-12-06,82.1455436115123,Afluente (m3/seg)_daily_avg
2022-12-07,65.7236387849396,Afluente (m3/seg)_daily_avg
2022-12-08,55.5471791086042,Afluente (m3/seg)_daily_avg
2022-12-09,98.1580870776492,Afluente (m3/seg)_daily_avg
2022-12-10,74.6284216816882,Afluente (m3/seg)_daily_avg
2022-12-11,52.8662628770543,Afluente (m3/seg)_daily_avg
2022-12-12,64.6205505306098,Afluente (m3/seg)_daily_avg
2022-12-13,65.0488741385032,Afluente (m3/seg)_daily_avg
2022-12-14,87.5689330959332,Afluente (m3/seg)_daily_avg
2022-12-15,79.0290000596879,Afluente (m3/seg)_daily_avg
2022-12-16,77.0722853335126,Afluente (m3/seg)_daily_avg
2022-12-17,63.990848270977,Afluente (m3/seg)_daily_avg
2022-12-18,20.4781937876013,Afluente (m3/seg)_daily_avg
2022-12-19,65.5626456066674,Afluente (m3/seg)_daily_avg
2022-12-20,77.328319919193,Afluente (m3/seg)_daily_avg
2022-12-21,56.3476431053561,Afluente (m3/seg)_daily_avg
2022-12-22,62.2843804594128,Afluente (m3/seg)_daily_avg
2022-12-23,55.9118794612393,Afluente (m3/seg)_daily_avg
2022-12-24,77.0727154540001,Afluente (m3/seg)_daily_avg
2022-12-25,52.9055026566223,Afluente (m3/seg)_daily_avg
2022-12-26,56.0360299325734,Afluente (m3/seg)_daily_avg
2022-12-27,49.7355407659459,Afluente (m3/seg)_daily_avg
2022-12-28,56.469196666801,Afluente (m3/seg)_daily_avg
2022-12-29,53.7533552287652,Afluente (m3/seg)_daily_avg
2022-12-30,55.1689555118773,Afluente (m3/seg)_daily_avg
2022-12-31,60.74097245242091,Afluente (m3/seg)_daily_avg
2023-01-01,56.2118290193677,Afluente (m3/seg)_daily_avg
2023-01-02,62.1789859917076,Afluente (m3/seg)_daily_avg
2023-01-03,44.281427908323,Afluente (m3/seg)_daily_avg
2023-01-04,55.2820436611143,Afluente (m3/seg)_daily_avg
2023-01-05,58.642888332372,Afluente (m3/seg)_daily_avg
2023-01-06,52.1247873155096,Afluente (m3/seg)_daily_avg
2023-01-07,46.1548525087168,Afluente (m3/seg)_daily_avg
2023-01-08,39.7930682571652,Afluente (m3/seg)_daily_avg
2023-01-09,42.6730695190653,Afluente (m3/seg)_daily_avg
2023-01-10,50.0241296511601,Afluente (m3/seg)_daily_avg
2023-01-11,62.780960272858,Afluente (m3/seg)_daily_avg
2023-01-12,36.3740689364037,Afluente (m3/seg)_daily_avg
2023-01-13,41.8533949137074,Afluente (m3/seg)_daily_avg
2023-01-14,57.7930403680134,Afluente (m3/seg)_daily_avg
2023-01-15,44.9170708036827,Afluente (m3/seg)_daily_avg
2023-01-16,29.974494975492,Afluente (m3/seg)_daily_avg
2023-01-17,50.3977543647186,Afluente (m3/seg)_daily_avg
2023-01-18,54.8597212739868,Afluente (m3/seg)_daily_avg
2023-01-19,36.6309164636806,Afluente (m3/seg)_daily_avg
2023-01-20,41.1881480388201,Afluente (m3/seg)_daily_avg
2023-01-21,51.0050880958944,Afluente (m3/seg)_daily_avg
2023-01-22,38.4781442086684,Afluente (m3/seg)_daily_avg
2023-01-23,58.7972811319883,Afluente (m3/seg)_daily_avg
2023-01-24,51.4280418216627,Afluente (m3/seg)_daily_avg
2023-01-25,45.5852648734848,Afluente (m3/seg)_daily_avg
2023-01-26,61.1772262113998,Afluente (m3/seg)_daily_avg
2023-01-27,56.7927258971858,Afluente (m3/seg)_daily_avg
2023-01-28,48.6802022453817,Afluente (m3/seg)_daily_avg
2023-01-29,31.3762290046835,Afluente (m3/seg)_daily_avg
2023-01-30,29.5945867959166,Afluente (m3/seg)_daily_avg
2023-01-31,20.8487337676339,Afluente (m3/seg)_daily_avg
2023-02-01,46.4238151588078,Afluente (m3/seg)_daily_avg
2023-02-02,47.4936790521771,Afluente (m3/seg)_daily_avg
2023-02-03,0.0,Afluente (m3/seg)_daily_avg
2023-02-04,36.1983800388276,Afluente (m3/seg)_daily_avg
2023-02-05,10.9749366394381,Afluente (m3/seg)_daily_avg
2023-02-06,16.9841621394536,Afluente (m3/seg)_daily_avg
2023-02-07,25.5833467492997,Afluente (m3/seg)_daily_avg
2023-02-08,34.5531477732534,Afluente (m3/seg)_daily_avg
2023-02-09,16.8414097466536,Afluente (m3/seg)_daily_avg
2023-02-10,10.2302125986838,Afluente (m3/seg)_daily_avg
2023-02-11,18.7310975191334,Afluente (m3/seg)_daily_avg
2023-02-12,0.0,Afluente (m3/seg)_daily_avg
2023-02-13,22.350459177842,Afluente (m3/seg)_daily_avg
2023-02-14,15.550312122335,Afluente (m3/seg)_daily_avg
2023-02-15,15.1919409889955,Afluente (m3/seg)_daily_avg
2023-02-16,23.704073756706,Afluente (m3/seg)_daily_avg
2023-02-17,20.2722294785603,Afluente (m3/seg)_daily_avg
2023-02-18,41.9991759794628,Afluente (m3/seg)_daily_avg
2023-02-19,33.6945795344872,Afluente (m3/seg)_daily_avg
2023-02-20,33.7943783270533,Afluente (m3/seg)_daily_avg
2023-02-21,9.81244977602403,Afluente (m3/seg)_daily_avg
2023-02-22,32.5530726882854,Afluente (m3/seg)_daily_avg
2023-02-23,47.7830660635776,Afluente (m3/seg)_daily_avg
2023-02-24,28.9576815730596,Afluente (m3/seg)_daily_avg
2023-02-25,12.980485124519,Afluente (m3/seg)_daily_avg
2023-02-26,36.3710258413223,Afluente (m3/seg)_daily_avg
2023-02-27,18.1146330300791,Afluente (m3/seg)_daily_avg
2023-02-28,37.4813316245595,Afluente (m3/seg)_daily_avg
2023-03-01,34.0725559171252,Afluente (m3/seg)_daily_avg
2023-03-02,40.5737008815291,Afluente (m3/seg)_daily_avg
2023-03-03,42.4741376267734,Afluente (m3/seg)_daily_avg
2023-03-04,39.6231657064855,Afluente (m3/seg)_daily_avg
2023-03-05,33.3137103372134,Afluente (m3/seg)_daily_avg
2023-03-06,24.5163206666237,Afluente (m3/seg)_daily_avg
2023-03-07,0.666920867916279,Afluente (m3/seg)_daily_avg
2023-03-08,34.766924118383,Afluente (m3/seg)_daily_avg
2023-03-09,20.8119377291651,Afluente (m3/seg)_daily_avg
2023-03-10,19.1346233951658,Afluente (m3/seg)_daily_avg
2023-03-11,43.8168012971528,Afluente (m3/seg)_daily_avg
2023-03-12,0.0,Afluente (m3/seg)_daily_avg
2023-03-13,16.935083061508,Afluente (m3/seg)_daily_avg
2023-03-14,21.6574664925969,Afluente (m3/seg)_daily_avg
2023-03-15,24.1716085087047,Afluente (m3/seg)_daily_avg
2023-03-16,45.4109447087231,Afluente (m3/seg)_daily_avg
2023-03-17,195.437525959437,Afluente (m3/seg)_daily_avg
2023-03-18,166.484535648207,Afluente (m3/seg)_daily_avg
2023-03-19,71.6134700358123,Afluente (m3/seg)_daily_avg
2023-03-20,41.3899903372276,Afluente (m3/seg)_daily_avg
2023-03-21,50.1855076734851,Afluente (m3/seg)_daily_avg
2023-03-22,30.0375199329749,Afluente (m3/seg)_daily_avg
2023-03-23,28.3076033006632,Afluente (m3/seg)_daily_avg
2023-03-24,22.8361063720002,Afluente (m3/seg)_daily_avg
2023-03-25,38.1448969804326,Afluente (m3/seg)_daily_avg
2023-03-26,40.5124629663152,Afluente (m3/seg)_daily_avg
2023-03-27,36.4121192108006,Afluente (m3/seg)_daily_avg
2023-03-28,39.7097494018523,Afluente (m3/seg)_daily_avg
2023-03-29,39.190864332358,Afluente (m3/seg)_daily_avg
2023-03-30,31.9855662241056,Afluente (m3/seg)_daily_avg
2023-03-31,49.7357652636723,Afluente (m3/seg)_daily_avg
2023-04-01,28.4308498915614,Afluente (m3/seg)_daily_avg
2023-04-02,40.8107330152945,Afluente (m3/seg)_daily_avg
2023-04-03,44.2247167936204,Afluente (m3/seg)_daily_avg
2023-04-04,39.3230570761802,Afluente (m3/seg)_daily_avg
2023-04-05,47.2759818553702,Afluente (m3/seg)_daily_avg
2023-04-06,39.0456759989263,Afluente (m3/seg)_daily_avg
2023-04-07,40.7759885664916,Afluente (m3/seg)_daily_avg
2023-04-08,44.4899347447649,Afluente (m3/seg)_daily_avg
2023-04-09,67.515900977386,Afluente (m3/seg)_daily_avg
2023-04-10,183.623306223101,Afluente (m3/seg)_daily_avg
2023-04-11,141.630651090522,Afluente (m3/seg)_daily_avg
2023-04-12,63.8183765846117,Afluente (m3/seg)_daily_avg
2023-04-13,70.8035195417482,Afluente (m3/seg)_daily_avg
2023-04-14,88.982891025816,Afluente (m3/seg)_daily_avg
2023-04-15,61.4102771119258,Afluente (m3/seg)_daily_avg
2023-04-16,39.6688572972963,Afluente (m3/seg)_daily_avg
2023-04-17,55.5173005527747,Afluente (m3/seg)_daily_avg
2023-04-18,69.8130120807836,Afluente (m3/seg)_daily_avg
2023-04-19,71.4546823445657,Afluente (m3/seg)_daily_avg
2023-04-20,419.257690560269,Afluente (m3/seg)_daily_avg
2023-04-21,200.373496809335,Afluente (m3/seg)_daily_avg
2023-04-22,143.077828419344,Afluente (m3/seg)_daily_avg
2023-04-23,95.4670907831348,Afluente (m3/seg)_daily_avg
2023-04-24,76.8938967148256,Afluente (m3/seg)_daily_avg
2023-04-25,117.233162979867,Afluente (m3/seg)_daily_avg
2023-04-26,269.223850263017,Afluente (m3/seg)_daily_avg
2023-04-27,703.127252742052,Afluente (m3/seg)_daily_avg
2023-04-28,223.017185682668,Afluente (m3/seg)_daily_avg
2023-04-29,168.551045006375,Afluente (m3/seg)_daily_avg
2023-04-30,122.281953942925,Afluente (m3/seg)_daily_avg
2023-05-01,99.741418067405,Afluente (m3/seg)_daily_avg
2023-05-02,113.342609628158,Afluente (m3/seg)_daily_avg
2023-05-03,73.6727023318835,Afluente (m3/seg)_daily_avg
2023-05-04,88.6353579299651,Afluente (m3/seg)_daily_avg
2023-05-05,48.8024350899851,Afluente (m3/seg)_daily_avg
2023-05-06,78.2051096876059,Afluente (m3/seg)_daily_avg
2023-05-07,63.75294490718041,Afluente (m3/seg)_daily_avg
2023-05-08,739.986294781176,Afluente (m3/seg)_daily_avg
2023-05-09,3413.89154371049,Afluente (m3/seg)_daily_avg
2023-05-10,4842.75597431115,Afluente (m3/seg)_daily_avg
2023-05-11,3450.19173733981,Afluente (m3/seg)_daily_avg
2023-05-12,1743.09789774062,Afluente (m3/seg)_daily_avg
2023-05-13,872.457118817697,Afluente (m3/seg)_daily_avg
2023-05-14,587.017472269812,Afluente (m3/seg)_daily_avg
2023-05-15,472.655751655165,Afluente (m3/seg)_daily_avg
2023-05-16,378.585271879636,Afluente (m3/seg)_daily_avg
2023-05-17,317.381489245385,Afluente (m3/seg)_daily_avg
2023-05-18,310.308753616107,Afluente (m3/seg)_daily_avg
2023-05-19,326.928612425567,Afluente (m3/seg)_daily_avg
2023-05-20,285.08645134064,Afluente (m3/seg)_daily_avg
2023-05-21,324.57522888181,Afluente (m3/seg)_daily_avg
2023-05-22,300.92512732894,Afluente (m3/seg)_daily_avg
2023-05-23,248.51839375051,Afluente (m3/seg)_daily_avg
2023-05-24,396.084756569081,Afluente (m3/seg)_daily_avg
2023-05-25,330.486626935275,Afluente (m3/seg)_daily_avg
2023-05-26,283.873250665141,Afluente (m3/seg)_daily_avg
2023-05-27,280.105752344591,Afluente (m3/seg)_daily_avg
2023-05-28,331.784359583387,Afluente (m3/seg)_daily_avg
2023-05-29,247.267133467715,Afluente (m3/seg)_daily_avg
2023-05-30,208.504617576834,Afluente (m3/seg)_daily_avg
2023-05-31,223.790391778387,Afluente (m3/seg)_daily_avg
2023-06-01,212.25003306956,Afluente (m3/seg)_daily_avg
2023-06-02,187.628041822986,Afluente (m3/seg)_daily_avg
2023-06-03,161.743893913167,Afluente (m3/seg)_daily_avg
2023-06-04,159.3801599016,Afluente (m3/seg)_daily_avg
2023-06-05,232.464506591523,Afluente (m3/seg)_daily_avg
2023-06-06,394.625883886874,Afluente (m3/seg)_daily_avg
2023-06-07,494.6293487597591,Afluente (m3/seg)_daily_avg
2023-06-08,311.781609121352,Afluente (m3/seg)_daily_avg
2023-06-09,282.276128089526,Afluente (m3/seg)_daily_avg
2023-06-10,254.03789774757,Afluente (m3/seg)_daily_avg
2023-06-11,226.58530831195,Afluente (m3/seg)_daily_avg
2023-06-12,221.617515717469,Afluente (m3/seg)_daily_avg
2023-06-13,197.856333750079,Afluente (m3/seg)_daily_avg
2023-06-14,203.140607849715,Afluente (m3/seg)_daily_avg
2023-06-15,153.27066423729,Afluente (m3/seg)_daily_avg
2023-06-16,192.631724121277,Afluente (m3/seg)_daily_avg
2023-06-17,193.738193036224,Afluente (m3/seg)_daily_avg
2023-06-18,179.850677951289,Afluente (m3/seg)_daily_avg
2023-06-19,160.376159132238,Afluente (m3/seg)_daily_avg
2023-06-20,159.376859871995,Afluente (m3/seg)_daily_avg
2023-06-21,142.601087589838,Afluente (m3/seg)_daily_avg
2023-06-22,242.971944505902,Afluente (m3/seg)_daily_avg
2023-06-23,205.602198664537,Afluente (m3/seg)_daily_avg
2023-06-24,162.532899836354,Afluente (m3/seg)_daily_avg
2023-06-25,167.45407624456,Afluente (m3/seg)_daily_avg
2023-06-26,154.298995269406,Afluente (m3/seg)_daily_avg
2023-06-27,93.2350259684951,Afluente (m3/seg)_daily_avg
2023-06-28,218.715022913542,Afluente (m3/seg)_daily_avg
2023-06-29,179.988714266508,Afluente (m3/seg)_daily_avg
2023-06-30,574.067977796522,Afluente (m3/seg)_daily_avg
2023-07-01,4064.27524749374,Afluente (m3/seg)_daily_avg
2023-07-02,1994.49852463701,Afluente (m3/seg)_daily_avg
2023-07-03,1110.42081342949,Afluente (m3/seg)_daily_avg
2023-07-04,746.645908194217,Afluente (m3/seg)_daily_avg
2023-07-05,566.627138469227,Afluente (m3/seg)_daily_avg
2023-07-06,471.420366989364,Afluente (m3/seg)_daily_avg
2023-07-07,423.527953626252,Afluente (m3/seg)_daily_avg
2023-07-08,411.802237728222,Afluente (m3/seg)_daily_avg
2023-07-09,361.964388916916,Afluente (m3/seg)_daily_avg
2023-07-10,337.315272869718,Afluente (m3/seg)_daily_avg
2023-07-11,307.083157796374,Afluente (m3/seg)_daily_avg
2023-07-12,221.905058370922,Afluente (m3/seg)_daily_avg
2023-07-13,572.415243473621,Afluente (m3/seg)_daily_avg
2023-07-14,465.082191714959,Afluente (m3/seg)_daily_avg
2023-07-15,843.485106467501,Afluente (m3/seg)_daily_avg
2023-07-16,544.675495479177,Afluente (m3/seg)_daily_avg
2023-07-17,450.206453166784,Afluente (m3/seg)_daily_avg
2023-07-18,695.7814416767121,Afluente (m3/seg)_daily_avg
2023-07-19,521.530935411739,Afluente (m3/seg)_daily_avg
2023-07-20,440.186096713233,Afluente (m3/seg)_daily_avg
2023-07-21,413.4281596281959,Afluente (m3/seg)_daily_avg
2023-07-22,358.813481955841,Afluente (m3/seg)_daily_avg
2023-07-23,703.94870371988,Afluente (m3/seg)_daily_avg
2023-07-24,579.959738834282,Afluente (m3/seg)_daily_avg
2023-07-25,439.697634946064,Afluente (m3/seg)_daily_avg
2023-07-26,367.533683411896,Afluente (m3/seg)_daily_avg
2023-07-27,335.242929363918,Afluente (m3/seg)_daily_avg
2023-07-28,315.738666775337,Afluente (m3/seg)_daily_avg
2023-07-29,296.959415162509,Afluente (m3/seg)_daily_avg
2023-07-30,286.416360961241,Afluente (m3/seg)_daily_avg
2023-07-31,267.486116678401,Afluente (m3/seg)_daily_avg
2023-08-01,287.790419901744,Afluente (m3/seg)_daily_avg
2023-08-02,281.761863681928,Afluente (m3/seg)_daily_avg
2023-08-03,261.942630580629,Afluente (m3/seg)_daily_avg
2023-08-04,267.210060624198,Afluente (m3/seg)_daily_avg
2023-08-05,254.973768706902,Afluente (m3/seg)_daily_avg
2023-08-06,269.344310072746,Afluente (m3/seg)_daily_avg
2023-08-07,294.909303895507,Afluente (m3/seg)_daily_avg
2023-08-08,294.3501312236199,Afluente (m3/seg)_daily_avg
2023-08-09,261.368740803221,Afluente (m3/seg)_daily_avg
2023-08-10,270.182242258709,Afluente (m3/seg)_daily_avg
2023-08-11,254.476403259566,Afluente (m3/seg)_daily_avg
2023-08-12,243.517538194743,Afluente (m3/seg)_daily_avg
2023-08-13,248.314526921798,Afluente (m3/seg)_daily_avg
2023-08-14,256.564239002887,Afluente (m3/seg)_daily_avg
2023-08-15,265.656274990562,Afluente (m3/seg)_daily_avg
2023-08-16,254.249255652872,Afluente (m3/seg)_daily_avg
2023-08-17,227.033760753252,Afluente (m3/seg)_daily_avg
2023-08-18,266.620378159629,Afluente (m3/seg)_daily_avg
2023-08-19,284.845283914937,Afluente (m3/seg)_daily_avg
2023-08-20,281.659074478823,Afluente (m3/seg)_daily_avg
2023-08-21,269.247883803052,Afluente (m3/seg)_daily_avg
2023-08-22,269.766608214756,Afluente (m3/seg)_daily_avg
2023-08-23,293.247147541695,Afluente (m3/seg)_daily_avg
2023-08-24,269.322176580441,Afluente (m3/seg)_daily_avg
2023-08-25,277.545748005416,Afluente (m3/seg)_daily_avg
2023-08-26,283.839762063205,Afluente (m3/seg)_daily_avg
2023-08-27,327.772277879983,Afluente (m3/seg)_daily_avg
2023-08-28,328.551908290497,Afluente (m3/seg)_daily_avg
2023-08-29,333.6578939281,Afluente (m3/seg)_daily_avg
2023-08-30,281.013078135647,Afluente (m3/seg)_daily_avg
2023-08-31,378.375860923317,Afluente (m3/seg)_daily_avg
2023-09-01,524.718972715686,Afluente (m3/seg)_daily_avg
2023-09-02,346.637469198589,Afluente (m3/seg)_daily_avg
2023-09-03,291.654753362095,Afluente (m3/seg)_daily_avg
2023-09-04,287.776984307403,Afluente (m3/seg)_daily_avg
2023-09-05,254.42487176628,Afluente (m3/seg)_daily_avg
2023-09-06,275.001601959148,Afluente (m3/seg)_daily_avg
2023-09-07,282.775113049293,Afluente (m3/seg)_daily_avg
2023-09-08,314.8744120778109,Afluente (m3/seg)_daily_avg
2023-09-09,353.140430607683,Afluente (m3/seg)_daily_avg
2023-09-10,358.183291693301,Afluente (m3/seg)_daily_avg
2023-09-11,359.802536540338,Afluente (m3/seg)_daily_avg
2023-09-12,489.003430163143,Afluente (m3/seg)_daily_avg
2023-09-13,514.300115457756,Afluente (m3/seg)_daily_avg
2023-09-14,403.667504530511,Afluente (m3/seg)_daily_avg
2023-09-15,369.276167883292,Afluente (m3/seg)_daily_avg
2023-09-16,329.068626958845,Afluente (m3/seg)_daily_avg
2023-09-17,309.69781970311,Afluente (m3/seg)_daily_avg
2023-09-18,299.556002411674,Afluente (m3/seg)_daily_avg
2023-09-19,443.112300975596,Afluente (m3/seg)_daily_avg
2023-09-20,394.813249021194,Afluente (m3/seg)_daily_avg
2023-09-21,339.422710580513,Afluente (m3/seg)_daily_avg
2023-09-22,342.010898946876,Afluente (m3/seg)_daily_avg
2023-09-23,361.662115758406,Afluente (m3/seg)_daily_avg
2023-09-24,344.906537557205,Afluente (m3/seg)_daily_avg
2023-09-25,384.207626826634,Afluente (m3/seg)_daily_avg
2023-09-26,416.6114372249991,Afluente (m3/seg)_daily_avg
2023-09-27,486.779897320624,Afluente (m3/seg)_daily_avg
2023-09-28,518.625178057754,Afluente (m3/seg)_daily_avg
2023-09-29,527.704968235685,Afluente (m3/seg)_daily_avg
2023-09-30,552.470680448388,Afluente (m3/seg)_daily_avg
2023-10-01,444.487862075367,Afluente (m3/seg)_daily_avg
2023-10-02,441.354168401118,Afluente (m3/seg)_daily_avg
2023-10-03,506.855352532196,Afluente (m3/seg)_daily_avg
2023-10-04,503.86621249727,Afluente (m3/seg)_daily_avg
2023-10-05,418.503079528854,Afluente (m3/seg)_daily_avg
2023-10-06,413.51346679054,Afluente (m3/seg)_daily_avg
2023-10-07,409.385595953019,Afluente (m3/seg)_daily_avg
2023-10-08,410.958215909908,Afluente (m3/seg)_daily_avg
2023-10-09,373.210341197423,Afluente (m3/seg)_daily_avg
2023-10-10,418.019827292294,Afluente (m3/seg)_daily_avg
2023-10-11,420.143462137611,Afluente (m3/seg)_daily_avg
2023-10-12,442.707434978816,Afluente (m3/seg)_daily_avg
2023-10-13,452.701922956479,Afluente (m3/seg)_daily_avg
2023-10-14,387.924662981597,Afluente (m3/seg)_daily_avg
2023-10-15,410.182043787107,Afluente (m3/seg)_daily_avg
2023-10-16,379.26876715724,Afluente (m3/seg)_daily_avg
2023-10-17,366.390127247775,Afluente (m3/seg)_daily_avg
2023-10-18,329.090974973747,Afluente (m3/seg)_daily_avg
2023-10-19,334.2465710894169,Afluente (m3/seg)_daily_avg
2023-10-20,319.27916938187,Afluente (m3/seg)_daily_avg
2023-10-21,330.122713135037,Afluente (m3/seg)_daily_avg
2023-10-22,316.281276044445,Afluente (m3/seg)_daily_avg
2023-10-23,352.489362714723,Afluente (m3/seg)_daily_avg
2023-10-24,293.739169969666,Afluente (m3/seg)_daily_avg
2023-10-25,283.049838106989,Afluente (m3/seg)_daily_avg
2023-10-26,319.459758636896,Afluente (m3/seg)_daily_avg
2023-10-27,302.038470335812,Afluente (m3/seg)_daily_avg
2023-10-28,324.742286862649,Afluente (m3/seg)_daily_avg
2023-10-29,293.53708300151,Afluente (m3/seg)_daily_avg
2023-10-30,275.88524014405,Afluente (m3/seg)_daily_avg
2023-10-31,288.330462676073,Afluente (m3/seg)_daily_avg
2023-11-01,286.344315813681,Afluente (m3/seg)_daily_avg
2023-11-02,253.541353997335,Afluente (m3/seg)_daily_avg
2023-11-03,267.412464861141,Afluente (m3/seg)_daily_avg
2023-11-04,247.041602415695,Afluente (m3/seg)_daily_avg
2023-11-05,231.832214518114,Afluente (m3/seg)_daily_avg
2023-11-06,237.955913289741,Afluente (m3/seg)_daily_avg
2023-11-07,245.590576280642,Afluente (m3/seg)_daily_avg
2023-11-08,238.911663285124,Afluente (m3/seg)_daily_avg
2023-11-09,232.629923058823,Afluente (m3/seg)_daily_avg
2023-11-10,200.456937119439,Afluente (m3/seg)_daily_avg
2023-11-11,199.360845379386,Afluente (m3/seg)_daily_avg
2023-11-12,192.832323409293,Afluente (m3/seg)_daily_avg
2023-11-13,171.48271800271,Afluente (m3/seg)_daily_avg
2023-11-14,186.183498381656,Afluente (m3/seg)_daily_avg
2023-11-15,171.705317132942,Afluente (m3/seg)_daily_avg
2023-11-16,171.822962337157,Afluente (m3/seg)_daily_avg
2023-11-17,160.353287887254,Afluente (m3/seg)_daily_avg
2023-11-18,152.071332479032,Afluente (m3/seg)_daily_avg
2023-11-19,165.485107451228,Afluente (m3/seg)_daily_avg
2023-11-20,165.91096478461,Afluente (m3/seg)_daily_avg
2023-11-21,181.551531684317,Afluente (m3/seg)_daily_avg
2023-11-22,161.853192635086,Afluente (m3/seg)_daily_avg
2023-11-23,156.385403959957,Afluente (m3/seg)_daily_avg
2023-11-24,166.630240472316,Afluente (m3/seg)_daily_avg
2023-11-25,142.286480221484,Afluente (m3/seg)_daily_avg
2023-11-26,131.277041985216,Afluente (m3/seg)_daily_avg
2023-11-27,127.356848007413,Afluente (m3/seg)_daily_avg
2023-11-28,135.18701371912,Afluente (m3/seg)_daily_avg
2023-11-29,143.572739396535,Afluente (m3/seg)_daily_avg
2023-11-30,148.328489515397,Afluente (m3/seg)_daily_avg
2023-12-01,127.369514037584,Afluente (m3/seg)_daily_avg
2023-12-02,130.353182900779,Afluente (m3/seg)_daily_avg
2023-12-03,120.4444010736,Afluente (m3/seg)_daily_avg
2023-12-04,99.1847739112762,Afluente (m3/seg)_daily_avg
2023-12-05,103.030325861753,Afluente (m3/seg)_daily_avg
2023-12-06,83.0495962562669,Afluente (m3/seg)_daily_avg
2023-12-07,127.887393752091,Afluente (m3/seg)_daily_avg
2023-12-08,94.6970170794562,Afluente (m3/seg)_daily_avg
2023-12-09,124.902925358619,Afluente (m3/seg)_daily_avg
2023-12-10,81.4853779448001,Afluente (m3/seg)_daily_avg
2023-12-11,102.655450774211,Afluente (m3/seg)_daily_avg
2023-12-12,92.8169457514342,Afluente (m3/seg)_daily_avg
2023-12-13,130.990540842615,Afluente (m3/seg)_daily_avg
2023-12-14,77.0104614472566,Afluente (m3/seg)_daily_avg
2023-12-15,57.383853366661,Afluente (m3/seg)_daily_avg
2023-12-16,74.9128788474871,Afluente (m3/seg)_daily_avg
2023-12-17,87.2246394828236,Afluente (m3/seg)_daily_avg
2023-12-18,80.1695607122418,Afluente (m3/seg)_daily_avg
2023-12-19,88.1600162833796,Afluente (m3/seg)_daily_avg
2023-12-20,85.5851375974687,Afluente (m3/seg)_daily_avg
2023-12-21,59.38366201184251,Afluente (m3/seg)_daily_avg
2023-12-22,69.260962901948,Afluente (m3/seg)_daily_avg
2023-12-23,87.7042453740586,Afluente (m3/seg)_daily_avg
2023-12-24,88.7166922541892,Afluente (m3/seg)_daily_avg
2023-12-25,111.571995510665,Afluente (m3/seg)_daily_avg
2023-12-26,0.0,Afluente (m3/seg)_daily_avg
2023-12-27,76.046111807654,Afluente (m3/seg)_daily_avg
2023-12-28,85.2739480708517,Afluente (m3/seg)_daily_avg
2023-12-29,74.7514827880821,Afluente (m3/seg)_daily_avg
2023-12-30,88.6888101609132,Afluente (m3/seg)_daily_avg
2023-12-31,68.4372961764253,Afluente (m3/seg)_daily_avg
2024-01-01,80.9783867562264,Afluente (m3/seg)_daily_avg
2024-01-02,68.7876523957581,Afluente (m3/seg)_daily_avg
2024-01-03,77.4780352362758,Afluente (m3/seg)_daily_avg
2024-01-04,96.1074662874982,Afluente (m3/seg)_daily_avg
2024-01-05,76.0391020984604,Afluente (m3/seg)_daily_avg
2024-01-06,68.4366580987699,Afluente (m3/seg)_daily_avg
2024-01-07,71.8742541492686,Afluente (m3/seg)_daily_avg
2024-01-08,73.2960843058534,Afluente (m3/seg)_daily_avg
2024-01-09,74.6374899470388,Afluente (m3/seg)_daily_avg
2024-01-10,70.9655961625275,Afluente (m3/seg)_daily_avg
2024-01-11,81.0085519212517,Afluente (m3/seg)_daily_avg
2024-01-12,86.3735406569187,Afluente (m3/seg)_daily_avg
2024-01-13,65.3564561555749,Afluente (m3/seg)_daily_avg
2024-01-14,46.9653916219593,Afluente (m3/seg)_daily_avg
2024-01-15,59.2145607029541,Afluente (m3/seg)_daily_avg
2024-01-16,75.203786676515,Afluente (m3/seg)_daily_avg
2024-01-17,69.2410093189473,Afluente (m3/seg)_daily_avg
2024-01-18,68.4299227080508,Afluente (m3/seg)_daily_avg
2024-01-19,62.6115105380586,Afluente (m3/seg)_daily_avg
2024-01-20,69.1242374096275,Afluente (m3/seg)_daily_avg
2024-01-21,79.0491773914476,Afluente (m3/seg)_daily_avg
2024-01-22,81.6690671914192,Afluente (m3/seg)_daily_avg
2024-01-23,70.0846005430972,Afluente (m3/seg)_daily_avg
2024-01-24,70.2607396586168,Afluente (m3/seg)_daily_avg
2024-01-25,58.468507183007,Afluente (m3/seg)_daily_avg
2024-01-26,60.974059884768,Afluente (m3/seg)_daily_avg
2024-01-27,69.571408747642,Afluente (m3/seg)_daily_avg
2024-01-28,66.7719134480761,Afluente (m3/seg)_daily_avg
2024-01-29,67.4288652059504,Afluente (m3/seg)_daily_avg
2024-01-30,78.5153471418027,Afluente (m3/seg)_daily_avg
2024-01-31,48.0506464554869,Afluente (m3/seg)_daily_avg
2024-02-01,91.7247366946084,Afluente (m3/seg)_daily_avg
2024-02-02,89.3632806729931,Afluente (m3/seg)_daily_avg
2024-02-03,90.5496239603144,Afluente (m3/seg)_daily_avg
2024-02-04,66.4095461075166,Afluente (m3/seg)_daily_avg
2024-02-05,70.4849120417346,Afluente (m3/seg)_daily_avg
2024-02-06,71.8491308477623,Afluente (m3/seg)_daily_avg
2024-02-07,57.74386729924671,Afluente (m3/seg)_daily_avg
2024-02-08,69.2812268918492,Afluente (m3/seg)_daily_avg
2024-02-09,43.5880696337526,Afluente (m3/seg)_daily_avg
2024-02-10,72.4153963835435,Afluente (m3/seg)_daily_avg
2024-02-11,52.9933579028932,Afluente (m3/seg)_daily_avg
2024-02-12,65.2942596346424,Afluente (m3/seg)_daily_avg
2024-02-13,126.2388195004306,Afluente (m3/seg)_daily_avg
2024-02-14,70.4589660876097,Afluente (m3/seg)_daily_avg
2024-02-15,63.1649458539429,Afluente (m3/seg)_daily_avg
2024-02-16,24.0354213534475,Afluente (m3/seg)_daily_avg
2016-01-12,0.0,Precipitation_daily_sum
2016-01-13,0.0,Precipitation_daily_sum
2016-01-14,0.0,Precipitation_daily_sum
2016-01-15,0.0,Precipitation_daily_sum
2016-01-16,0.0,Precipitation_daily_sum
2016-01-17,0.0,Precipitation_daily_sum
2016-01-18,0.0,Precipitation_daily_sum
2016-01-19,0.0,Precipitation_daily_sum
2016-01-20,0.0,Precipitation_daily_sum
2016-01-21,0.0,Precipitation_daily_sum
2016-01-22,0.0,Precipitation_daily_sum
2016-01-23,1.25,Precipitation_daily_sum
2016-01-24,4.5,Precipitation_daily_sum
2016-01-25,0.0,Precipitation_daily_sum
2016-01-26,0.0,Precipitation_daily_sum
2016-01-27,2.25,Precipitation_daily_sum
2016-01-28,0.0,Precipitation_daily_sum
2016-01-29,0.0,Precipitation_daily_sum
2016-01-30,0.0,Precipitation_daily_sum
2016-01-31,0.0,Precipitation_daily_sum
2016-02-01,0.0,Precipitation_daily_sum
2016-02-02,0.0,Precipitation_daily_sum
2016-02-03,0.0,Precipitation_daily_sum
2016-02-04,0.0,Precipitation_daily_sum
2016-02-05,0.0,Precipitation_daily_sum
2016-02-06,0.0,Precipitation_daily_sum
2016-02-07,0.0,Precipitation_daily_sum
2016-02-08,0.0,Precipitation_daily_sum
2016-02-09,0.0,Precipitation_daily_sum
2016-02-10,0.0,Precipitation_daily_sum
2016-02-11,0.0,Precipitation_daily_sum
2016-02-12,0.0,Precipitation_daily_sum
2016-02-13,0.0,Precipitation_daily_sum
2016-02-14,0.0,Precipitation_daily_sum
2016-02-15,0.0,Precipitation_daily_sum
2016-02-16,0.0,Precipitation_daily_sum
2016-02-17,0.0,Precipitation_daily_sum
2016-02-18,0.0,Precipitation_daily_sum
2016-02-19,0.0,Precipitation_daily_sum
2016-02-20,0.0,Precipitation_daily_sum
2016-02-21,0.0,Precipitation_daily_sum
2016-02-22,0.0,Precipitation_daily_sum
2016-02-23,0.0,Precipitation_daily_sum
2016-02-24,0.0,Precipitation_daily_sum
2016-02-25,0.0,Precipitation_daily_sum
2016-02-26,0.0,Precipitation_daily_sum
2016-02-27,0.0,Precipitation_daily_sum
2016-02-28,0.0,Precipitation_daily_sum
2016-02-29,0.0,Precipitation_daily_sum
2016-03-01,0.0,Precipitation_daily_sum
2016-03-02,0.0,Precipitation_daily_sum
2016-03-03,0.0,Precipitation_daily_sum
2016-03-04,0.0,Precipitation_daily_sum
2016-03-05,0.0,Precipitation_daily_sum
2016-03-06,0.0,Precipitation_daily_sum
2016-03-07,0.0,Precipitation_daily_sum
2016-03-08,0.0,Precipitation_daily_sum
2016-03-09,0.0,Precipitation_daily_sum
2016-03-10,0.0,Precipitation_daily_sum
2016-03-11,0.0,Precipitation_daily_sum
2016-03-12,0.0,Precipitation_daily_sum
2016-03-13,0.0,Precipitation_daily_sum
2016-03-14,0.0,Precipitation_daily_sum
2016-03-15,0.0,Precipitation_daily_sum
2016-03-16,0.0,Precipitation_daily_sum
2016-03-17,0.0,Precipitation_daily_sum
2016-03-18,0.0,Precipitation_daily_sum
2016-03-19,0.0,Precipitation_daily_sum
2016-03-20,0.0,Precipitation_daily_sum
2016-03-21,0.0,Precipitation_daily_sum
2016-03-22,0.0,Precipitation_daily_sum
2016-03-23,0.0,Precipitation_daily_sum
2016-03-24,0.0,Precipitation_daily_sum
2016-03-25,0.0,Precipitation_daily_sum
2016-03-26,0.0,Precipitation_daily_sum
2016-03-27,0.0,Precipitation_daily_sum
2016-03-28,0.0,Precipitation_daily_sum
2016-03-29,0.0,Precipitation_daily_sum
2016-03-30,0.0,Precipitation_daily_sum
2016-03-31,0.0,Precipitation_daily_sum
2016-04-01,0.0,Precipitation_daily_sum
2016-04-02,0.0,Precipitation_daily_sum
2016-04-03,0.0,Precipitation_daily_sum
2016-04-04,0.0,Precipitation_daily_sum
2016-04-05,0.0,Precipitation_daily_sum
2016-04-06,0.0,Precipitation_daily_sum
2016-04-07,0.0,Precipitation_daily_sum
2016-04-08,0.0,Precipitation_daily_sum
2016-04-09,0.0,Precipitation_daily_sum
2016-04-10,0.0,Precipitation_daily_sum
2016-04-11,0.0,Precipitation_daily_sum
2016-04-12,0.0,Precipitation_daily_sum
2016-04-13,0.5,Precipitation_daily_sum
2016-04-14,57.0,Precipitation_daily_sum
2016-04-15,71.75,Precipitation_daily_sum
2016-04-16,20.75,Precipitation_daily_sum
2016-04-17,25.5,Precipitation_daily_sum
2016-04-18,0.0,Precipitation_daily_sum
2016-04-19,0.0,Precipitation_daily_sum
2016-04-20,0.0,Precipitation_daily_sum
2016-04-21,0.0,Precipitation_daily_sum
2016-04-22,49.25,Precipitation_daily_sum
2016-04-23,78.25,Precipitation_daily_sum
2016-04-24,7.0,Precipitation_daily_sum
2016-04-25,0.0,Precipitation_daily_sum
2016-04-26,0.0,Precipitation_daily_sum
2016-04-27,0.0,Precipitation_daily_sum
2016-04-28,0.0,Precipitation_daily_sum
2016-04-29,0.0,Precipitation_daily_sum
2016-04-30,8.5,Precipitation_daily_sum
2016-05-01,2.25,Precipitation_daily_sum
2016-05-02,0.0,Precipitation_daily_sum
2016-05-03,0.0,Precipitation_daily_sum
2016-05-04,0.0,Precipitation_daily_sum
2016-05-05,0.0,Precipitation_daily_sum
2016-05-06,0.0,Precipitation_daily_sum
2016-05-07,0.0,Precipitation_daily_sum
2016-05-08,0.0,Precipitation_daily_sum
2016-05-09,0.0,Precipitation_daily_sum
2016-05-10,0.0,Precipitation_daily_sum
2016-05-11,11.25,Precipitation_daily_sum
2016-05-12,0.0,Precipitation_daily_sum
2016-05-13,0.0,Precipitation_daily_sum
2016-05-14,25.5,Precipitation_daily_sum
2016-05-15,0.5,Precipitation_daily_sum
2016-05-16,0.0,Precipitation_daily_sum
2016-05-17,0.0,Precipitation_daily_sum
2016-05-18,20.25,Precipitation_daily_sum
2016-05-19,4.75,Precipitation_daily_sum
2016-05-20,1.5,Precipitation_daily_sum
2016-05-21,0.5,Precipitation_daily_sum
2016-05-22,0.0,Precipitation_daily_sum
2016-05-23,0.0,Precipitation_daily_sum
2016-05-24,0.0,Precipitation_daily_sum
2016-05-25,1.25,Precipitation_daily_sum
2016-05-26,0.0,Precipitation_daily_sum
2016-05-27,0.0,Precipitation_daily_sum
2016-05-28,0.5,Precipitation_daily_sum
2016-05-29,6.25,Precipitation_daily_sum
2016-05-30,0.75,Precipitation_daily_sum
2016-05-31,1.0,Precipitation_daily_sum
2016-06-01,2.0,Precipitation_daily_sum
2016-06-02,0.25,Precipitation_daily_sum
2016-06-03,6.3,Precipitation_daily_sum
2016-06-04,0.75,Precipitation_daily_sum
2016-06-05,0.25,Precipitation_daily_sum
2016-06-06,0.0,Precipitation_daily_sum
2016-06-07,0.0,Precipitation_daily_sum
2016-06-08,0.0,Precipitation_daily_sum
2016-06-09,0.0,Precipitation_daily_sum
2016-06-10,0.0,Precipitation_daily_sum
2016-06-11,0.0,Precipitation_daily_sum
2016-06-12,8.5,Precipitation_daily_sum
2016-06-13,0.75,Precipitation_daily_sum
2016-06-14,0.0,Precipitation_daily_sum
2016-06-15,0.0,Precipitation_daily_sum
2016-06-16,0.0,Precipitation_daily_sum
2016-06-17,0.0,Precipitation_daily_sum
2016-06-18,0.0,Precipitation_daily_sum
2016-06-19,0.0,Precipitation_daily_sum
2016-06-20,0.0,Precipitation_daily_sum
2016-06-21,0.0,Precipitation_daily_sum
2016-06-22,0.0,Precipitation_daily_sum
2016-06-23,0.0,Precipitation_daily_sum
2016-06-24,0.0,Precipitation_daily_sum
2016-06-25,0.0,Precipitation_daily_sum
2016-06-26,0.0,Precipitation_daily_sum
2016-06-27,0.0,Precipitation_daily_sum
2016-06-28,0.0,Precipitation_daily_sum
2016-06-29,0.0,Precipitation_daily_sum
2016-06-30,0.0,Precipitation_daily_sum
2016-07-01,0.0,Precipitation_daily_sum
2016-07-02,0.0,Precipitation_daily_sum
2016-07-03,0.0,Precipitation_daily_sum
2016-07-04,0.0,Precipitation_daily_sum
2016-07-05,0.0,Precipitation_daily_sum
2016-07-06,0.0,Precipitation_daily_sum
2016-07-07,0.0,Precipitation_daily_sum
2016-07-08,0.0,Precipitation_daily_sum
2016-07-09,0.0,Precipitation_daily_sum
2016-07-10,85.75,Precipitation_daily_sum
2016-07-11,30.0,Precipitation_daily_sum
2016-07-12,9.75,Precipitation_daily_sum
2016-07-13,102.5,Precipitation_daily_sum
2016-07-14,2.5,Precipitation_daily_sum
2016-07-15,0.25,Precipitation_daily_sum
2016-07-16,0.0,Precipitation_daily_sum
2016-07-17,11.25,Precipitation_daily_sum
2016-07-18,0.25,Precipitation_daily_sum
2016-07-19,0.0,Precipitation_daily_sum
2016-07-20,0.0,Precipitation_daily_sum
2016-07-21,0.0,Precipitation_daily_sum
2016-07-22,0.0,Precipitation_daily_sum
2016-07-23,45.5,Precipitation_daily_sum
2016-07-24,32.0,Precipitation_daily_sum
2016-07-25,6.75,Precipitation_daily_sum
2016-07-26,0.0,Precipitation_daily_sum
2016-07-27,0.0,Precipitation_daily_sum
2016-07-28,0.25,Precipitation_daily_sum
2016-07-29,0.0,Precipitation_daily_sum
2016-07-30,0.0,Precipitation_daily_sum
2016-07-31,0.25,Precipitation_daily_sum
2016-08-01,0.25,Precipitation_daily_sum
2016-08-02,0.0,Precipitation_daily_sum
2016-08-03,0.0,Precipitation_daily_sum
2016-08-04,0.0,Precipitation_daily_sum
2016-08-05,0.0,Precipitation_daily_sum
2016-08-06,0.0,Precipitation_daily_sum
2016-08-07,0.0,Precipitation_daily_sum
2016-08-08,0.0,Precipitation_daily_sum
2016-08-09,0.0,Precipitation_daily_sum
2016-08-10,0.0,Precipitation_daily_sum
2016-08-11,0.0,Precipitation_daily_sum
2016-08-12,14.3,Precipitation_daily_sum
2016-08-13,0.5,Precipitation_daily_sum
2016-08-14,6.0,Precipitation_daily_sum
2016-08-15,8.75,Precipitation_daily_sum
2016-08-16,13.0,Precipitation_daily_sum
2016-08-17,0.5,Precipitation_daily_sum
2016-08-18,0.25,Precipitation_daily_sum
2016-08-19,3.0,Precipitation_daily_sum
2016-08-20,0.5,Precipitation_daily_sum
2016-08-21,0.0,Precipitation_daily_sum
2016-08-22,0.0,Precipitation_daily_sum
2016-08-23,0.0,Precipitation_daily_sum
2016-08-24,0.0,Precipitation_daily_sum
2016-08-25,0.0,Precipitation_daily_sum
2016-08-26,0.0,Precipitation_daily_sum
2016-08-27,0.0,Precipitation_daily_sum
2016-08-28,0.0,Precipitation_daily_sum
2016-08-29,0.0,Precipitation_daily_sum
2016-08-30,0.25,Precipitation_daily_sum
2016-08-31,0.0,Precipitation_daily_sum
2016-09-01,0.0,Precipitation_daily_sum
2016-09-02,0.0,Precipitation_daily_sum
2016-09-03,0.0,Precipitation_daily_sum
2016-09-04,0.0,Precipitation_daily_sum
2016-09-05,0.0,Precipitation_daily_sum
2016-09-06,0.0,Precipitation_daily_sum
2016-09-07,0.0,Precipitation_daily_sum
2016-09-08,0.0,Precipitation_daily_sum
2016-09-09,0.0,Precipitation_daily_sum
2016-09-10,0.0,Precipitation_daily_sum
2016-09-11,5.25,Precipitation_daily_sum
2016-09-12,13.5,Precipitation_daily_sum
2016-09-13,0.5,Precipitation_daily_sum
2016-09-14,0.0,Precipitation_daily_sum
2016-09-15,0.0,Precipitation_daily_sum
2016-09-16,0.0,Precipitation_daily_sum
2016-09-17,0.0,Precipitation_daily_sum
2016-09-18,0.0,Precipitation_daily_sum
2016-09-19,0.0,Precipitation_daily_sum
2016-09-20,0.0,Precipitation_daily_sum
2016-09-21,0.0,Precipitation_daily_sum
2016-09-22,0.0,Precipitation_daily_sum
2016-09-23,0.0,Precipitation_daily_sum
2016-09-24,0.0,Precipitation_daily_sum
2016-09-25,0.0,Precipitation_daily_sum
2016-09-26,0.0,Precipitation_daily_sum
2016-09-27,0.0,Precipitation_daily_sum
2016-09-28,0.0,Precipitation_daily_sum
2016-09-29,0.0,Precipitation_daily_sum
2016-09-30,0.0,Precipitation_daily_sum
2016-10-01,0.0,Precipitation_daily_sum
2016-10-02,0.0,Precipitation_daily_sum
2016-10-03,0.0,Precipitation_daily_sum
2016-10-04,0.0,Precipitation_daily_sum
2016-10-05,0.0,Precipitation_daily_sum
2016-10-06,0.0,Precipitation_daily_sum
2016-10-07,0.0,Precipitation_daily_sum
2016-10-08,0.0,Precipitation_daily_sum
2016-10-09,0.0,Precipitation_daily_sum
2016-10-10,0.0,Precipitation_daily_sum
2016-10-11,0.0,Precipitation_daily_sum
2016-10-12,22.0,Precipitation_daily_sum
2016-10-13,0.5,Precipitation_daily_sum
2016-10-14,0.0,Precipitation_daily_sum
2016-10-15,11.25,Precipitation_daily_sum
2016-10-16,2.5,Precipitation_daily_sum
2016-10-17,0.5,Precipitation_daily_sum
2016-10-18,1.25,Precipitation_daily_sum
2016-10-19,0.5,Precipitation_daily_sum
2016-10-20,0.0,Precipitation_daily_sum
2016-10-21,0.0,Precipitation_daily_sum
2016-10-22,0.0,Precipitation_daily_sum
2016-10-23,0.0,Precipitation_daily_sum
2016-10-24,0.0,Precipitation_daily_sum
2016-10-25,0.0,Precipitation_daily_sum
2016-10-26,0.0,Precipitation_daily_sum
2016-10-27,0.0,Precipitation_daily_sum
2016-10-28,0.0,Precipitation_daily_sum
2016-10-29,0.0,Precipitation_daily_sum
2016-10-30,0.0,Precipitation_daily_sum
2016-10-31,6.0,Precipitation_daily_sum
2016-11-01,0.75,Precipitation_daily_sum
2016-11-02,0.0,Precipitation_daily_sum
2016-11-03,0.0,Precipitation_daily_sum
2016-11-04,0.0,Precipitation_daily_sum
2016-11-05,0.0,Precipitation_daily_sum
2016-11-06,0.0,Precipitation_daily_sum
2016-11-07,0.0,Precipitation_daily_sum
2016-11-08,0.0,Precipitation_daily_sum
2016-11-09,0.0,Precipitation_daily_sum
2016-11-10,0.0,Precipitation_daily_sum
2016-11-11,0.0,Precipitation_daily_sum
2016-11-12,0.0,Precipitation_daily_sum
2016-11-13,0.0,Precipitation_daily_sum
2016-11-14,0.0,Precipitation_daily_sum
2016-11-15,0.0,Precipitation_daily_sum
2016-11-16,0.0,Precipitation_daily_sum
2016-11-17,0.0,Precipitation_daily_sum
2016-11-18,0.0,Precipitation_daily_sum
2016-11-19,0.0,Precipitation_daily_sum
2016-11-20,0.0,Precipitation_daily_sum
2016-11-21,0.0,Precipitation_daily_sum
2016-11-22,0.0,Precipitation_daily_sum
2016-11-23,2.0,Precipitation_daily_sum
2016-11-24,0.25,Precipitation_daily_sum
2016-11-25,1.25,Precipitation_daily_sum
2016-11-26,0.75,Precipitation_daily_sum
2016-11-27,0.0,Precipitation_daily_sum
2016-11-28,0.0,Precipitation_daily_sum
2016-11-29,0.0,Precipitation_daily_sum
2016-11-30,0.0,Precipitation_daily_sum
2016-12-01,0.0,Precipitation_daily_sum
2016-12-02,0.0,Precipitation_daily_sum
2016-12-03,0.0,Precipitation_daily_sum
2016-12-04,3.5,Precipitation_daily_sum
2016-12-05,0.5,Precipitation_daily_sum
2016-12-06,0.0,Precipitation_daily_sum
2016-12-07,0.0,Precipitation_daily_sum
2016-12-08,0.0,Precipitation_daily_sum
2016-12-09,0.0,Precipitation_daily_sum
2016-12-10,0.0,Precipitation_daily_sum
2016-12-11,0.0,Precipitation_daily_sum
2016-12-12,0.0,Precipitation_daily_sum
2016-12-13,0.0,Precipitation_daily_sum
2016-12-14,0.0,Precipitation_daily_sum
2016-12-15,0.0,Precipitation_daily_sum
2016-12-16,0.0,Precipitation_daily_sum
2016-12-17,0.0,Precipitation_daily_sum
2016-12-18,0.0,Precipitation_daily_sum
2016-12-19,0.0,Precipitation_daily_sum
2016-12-20,0.0,Precipitation_daily_sum
2016-12-21,0.0,Precipitation_daily_sum
2016-12-22,0.0,Precipitation_daily_sum
2016-12-23,0.0,Precipitation_daily_sum
2016-12-24,0.0,Precipitation_daily_sum
2016-12-25,3.5,Precipitation_daily_sum
2016-12-26,0.5,Precipitation_daily_sum
2016-12-27,0.0,Precipitation_daily_sum
2016-12-28,0.0,Precipitation_daily_sum
2016-12-29,0.0,Precipitation_daily_sum
2016-12-30,0.0,Precipitation_daily_sum
2016-12-31,0.0,Precipitation_daily_sum
2017-01-01,0.0,Precipitation_daily_sum
2017-01-02,0.0,Precipitation_daily_sum
2017-01-03,0.0,Precipitation_daily_sum
2017-01-04,0.0,Precipitation_daily_sum
2017-01-05,0.0,Precipitation_daily_sum
2017-01-06,0.0,Precipitation_daily_sum
2017-01-07,0.0,Precipitation_daily_sum
2017-01-08,0.0,Precipitation_daily_sum
2017-01-09,6.0,Precipitation_daily_sum
2017-01-10,0.0,Precipitation_daily_sum
2017-01-11,0.0,Precipitation_daily_sum
2017-01-12,0.0,Precipitation_daily_sum
2017-01-13,0.0,Precipitation_daily_sum
2017-01-14,0.0,Precipitation_daily_sum
2017-01-15,0.0,Precipitation_daily_sum
2017-01-16,0.0,Precipitation_daily_sum
2017-01-17,0.0,Precipitation_daily_sum
2017-01-18,0.0,Precipitation_daily_sum
2017-01-19,0.0,Precipitation_daily_sum
2017-01-20,0.0,Precipitation_daily_sum
2017-01-21,0.0,Precipitation_daily_sum
2017-01-22,0.0,Precipitation_daily_sum
2017-01-23,0.0,Precipitation_daily_sum
2017-01-24,0.0,Precipitation_daily_sum
2017-01-25,0.0,Precipitation_daily_sum
2017-01-26,0.0,Precipitation_daily_sum
2017-01-27,0.0,Precipitation_daily_sum
2017-01-28,0.0,Precipitation_daily_sum
2017-01-29,0.0,Precipitation_daily_sum
2017-01-30,0.0,Precipitation_daily_sum
2017-01-31,0.0,Precipitation_daily_sum
2017-02-01,0.0,Precipitation_daily_sum
2017-02-02,0.0,Precipitation_daily_sum
2017-02-03,0.0,Precipitation_daily_sum
2017-02-04,0.0,Precipitation_daily_sum
2017-02-05,0.0,Precipitation_daily_sum
2017-02-06,0.0,Precipitation_daily_sum
2017-02-07,0.0,Precipitation_daily_sum
2017-02-08,0.0,Precipitation_daily_sum
2017-02-09,0.0,Precipitation_daily_sum
2017-02-10,0.0,Precipitation_daily_sum
2017-02-11,0.0,Precipitation_daily_sum
2017-02-12,0.0,Precipitation_daily_sum
2017-02-13,0.0,Precipitation_daily_sum
2017-02-14,0.0,Precipitation_daily_sum
2017-02-15,0.0,Precipitation_daily_sum
2017-02-16,0.0,Precipitation_daily_sum
2017-02-17,0.0,Precipitation_daily_sum
2017-02-18,0.0,Precipitation_daily_sum
2017-02-19,0.0,Precipitation_daily_sum
2017-02-20,0.0,Precipitation_daily_sum
2017-02-21,0.0,Precipitation_daily_sum
2017-02-22,0.0,Precipitation_daily_sum
2017-02-23,0.0,Precipitation_daily_sum
2017-02-24,0.0,Precipitation_daily_sum
2017-02-25,0.0,Precipitation_daily_sum
2017-02-26,0.0,Precipitation_daily_sum
2017-02-27,0.0,Precipitation_daily_sum
2017-02-28,0.0,Precipitation_daily_sum
2017-03-01,0.75,Precipitation_daily_sum
2017-03-02,0.75,Precipitation_daily_sum
2017-03-03,0.25,Precipitation_daily_sum
2017-03-04,0.0,Precipitation_daily_sum
2017-03-05,0.0,Precipitation_daily_sum
2017-03-06,0.0,Precipitation_daily_sum
2017-03-07,0.0,Precipitation_daily_sum
2017-03-08,0.0,Precipitation_daily_sum
2017-03-09,0.0,Precipitation_daily_sum
2017-03-10,0.0,Precipitation_daily_sum
2017-03-11,0.0,Precipitation_daily_sum
2017-03-12,0.0,Precipitation_daily_sum
2017-03-13,0.0,Precipitation_daily_sum
2017-03-14,0.0,Precipitation_daily_sum
2017-03-15,0.0,Precipitation_daily_sum
2017-03-16,0.0,Precipitation_daily_sum
2017-03-17,0.0,Precipitation_daily_sum
2017-03-18,0.0,Precipitation_daily_sum
2017-03-19,0.0,Precipitation_daily_sum
2017-03-20,0.0,Precipitation_daily_sum
2017-03-21,0.0,Precipitation_daily_sum
2017-03-22,0.0,Precipitation_daily_sum
2017-03-23,0.0,Precipitation_daily_sum
2017-03-24,0.0,Precipitation_daily_sum
2017-03-25,0.0,Precipitation_daily_sum
2017-03-26,0.0,Precipitation_daily_sum
2017-03-27,0.0,Precipitation_daily_sum
2017-03-28,0.0,Precipitation_daily_sum
2017-03-29,0.0,Precipitation_daily_sum
2017-03-30,0.0,Precipitation_daily_sum
2017-03-31,0.0,Precipitation_daily_sum
2017-04-01,0.0,Precipitation_daily_sum
2017-04-02,0.0,Precipitation_daily_sum
2017-04-03,0.0,Precipitation_daily_sum
2017-04-04,0.0,Precipitation_daily_sum
2017-04-05,0.0,Precipitation_daily_sum
2017-04-06,16.25,Precipitation_daily_sum
2017-04-07,8.0,Precipitation_daily_sum
2017-04-08,0.25,Precipitation_daily_sum
2017-04-09,0.0,Precipitation_daily_sum
2017-04-10,0.0,Precipitation_daily_sum
2017-04-11,0.0,Precipitation_daily_sum
2017-04-12,0.0,Precipitation_daily_sum
2017-04-13,0.0,Precipitation_daily_sum
2017-04-14,0.0,Precipitation_daily_sum
2017-04-15,0.0,Precipitation_daily_sum
2017-04-16,0.0,Precipitation_daily_sum
2017-04-17,0.0,Precipitation_daily_sum
2017-04-18,0.0,Precipitation_daily_sum
2017-04-19,30.0,Precipitation_daily_sum
2017-04-20,19.75,Precipitation_daily_sum
2017-04-21,0.25,Precipitation_daily_sum
2017-04-22,0.25,Precipitation_daily_sum
2017-04-23,0.0,Precipitation_daily_sum
2017-04-24,5.5,Precipitation_daily_sum
2017-04-25,0.25,Precipitation_daily_sum
2017-04-26,0.0,Precipitation_daily_sum
2017-04-27,0.0,Precipitation_daily_sum
2017-04-28,0.0,Precipitation_daily_sum
2017-04-29,0.0,Precipitation_daily_sum
2017-04-30,0.0,Precipitation_daily_sum
2017-05-01,0.0,Precipitation_daily_sum
2017-05-02,3.25,Precipitation_daily_sum
2017-05-03,0.0,Precipitation_daily_sum
2017-05-04,0.0,Precipitation_daily_sum
2017-05-05,0.0,Precipitation_daily_sum
2017-05-06,27.75,Precipitation_daily_sum
2017-05-07,26.5,Precipitation_daily_sum
2017-05-08,0.5,Precipitation_daily_sum
2017-05-09,0.0,Precipitation_daily_sum
2017-05-10,5.25,Precipitation_daily_sum
2017-05-11,25.75,Precipitation_daily_sum
2017-05-12,1.75,Precipitation_daily_sum
2017-05-13,3.25,Precipitation_daily_sum
2017-05-14,21.75,Precipitation_daily_sum
2017-05-15,0.0,Precipitation_daily_sum
2017-05-16,0.25,Precipitation_daily_sum
2017-05-17,48.0,Precipitation_daily_sum
2017-05-18,1.5,Precipitation_daily_sum
2017-05-19,0.0,Precipitation_daily_sum
2017-05-20,0.25,Precipitation_daily_sum
2017-05-21,0.0,Precipitation_daily_sum
2017-05-22,0.0,Precipitation_daily_sum
2017-05-23,0.0,Precipitation_daily_sum
2017-05-24,0.0,Precipitation_daily_sum
2017-05-25,0.0,Precipitation_daily_sum
2017-05-26,0.0,Precipitation_daily_sum
2017-05-27,0.0,Precipitation_daily_sum
2017-05-28,0.0,Precipitation_daily_sum
2017-05-29,0.0,Precipitation_daily_sum
2017-05-30,0.0,Precipitation_daily_sum
2017-05-31,0.0,Precipitation_daily_sum
2017-06-01,0.0,Precipitation_daily_sum
2017-06-02,0.0,Precipitation_daily_sum
2017-06-03,0.25,Precipitation_daily_sum
2017-06-04,0.25,Precipitation_daily_sum
2017-06-05,0.0,Precipitation_daily_sum
2017-06-06,0.0,Precipitation_daily_sum
2017-06-07,29.25,Precipitation_daily_sum
2017-06-08,0.25,Precipitation_daily_sum
2017-06-09,0.25,Precipitation_daily_sum
2017-06-10,0.0,Precipitation_daily_sum
2017-06-11,0.0,Precipitation_daily_sum
2017-06-12,0.0,Precipitation_daily_sum
2017-06-13,0.0,Precipitation_daily_sum
2017-06-14,0.0,Precipitation_daily_sum
2017-06-15,36.25,Precipitation_daily_sum
2017-06-16,77.0,Precipitation_daily_sum
2017-06-17,9.75,Precipitation_daily_sum
2017-06-18,0.0,Precipitation_daily_sum
2017-06-19,0.0,Precipitation_daily_sum
2017-06-20,0.0,Precipitation_daily_sum
2017-06-21,71.0,Precipitation_daily_sum
2017-06-22,83.75,Precipitation_daily_sum
2017-06-23,0.0,Precipitation_daily_sum
2017-06-24,30.25,Precipitation_daily_sum
2017-06-25,126.0,Precipitation_daily_sum
2017-06-26,20.5,Precipitation_daily_sum
2017-06-27,0.25,Precipitation_daily_sum
2017-06-28,0.0,Precipitation_daily_sum
2017-06-29,0.0,Precipitation_daily_sum
2017-06-30,0.0,Precipitation_daily_sum
2017-07-01,0.0,Precipitation_daily_sum
2017-07-02,0.0,Precipitation_daily_sum
2017-07-03,0.0,Precipitation_daily_sum
2017-07-04,5.75,Precipitation_daily_sum
2017-07-05,0.5,Precipitation_daily_sum
2017-07-06,0.25,Precipitation_daily_sum
2017-07-07,0.75,Precipitation_daily_sum
2017-07-08,0.0,Precipitation_daily_sum
2017-07-09,0.0,Precipitation_daily_sum
2017-07-10,0.0,Precipitation_daily_sum
2017-07-11,0.0,Precipitation_daily_sum
2017-07-12,19.0,Precipitation_daily_sum
2017-07-13,29.5,Precipitation_daily_sum
2017-07-14,32.5,Precipitation_daily_sum
2017-07-15,12.0,Precipitation_daily_sum
2017-07-16,0.5,Precipitation_daily_sum
2017-07-17,0.25,Precipitation_daily_sum
2017-07-18,0.0,Precipitation_daily_sum
2017-07-19,0.0,Precipitation_daily_sum
2017-07-20,0.0,Precipitation_daily_sum
2017-07-21,0.0,Precipitation_daily_sum
2017-07-22,17.5,Precipitation_daily_sum
2017-07-23,41.3,Precipitation_daily_sum
2017-07-24,0.0,Precipitation_daily_sum
2017-07-25,0.0,Precipitation_daily_sum
2017-07-26,0.0,Precipitation_daily_sum
2017-07-27,0.0,Precipitation_daily_sum
2017-07-28,0.0,Precipitation_daily_sum
2017-07-29,0.0,Precipitation_daily_sum
2017-07-30,0.0,Precipitation_daily_sum
2017-07-31,0.0,Precipitation_daily_sum
2017-08-01,0.0,Precipitation_daily_sum
2017-08-02,0.0,Precipitation_daily_sum
2017-08-03,0.0,Precipitation_daily_sum
2017-08-04,0.0,Precipitation_daily_sum
2017-08-05,9.25,Precipitation_daily_sum
2017-08-06,0.25,Precipitation_daily_sum
2017-08-07,7.25,Precipitation_daily_sum
2017-08-08,1.75,Precipitation_daily_sum
2017-08-09,38.25,Precipitation_daily_sum
2017-08-10,15.25,Precipitation_daily_sum
2017-08-11,3.5,Precipitation_daily_sum
2017-08-12,0.25,Precipitation_daily_sum
2017-08-13,42.5,Precipitation_daily_sum
2017-08-14,1.0,Precipitation_daily_sum
2017-08-15,0.0,Precipitation_daily_sum
2017-08-16,0.0,Precipitation_daily_sum
2017-08-17,0.0,Precipitation_daily_sum
2017-08-18,31.25,Precipitation_daily_sum
2017-08-19,0.75,Precipitation_daily_sum
2017-08-20,0.0,Precipitation_daily_sum
2017-08-21,0.0,Precipitation_daily_sum
2017-08-22,52.0,Precipitation_daily_sum
2017-08-23,2.75,Precipitation_daily_sum
2017-08-24,0.0,Precipitation_daily_sum
2017-08-25,9.75,Precipitation_daily_sum
2017-08-26,0.0,Precipitation_daily_sum
2017-08-27,6.0,Precipitation_daily_sum
2017-08-28,33.75,Precipitation_daily_sum
2017-08-29,0.25,Precipitation_daily_sum
2017-08-30,0.0,Precipitation_daily_sum
2017-08-31,0.0,Precipitation_daily_sum
2017-09-01,29.75,Precipitation_daily_sum
2017-09-02,0.5,Precipitation_daily_sum
2017-09-03,0.0,Precipitation_daily_sum
2017-09-04,0.0,Precipitation_daily_sum
2017-09-05,0.0,Precipitation_daily_sum
2017-09-06,0.0,Precipitation_daily_sum
2017-09-07,0.0,Precipitation_daily_sum
2017-09-08,0.0,Precipitation_daily_sum
2017-09-09,0.0,Precipitation_daily_sum
2017-09-10,4.25,Precipitation_daily_sum
2017-09-11,0.25,Precipitation_daily_sum
2017-09-12,0.0,Precipitation_daily_sum
2017-09-13,0.0,Precipitation_daily_sum
2017-09-14,2.0,Precipitation_daily_sum
2017-09-15,0.0,Precipitation_daily_sum
2017-09-16,0.0,Precipitation_daily_sum
2017-09-17,0.0,Precipitation_daily_sum
2017-09-18,0.0,Precipitation_daily_sum
2017-09-19,0.0,Precipitation_daily_sum
2017-09-20,0.0,Precipitation_daily_sum
2017-09-21,0.0,Precipitation_daily_sum
2017-09-22,0.0,Precipitation_daily_sum
2017-09-23,0.0,Precipitation_daily_sum
2017-09-24,0.0,Precipitation_daily_sum
2017-09-25,0.0,Precipitation_daily_sum
2017-09-26,0.0,Precipitation_daily_sum
2017-09-27,0.0,Precipitation_daily_sum
2017-09-28,0.0,Precipitation_daily_sum
2017-09-29,36.5,Precipitation_daily_sum
2017-09-30,33.0,Precipitation_daily_sum
2017-10-01,5.5,Precipitation_daily_sum
2017-10-02,0.25,Precipitation_daily_sum
2017-10-03,5.5,Precipitation_daily_sum
2017-10-04,58.25,Precipitation_daily_sum
2017-10-05,11.0,Precipitation_daily_sum
2017-10-06,0.0,Precipitation_daily_sum
2017-10-07,0.0,Precipitation_daily_sum
2017-10-08,0.0,Precipitation_daily_sum
2017-10-09,0.0,Precipitation_daily_sum
2017-10-10,0.0,Precipitation_daily_sum
2017-10-11,0.0,Precipitation_daily_sum
2017-10-12,0.0,Precipitation_daily_sum
2017-10-13,0.0,Precipitation_daily_sum
2017-10-14,0.0,Precipitation_daily_sum
2017-10-15,0.0,Precipitation_daily_sum
2017-10-16,0.0,Precipitation_daily_sum
2017-10-17,0.0,Precipitation_daily_sum
2017-10-18,0.0,Precipitation_daily_sum
2017-10-19,0.0,Precipitation_daily_sum
2017-10-20,0.0,Precipitation_daily_sum
2017-10-21,0.0,Precipitation_daily_sum
2017-10-22,0.0,Precipitation_daily_sum
2017-10-23,0.0,Precipitation_daily_sum
2017-10-24,0.0,Precipitation_daily_sum
2017-10-25,0.0,Precipitation_daily_sum
2017-10-26,0.0,Precipitation_daily_sum
2017-10-27,0.0,Precipitation_daily_sum
2017-10-28,17.5,Precipitation_daily_sum
2017-10-29,0.5,Precipitation_daily_sum
2017-10-30,0.0,Precipitation_daily_sum
2017-10-31,0.0,Precipitation_daily_sum
2017-11-01,47.5,Precipitation_daily_sum
2017-11-02,10.5,Precipitation_daily_sum
2017-11-03,0.0,Precipitation_daily_sum
2017-11-04,4.25,Precipitation_daily_sum
2017-11-05,0.5,Precipitation_daily_sum
2017-11-06,0.0,Precipitation_daily_sum
2017-11-07,0.0,Precipitation_daily_sum
2017-11-08,0.0,Precipitation_daily_sum
2017-11-09,0.0,Precipitation_daily_sum
2017-11-10,0.0,Precipitation_daily_sum
2017-11-11,0.0,Precipitation_daily_sum
2017-11-12,0.0,Precipitation_daily_sum
2017-11-13,0.0,Precipitation_daily_sum
2017-11-14,0.0,Precipitation_daily_sum
2017-11-15,0.0,Precipitation_daily_sum
2017-11-16,0.0,Precipitation_daily_sum
2017-11-17,0.0,Precipitation_daily_sum
2017-11-18,0.0,Precipitation_daily_sum
2017-11-19,0.0,Precipitation_daily_sum
2017-11-20,0.0,Precipitation_daily_sum
2017-11-21,0.0,Precipitation_daily_sum
2017-11-22,0.0,Precipitation_daily_sum
2017-11-23,0.0,Precipitation_daily_sum
2017-11-24,0.75,Precipitation_daily_sum
2017-11-25,0.0,Precipitation_daily_sum
2017-11-26,0.0,Precipitation_daily_sum
2017-11-27,0.0,Precipitation_daily_sum
2017-11-28,0.0,Precipitation_daily_sum
2017-11-29,0.0,Precipitation_daily_sum
2017-11-30,0.0,Precipitation_daily_sum
2017-12-01,0.0,Precipitation_daily_sum
2017-12-02,0.0,Precipitation_daily_sum
2017-12-03,0.0,Precipitation_daily_sum
2017-12-04,0.0,Precipitation_daily_sum
2017-12-05,0.0,Precipitation_daily_sum
2017-12-06,0.0,Precipitation_daily_sum
2017-12-07,0.0,Precipitation_daily_sum
2017-12-08,0.0,Precipitation_daily_sum
2017-12-09,0.0,Precipitation_daily_sum
2017-12-10,0.0,Precipitation_daily_sum
2017-12-11,0.0,Precipitation_daily_sum
2017-12-12,0.0,Precipitation_daily_sum
2017-12-13,0.0,Precipitation_daily_sum
2017-12-14,0.0,Precipitation_daily_sum
2017-12-15,0.0,Precipitation_daily_sum
2017-12-16,0.0,Precipitation_daily_sum
2017-12-17,0.0,Precipitation_daily_sum
2017-12-18,0.0,Precipitation_daily_sum
2017-12-19,0.0,Precipitation_daily_sum
2017-12-20,0.0,Precipitation_daily_sum
2017-12-21,0.0,Precipitation_daily_sum
2017-12-22,0.0,Precipitation_daily_sum
2017-12-23,0.0,Precipitation_daily_sum
2017-12-24,0.0,Precipitation_daily_sum
2017-12-25,0.0,Precipitation_daily_sum
2017-12-26,0.0,Precipitation_daily_sum
2017-12-27,0.0,Precipitation_daily_sum
2017-12-28,0.0,Precipitation_daily_sum
2017-12-29,0.0,Precipitation_daily_sum
2017-12-30,0.0,Precipitation_daily_sum
2017-12-31,0.0,Precipitation_daily_sum
2018-01-01,0.0,Precipitation_daily_sum
2018-01-02,0.0,Precipitation_daily_sum
2018-01-03,0.0,Precipitation_daily_sum
2018-01-04,0.0,Precipitation_daily_sum
2018-01-05,0.0,Precipitation_daily_sum
2018-01-06,0.0,Precipitation_daily_sum
2018-01-07,0.0,Precipitation_daily_sum
2018-01-08,0.0,Precipitation_daily_sum
2018-01-09,0.0,Precipitation_daily_sum
2018-01-10,0.0,Precipitation_daily_sum
2018-01-11,0.0,Precipitation_daily_sum
2018-01-12,0.0,Precipitation_daily_sum
2018-01-13,0.0,Precipitation_daily_sum
2018-01-14,0.0,Precipitation_daily_sum
2018-01-15,0.0,Precipitation_daily_sum
2018-01-16,0.0,Precipitation_daily_sum
2018-01-17,0.0,Precipitation_daily_sum
2018-01-18,0.0,Precipitation_daily_sum
2018-01-19,0.0,Precipitation_daily_sum
2018-01-20,0.0,Precipitation_daily_sum
2018-01-21,0.0,Precipitation_daily_sum
2018-01-22,0.0,Precipitation_daily_sum
2018-01-23,0.0,Precipitation_daily_sum
2018-01-24,0.0,Precipitation_daily_sum
2018-01-25,0.0,Precipitation_daily_sum
2018-01-26,0.0,Precipitation_daily_sum
2018-01-27,0.0,Precipitation_daily_sum
2018-01-28,0.0,Precipitation_daily_sum
2018-01-29,0.0,Precipitation_daily_sum
2018-01-30,0.0,Precipitation_daily_sum
2018-01-31,0.0,Precipitation_daily_sum
2018-02-01,0.0,Precipitation_daily_sum
2018-02-02,0.0,Precipitation_daily_sum
2018-02-03,0.0,Precipitation_daily_sum
2018-02-04,0.0,Precipitation_daily_sum
2018-02-05,0.0,Precipitation_daily_sum
2018-02-06,0.0,Precipitation_daily_sum
2018-02-07,0.0,Precipitation_daily_sum
2018-02-08,0.0,Precipitation_daily_sum
2018-02-09,0.0,Precipitation_daily_sum
2018-02-10,0.0,Precipitation_daily_sum
2018-02-11,0.0,Precipitation_daily_sum
2018-02-12,0.0,Precipitation_daily_sum
2018-02-13,0.0,Precipitation_daily_sum
2018-02-14,0.0,Precipitation_daily_sum
2018-02-15,0.0,Precipitation_daily_sum
2018-02-16,0.0,Precipitation_daily_sum
2018-02-17,8.0,Precipitation_daily_sum
2018-02-18,0.0,Precipitation_daily_sum
2018-02-19,0.25,Precipitation_daily_sum
2018-02-20,0.0,Precipitation_daily_sum
2018-02-21,0.0,Precipitation_daily_sum
2018-02-22,0.0,Precipitation_daily_sum
2018-02-23,0.0,Precipitation_daily_sum
2018-02-24,0.0,Precipitation_daily_sum
2018-02-25,0.0,Precipitation_daily_sum
2018-02-26,0.0,Precipitation_daily_sum
2018-02-27,0.0,Precipitation_daily_sum
2018-02-28,0.0,Precipitation_daily_sum
2018-03-01,0.0,Precipitation_daily_sum
2018-03-02,0.0,Precipitation_daily_sum
2018-03-03,0.0,Precipitation_daily_sum
2018-03-04,0.0,Precipitation_daily_sum
2018-03-05,0.0,Precipitation_daily_sum
2018-03-06,0.0,Precipitation_daily_sum
2018-03-07,0.0,Precipitation_daily_sum
2018-03-08,0.0,Precipitation_daily_sum
2018-03-09,0.0,Precipitation_daily_sum
2018-03-10,0.0,Precipitation_daily_sum
2018-03-11,0.0,Precipitation_daily_sum
2018-03-12,0.0,Precipitation_daily_sum
2018-03-13,0.0,Precipitation_daily_sum
2018-03-14,0.0,Precipitation_daily_sum
2018-03-15,0.0,Precipitation_daily_sum
2018-03-16,82.5,Precipitation_daily_sum
2018-03-17,0.25,Precipitation_daily_sum
2018-03-18,0.0,Precipitation_daily_sum
2018-03-19,0.0,Precipitation_daily_sum
2018-03-20,0.0,Precipitation_daily_sum
2018-03-21,5.0,Precipitation_daily_sum
2018-03-22,0.75,Precipitation_daily_sum
2018-03-23,0.0,Precipitation_daily_sum
2018-03-24,0.0,Precipitation_daily_sum
2018-03-25,0.0,Precipitation_daily_sum
2018-03-26,0.0,Precipitation_daily_sum
2018-03-27,0.0,Precipitation_daily_sum
2018-03-28,0.0,Precipitation_daily_sum
2018-03-29,0.0,Precipitation_daily_sum
2018-03-30,0.0,Precipitation_daily_sum
2018-03-31,0.0,Precipitation_daily_sum
2018-04-01,0.0,Precipitation_daily_sum
2018-04-02,0.0,Precipitation_daily_sum
2018-04-03,0.0,Precipitation_daily_sum
2018-04-04,0.0,Precipitation_daily_sum
2018-04-05,1.8,Precipitation_daily_sum
2018-04-06,0.0,Precipitation_daily_sum
2018-04-07,0.0,Precipitation_daily_sum
2018-04-08,13.25,Precipitation_daily_sum
2018-04-09,31.25,Precipitation_daily_sum
2018-04-10,75.0,Precipitation_daily_sum
2018-04-11,0.0,Precipitation_daily_sum
2018-04-12,0.0,Precipitation_daily_sum
2018-04-13,0.0,Precipitation_daily_sum
2018-04-14,0.0,Precipitation_daily_sum
2018-04-15,0.0,Precipitation_daily_sum
2018-04-16,0.0,Precipitation_daily_sum
2018-04-17,0.0,Precipitation_daily_sum
2018-04-18,0.0,Precipitation_daily_sum
2018-04-19,0.0,Precipitation_daily_sum
2018-04-20,0.0,Precipitation_daily_sum
2018-04-21,0.0,Precipitation_daily_sum
2018-04-22,0.0,Precipitation_daily_sum
2018-04-23,0.0,Precipitation_daily_sum
2018-04-24,0.0,Precipitation_daily_sum
2018-04-25,0.0,Precipitation_daily_sum
2018-04-26,0.0,Precipitation_daily_sum
2018-04-27,0.0,Precipitation_daily_sum
2018-04-28,0.0,Precipitation_daily_sum
2018-04-29,0.0,Precipitation_daily_sum
2018-04-30,0.0,Precipitation_daily_sum
2018-05-01,0.0,Precipitation_daily_sum
2018-05-02,0.0,Precipitation_daily_sum
2018-05-03,0.0,Precipitation_daily_sum
2018-05-04,0.0,Precipitation_daily_sum
2018-05-05,0.0,Precipitation_daily_sum
2018-05-06,0.0,Precipitation_daily_sum
2018-05-07,0.0,Precipitation_daily_sum
2018-05-08,0.0,Precipitation_daily_sum
2018-05-09,0.0,Precipitation_daily_sum
2018-05-10,0.0,Precipitation_daily_sum
2018-05-11,0.0,Precipitation_daily_sum
2018-05-12,24.75,Precipitation_daily_sum
2018-05-13,1.0,Precipitation_daily_sum
2018-05-14,0.25,Precipitation_daily_sum
2018-05-15,0.5,Precipitation_daily_sum
2018-05-16,2.75,Precipitation_daily_sum
2018-05-17,0.25,Precipitation_daily_sum
2018-05-18,0.0,Precipitation_daily_sum
2018-05-19,0.0,Precipitation_daily_sum
2018-05-20,0.0,Precipitation_daily_sum
2018-05-21,0.0,Precipitation_daily_sum
2018-05-22,0.0,Precipitation_daily_sum
2018-05-23,0.0,Precipitation_daily_sum
2018-05-24,0.0,Precipitation_daily_sum
2018-05-25,13.5,Precipitation_daily_sum
2018-05-26,0.5,Precipitation_daily_sum
2018-05-27,75.0,Precipitation_daily_sum
2018-05-28,49.0,Precipitation_daily_sum
2018-05-29,0.0,Precipitation_daily_sum
2018-05-30,0.0,Precipitation_daily_sum
2018-05-31,0.0,Precipitation_daily_sum
2018-06-01,0.0,Precipitation_daily_sum
2018-06-02,0.0,Precipitation_daily_sum
2018-06-03,0.0,Precipitation_daily_sum
2018-06-04,3.5,Precipitation_daily_sum
2018-06-05,0.25,Precipitation_daily_sum
2018-06-06,0.0,Precipitation_daily_sum
2018-06-07,0.0,Precipitation_daily_sum
2018-06-08,179.5,Precipitation_daily_sum
2018-06-09,72.5,Precipitation_daily_sum
2018-06-10,23.0,Precipitation_daily_sum
2018-06-11,8.75,Precipitation_daily_sum
2018-06-12,0.0,Precipitation_daily_sum
2018-06-13,0.0,Precipitation_daily_sum
2018-06-14,0.0,Precipitation_daily_sum
2018-06-15,0.0,Precipitation_daily_sum
2018-06-16,0.0,Precipitation_daily_sum
2018-06-17,0.0,Precipitation_daily_sum
2018-06-18,0.0,Precipitation_daily_sum
2018-06-19,0.0,Precipitation_daily_sum
2018-06-20,0.0,Precipitation_daily_sum
2018-06-21,0.0,Precipitation_daily_sum
2018-06-22,0.0,Precipitation_daily_sum
2018-06-23,0.0,Precipitation_daily_sum
2018-06-24,0.0,Precipitation_daily_sum
2018-06-25,35.75,Precipitation_daily_sum
2018-06-26,1.0,Precipitation_daily_sum
2018-06-27,4.0,Precipitation_daily_sum
2018-06-28,0.0,Precipitation_daily_sum
2018-06-29,0.0,Precipitation_daily_sum
2018-06-30,30.5,Precipitation_daily_sum
2018-07-01,0.0,Precipitation_daily_sum
2018-07-02,1.5,Precipitation_daily_sum
2018-07-03,49.5,Precipitation_daily_sum
2018-07-04,84.25,Precipitation_daily_sum
2018-07-05,37.0,Precipitation_daily_sum
2018-07-06,2.0,Precipitation_daily_sum
2018-07-07,0.0,Precipitation_daily_sum
2018-07-08,0.0,Precipitation_daily_sum
2018-07-09,0.0,Precipitation_daily_sum
2018-07-10,0.0,Precipitation_daily_sum
2018-07-11,0.0,Precipitation_daily_sum
2018-07-12,0.0,Precipitation_daily_sum
2018-07-13,1.75,Precipitation_daily_sum
2018-07-14,0.0,Precipitation_daily_sum
2018-07-15,0.0,Precipitation_daily_sum
2018-07-16,0.0,Precipitation_daily_sum
2018-07-17,0.0,Precipitation_daily_sum
2018-07-18,0.0,Precipitation_daily_sum
2018-07-19,0.0,Precipitation_daily_sum
2018-07-20,5.5,Precipitation_daily_sum
2018-07-21,0.0,Precipitation_daily_sum
2018-07-22,0.0,Precipitation_daily_sum
2018-07-23,0.0,Precipitation_daily_sum
2018-07-24,0.0,Precipitation_daily_sum
2018-07-25,0.0,Precipitation_daily_sum
2018-07-26,0.25,Precipitation_daily_sum
2018-07-27,0.25,Precipitation_daily_sum
2018-07-28,0.0,Precipitation_daily_sum
2018-07-29,0.0,Precipitation_daily_sum
2018-07-30,0.0,Precipitation_daily_sum
2018-07-31,0.0,Precipitation_daily_sum
2018-08-01,1.25,Precipitation_daily_sum
2018-08-02,0.75,Precipitation_daily_sum
2018-08-03,0.0,Precipitation_daily_sum
2018-08-04,0.25,Precipitation_daily_sum
2018-08-05,48.25,Precipitation_daily_sum
2018-08-06,0.5,Precipitation_daily_sum
2018-08-07,0.0,Precipitation_daily_sum
2018-08-08,0.0,Precipitation_daily_sum
2018-08-09,0.0,Precipitation_daily_sum
2018-08-10,0.0,Precipitation_daily_sum
2018-08-11,0.0,Precipitation_daily_sum
2018-08-12,10.75,Precipitation_daily_sum
2018-08-13,0.0,Precipitation_daily_sum
2018-08-14,0.0,Precipitation_daily_sum
2018-08-15,0.0,Precipitation_daily_sum
2018-08-16,5.0,Precipitation_daily_sum
2018-08-17,0.0,Precipitation_daily_sum
2018-08-18,0.0,Precipitation_daily_sum
2018-08-19,0.0,Precipitation_daily_sum
2018-08-20,0.0,Precipitation_daily_sum
2018-08-21,29.5,Precipitation_daily_sum
2018-08-22,38.0,Precipitation_daily_sum
2018-08-23,0.0,Precipitation_daily_sum
2018-08-24,0.0,Precipitation_daily_sum
2018-08-25,0.0,Precipitation_daily_sum
2018-08-26,0.0,Precipitation_daily_sum
2018-08-27,0.0,Precipitation_daily_sum
2018-08-28,0.0,Precipitation_daily_sum
2018-08-29,1.75,Precipitation_daily_sum
2018-08-30,0.0,Precipitation_daily_sum
2018-08-31,0.0,Precipitation_daily_sum
2018-09-01,0.0,Precipitation_daily_sum
2018-09-02,0.0,Precipitation_daily_sum
2018-09-03,0.0,Precipitation_daily_sum
2018-09-04,0.0,Precipitation_daily_sum
2018-09-05,0.0,Precipitation_daily_sum
2018-09-06,0.0,Precipitation_daily_sum
2018-09-07,0.0,Precipitation_daily_sum
2018-09-08,0.0,Precipitation_daily_sum
2018-09-09,0.0,Precipitation_daily_sum
2018-09-10,0.0,Precipitation_daily_sum
2018-09-11,0.0,Precipitation_daily_sum
2018-09-12,0.0,Precipitation_daily_sum
2018-09-13,0.0,Precipitation_daily_sum
2018-09-14,0.0,Precipitation_daily_sum
2018-09-15,3.0,Precipitation_daily_sum
2018-09-16,118.0,Precipitation_daily_sum
2018-09-17,43.25,Precipitation_daily_sum
2018-09-18,0.25,Precipitation_daily_sum
2018-09-19,3.5,Precipitation_daily_sum
2018-09-20,0.0,Precipitation_daily_sum
2018-09-21,33.25,Precipitation_daily_sum
2018-09-22,0.0,Precipitation_daily_sum
2018-09-23,0.0,Precipitation_daily_sum
2018-09-24,0.0,Precipitation_daily_sum
2018-09-25,1.5,Precipitation_daily_sum
2018-09-26,13.25,Precipitation_daily_sum
2018-09-27,84.0,Precipitation_daily_sum
2018-09-28,8.5,Precipitation_daily_sum
2018-09-29,9.0,Precipitation_daily_sum
2018-09-30,0.0,Precipitation_daily_sum
2018-10-01,0.0,Precipitation_daily_sum
2018-10-02,0.0,Precipitation_daily_sum
2018-10-03,0.0,Precipitation_daily_sum
2018-10-04,0.0,Precipitation_daily_sum
2018-10-05,0.0,Precipitation_daily_sum
2018-10-06,9.25,Precipitation_daily_sum
2018-10-07,6.0,Precipitation_daily_sum
2018-10-08,0.0,Precipitation_daily_sum
2018-10-09,0.0,Precipitation_daily_sum
2018-10-10,0.0,Precipitation_daily_sum
2018-10-11,0.0,Precipitation_daily_sum
2018-10-12,0.0,Precipitation_daily_sum
2018-10-13,0.0,Precipitation_daily_sum
2018-10-14,0.0,Precipitation_daily_sum
2018-10-15,1.5,Precipitation_daily_sum
2018-10-16,2.5,Precipitation_daily_sum
2018-10-17,0.0,Precipitation_daily_sum
2018-10-18,0.0,Precipitation_daily_sum
2018-10-19,0.0,Precipitation_daily_sum
2018-10-20,0.0,Precipitation_daily_sum
2018-10-21,0.0,Precipitation_daily_sum
2018-10-22,14.5,Precipitation_daily_sum
2018-10-23,0.0,Precipitation_daily_sum
2018-10-24,0.0,Precipitation_daily_sum
2018-10-25,0.0,Precipitation_daily_sum
2018-10-26,0.0,Precipitation_daily_sum
2018-10-27,18.0,Precipitation_daily_sum
2018-10-28,58.25,Precipitation_daily_sum
2018-10-29,0.25,Precipitation_daily_sum
2018-10-30,0.0,Precipitation_daily_sum
2018-10-31,6.5,Precipitation_daily_sum
2018-11-01,17.25,Precipitation_daily_sum
2018-11-02,0.0,Precipitation_daily_sum
2018-11-03,0.0,Precipitation_daily_sum
2018-11-04,0.0,Precipitation_daily_sum
2018-11-05,0.0,Precipitation_daily_sum
2018-11-06,0.0,Precipitation_daily_sum
2018-11-07,0.0,Precipitation_daily_sum
2018-11-08,0.0,Precipitation_daily_sum
2018-11-09,0.25,Precipitation_daily_sum
2018-11-10,0.0,Precipitation_daily_sum
2018-11-11,0.25,Precipitation_daily_sum
2018-11-12,1.25,Precipitation_daily_sum
2018-11-13,0.0,Precipitation_daily_sum
2018-11-14,0.0,Precipitation_daily_sum
2018-11-15,7.75,Precipitation_daily_sum
2018-11-16,2.5,Precipitation_daily_sum
2018-11-17,0.0,Precipitation_daily_sum
2018-11-18,0.0,Precipitation_daily_sum
2018-11-19,0.0,Precipitation_daily_sum
2018-11-20,0.0,Precipitation_daily_sum
2018-11-21,0.0,Precipitation_daily_sum
2018-11-22,0.0,Precipitation_daily_sum
2018-11-23,0.0,Precipitation_daily_sum
2018-11-24,0.0,Precipitation_daily_sum
2018-11-25,0.0,Precipitation_daily_sum
2018-11-26,0.0,Precipitation_daily_sum
2018-11-27,0.0,Precipitation_daily_sum
2018-11-28,0.0,Precipitation_daily_sum
2018-11-29,0.0,Precipitation_daily_sum
2018-11-30,0.0,Precipitation_daily_sum
2018-12-01,0.0,Precipitation_daily_sum
2018-12-02,0.0,Precipitation_daily_sum
2018-12-03,0.0,Precipitation_daily_sum
2018-12-04,0.0,Precipitation_daily_sum
2018-12-05,0.0,Precipitation_daily_sum
2018-12-06,0.0,Precipitation_daily_sum
2018-12-07,0.0,Precipitation_daily_sum
2018-12-08,0.0,Precipitation_daily_sum
2018-12-09,0.0,Precipitation_daily_sum
2018-12-10,0.0,Precipitation_daily_sum
2018-12-11,0.0,Precipitation_daily_sum
2018-12-12,1.25,Precipitation_daily_sum
2018-12-13,0.0,Precipitation_daily_sum
2018-12-14,0.0,Precipitation_daily_sum
2018-12-15,0.0,Precipitation_daily_sum
2018-12-16,0.0,Precipitation_daily_sum
2018-12-17,0.0,Precipitation_daily_sum
2018-12-18,0.0,Precipitation_daily_sum
2018-12-19,0.0,Precipitation_daily_sum
2018-12-20,0.0,Precipitation_daily_sum
2018-12-21,0.0,Precipitation_daily_sum
2018-12-22,0.0,Precipitation_daily_sum
2018-12-23,0.0,Precipitation_daily_sum
2018-12-24,0.0,Precipitation_daily_sum
2018-12-25,0.0,Precipitation_daily_sum
2018-12-26,0.0,Precipitation_daily_sum
2018-12-27,0.0,Precipitation_daily_sum
2018-12-28,0.0,Precipitation_daily_sum
2018-12-29,0.0,Precipitation_daily_sum
2018-12-30,0.0,Precipitation_daily_sum
2018-12-31,0.0,Precipitation_daily_sum
2019-01-01,0.0,Precipitation_daily_sum
2019-01-02,0.0,Precipitation_daily_sum
2019-01-03,0.0,Precipitation_daily_sum
2019-01-04,0.0,Precipitation_daily_sum
2019-01-05,0.0,Precipitation_daily_sum
2019-01-06,2.75,Precipitation_daily_sum
2019-01-07,0.25,Precipitation_daily_sum
2019-01-08,0.0,Precipitation_daily_sum
2019-01-09,0.0,Precipitation_daily_sum
2019-01-10,0.0,Precipitation_daily_sum
2019-01-11,0.0,Precipitation_daily_sum
2019-01-12,0.0,Precipitation_daily_sum
2019-01-13,0.0,Precipitation_daily_sum
2019-01-14,0.0,Precipitation_daily_sum
2019-01-15,0.0,Precipitation_daily_sum
2019-01-16,0.0,Precipitation_daily_sum
2019-01-17,0.0,Precipitation_daily_sum
2019-01-18,0.0,Precipitation_daily_sum
2019-01-19,0.0,Precipitation_daily_sum
2019-01-20,0.0,Precipitation_daily_sum
2019-01-21,0.0,Precipitation_daily_sum
2019-01-22,0.0,Precipitation_daily_sum
2019-01-23,0.0,Precipitation_daily_sum
2019-01-24,0.0,Precipitation_daily_sum
2019-01-25,0.0,Precipitation_daily_sum
2019-01-26,0.0,Precipitation_daily_sum
2019-01-27,0.0,Precipitation_daily_sum
2019-01-28,0.0,Precipitation_daily_sum
2019-01-29,0.0,Precipitation_daily_sum
2019-01-30,0.0,Precipitation_daily_sum
2019-01-31,0.0,Precipitation_daily_sum
2019-02-01,0.0,Precipitation_daily_sum
2019-02-02,0.0,Precipitation_daily_sum
2019-02-03,0.0,Precipitation_daily_sum
2019-02-04,0.0,Precipitation_daily_sum
2019-02-05,0.0,Precipitation_daily_sum
2019-02-06,0.0,Precipitation_daily_sum
2019-02-07,0.0,Precipitation_daily_sum
2019-02-08,0.0,Precipitation_daily_sum
2019-02-09,0.25,Precipitation_daily_sum
2019-02-10,0.0,Precipitation_daily_sum
2019-02-11,0.0,Precipitation_daily_sum
2019-02-12,0.0,Precipitation_daily_sum
2019-02-13,0.0,Precipitation_daily_sum
2019-02-14,0.0,Precipitation_daily_sum
2019-02-15,0.0,Precipitation_daily_sum
2019-02-16,0.0,Precipitation_daily_sum
2019-02-17,0.0,Precipitation_daily_sum
2019-02-18,0.0,Precipitation_daily_sum
2019-02-19,0.0,Precipitation_daily_sum
2019-02-20,0.0,Precipitation_daily_sum
2019-02-21,0.0,Precipitation_daily_sum
2019-02-22,0.0,Precipitation_daily_sum
2019-02-23,0.0,Precipitation_daily_sum
2019-02-24,0.0,Precipitation_daily_sum
2019-02-25,0.0,Precipitation_daily_sum
2019-02-26,0.0,Precipitation_daily_sum
2019-02-27,0.0,Precipitation_daily_sum
2019-02-28,0.0,Precipitation_daily_sum
2019-03-01,0.0,Precipitation_daily_sum
2019-03-02,0.0,Precipitation_daily_sum
2019-03-03,0.0,Precipitation_daily_sum
2019-03-04,0.0,Precipitation_daily_sum
2019-03-05,0.0,Precipitation_daily_sum
2019-03-06,0.0,Precipitation_daily_sum
2019-03-07,0.0,Precipitation_daily_sum
2019-03-08,0.0,Precipitation_daily_sum
2019-03-09,0.0,Precipitation_daily_sum
2019-03-10,0.0,Precipitation_daily_sum
2019-03-11,0.0,Precipitation_daily_sum
2019-03-12,0.0,Precipitation_daily_sum
2019-03-13,0.0,Precipitation_daily_sum
2019-03-14,0.0,Precipitation_daily_sum
2019-03-15,0.0,Precipitation_daily_sum
2019-03-16,0.0,Precipitation_daily_sum
2019-03-17,0.0,Precipitation_daily_sum
2019-03-18,0.0,Precipitation_daily_sum
2019-03-19,0.0,Precipitation_daily_sum
2019-03-20,0.0,Precipitation_daily_sum
2019-03-21,0.0,Precipitation_daily_sum
2019-03-22,0.0,Precipitation_daily_sum
2019-03-23,0.0,Precipitation_daily_sum
2019-03-24,0.0,Precipitation_daily_sum
2019-03-25,0.0,Precipitation_daily_sum
2019-03-26,0.0,Precipitation_daily_sum
2019-03-27,0.0,Precipitation_daily_sum
2019-03-28,0.0,Precipitation_daily_sum
2019-03-29,0.0,Precipitation_daily_sum
2019-03-30,0.0,Precipitation_daily_sum
2019-03-31,2.25,Precipitation_daily_sum
2019-04-01,0.0,Precipitation_daily_sum
2019-04-02,0.0,Precipitation_daily_sum
2019-04-03,0.0,Precipitation_daily_sum
2019-04-04,0.0,Precipitation_daily_sum
2019-04-05,0.0,Precipitation_daily_sum
2019-04-06,0.0,Precipitation_daily_sum
2019-04-07,0.0,Precipitation_daily_sum
2019-04-08,0.0,Precipitation_daily_sum
2019-04-09,0.0,Precipitation_daily_sum
2019-04-10,0.0,Precipitation_daily_sum
2019-04-11,0.0,Precipitation_daily_sum
2019-04-12,0.0,Precipitation_daily_sum
2019-04-13,0.0,Precipitation_daily_sum
2019-04-14,0.0,Precipitation_daily_sum
2019-04-15,0.0,Precipitation_daily_sum
2019-04-16,0.0,Precipitation_daily_sum
2019-04-17,0.0,Precipitation_daily_sum
2019-04-18,0.0,Precipitation_daily_sum
2019-04-19,0.0,Precipitation_daily_sum
2019-04-20,0.0,Precipitation_daily_sum
2019-04-21,1.25,Precipitation_daily_sum
2019-04-22,0.25,Precipitation_daily_sum
2019-04-23,0.0,Precipitation_daily_sum
2019-04-24,0.0,Precipitation_daily_sum
2019-04-25,0.0,Precipitation_daily_sum
2019-04-26,0.0,Precipitation_daily_sum
2019-04-27,0.0,Precipitation_daily_sum
2019-04-28,0.0,Precipitation_daily_sum
2019-04-29,13.5,Precipitation_daily_sum
2019-04-30,61.75,Precipitation_daily_sum
2019-05-01,37.5,Precipitation_daily_sum
2019-05-02,0.0,Precipitation_daily_sum
2019-05-03,0.0,Precipitation_daily_sum
2019-05-04,0.0,Precipitation_daily_sum
2019-05-05,0.0,Precipitation_daily_sum
2019-05-06,12.75,Precipitation_daily_sum
2019-05-07,0.0,Precipitation_daily_sum
2019-05-08,0.0,Precipitation_daily_sum
2019-05-09,0.0,Precipitation_daily_sum
2019-05-10,0.0,Precipitation_daily_sum
2019-05-11,0.0,Precipitation_daily_sum
2019-05-12,0.0,Precipitation_daily_sum
2019-05-13,0.0,Precipitation_daily_sum
2019-05-14,19.0,Precipitation_daily_sum
2019-05-15,0.0,Precipitation_daily_sum
2019-05-16,0.0,Precipitation_daily_sum
2019-05-17,2.75,Precipitation_daily_sum
2019-05-18,0.0,Precipitation_daily_sum
2019-05-19,0.0,Precipitation_daily_sum
2019-05-20,0.0,Precipitation_daily_sum
2019-05-21,0.0,Precipitation_daily_sum
2019-05-22,0.0,Precipitation_daily_sum
2019-05-23,0.0,Precipitation_daily_sum
2019-05-24,12.5,Precipitation_daily_sum
2019-05-25,7.5,Precipitation_daily_sum
2019-05-26,56.5,Precipitation_daily_sum
2019-05-27,4.25,Precipitation_daily_sum
2019-05-28,48.3,Precipitation_daily_sum
2019-05-29,0.0,Precipitation_daily_sum
2019-05-30,0.0,Precipitation_daily_sum
2019-05-31,0.0,Precipitation_daily_sum
2019-06-01,22.75,Precipitation_daily_sum
2019-06-02,38.0,Precipitation_daily_sum
2019-06-03,43.75,Precipitation_daily_sum
2019-06-04,0.0,Precipitation_daily_sum
2019-06-05,0.0,Precipitation_daily_sum
2019-06-06,0.0,Precipitation_daily_sum
2019-06-07,0.0,Precipitation_daily_sum
2019-06-08,17.25,Precipitation_daily_sum
2019-06-09,35.5,Precipitation_daily_sum
2019-06-10,46.5,Precipitation_daily_sum
2019-06-11,17.75,Precipitation_daily_sum
2019-06-12,0.0,Precipitation_daily_sum
2019-06-13,0.0,Precipitation_daily_sum
2019-06-14,8.75,Precipitation_daily_sum
2019-06-15,0.0,Precipitation_daily_sum
2019-06-16,0.0,Precipitation_daily_sum
2019-06-17,0.0,Precipitation_daily_sum
2019-06-18,0.0,Precipitation_daily_sum
2019-06-19,0.0,Precipitation_daily_sum
2019-06-20,0.0,Precipitation_daily_sum
2019-06-21,16.75,Precipitation_daily_sum
2019-06-22,0.0,Precipitation_daily_sum
2019-06-23,2.5,Precipitation_daily_sum
2019-06-24,0.25,Precipitation_daily_sum
2019-06-25,21.0,Precipitation_daily_sum
2019-06-26,34.0,Precipitation_daily_sum
2019-06-27,0.0,Precipitation_daily_sum
2019-06-28,0.0,Precipitation_daily_sum
2019-06-29,0.0,Precipitation_daily_sum
2019-06-30,0.0,Precipitation_daily_sum
2019-07-01,0.0,Precipitation_daily_sum
2019-07-02,0.0,Precipitation_daily_sum
2019-07-03,0.0,Precipitation_daily_sum
2019-07-04,0.0,Precipitation_daily_sum
2019-07-05,0.0,Precipitation_daily_sum
2019-07-06,0.0,Precipitation_daily_sum
2019-07-07,0.0,Precipitation_daily_sum
2019-07-08,0.0,Precipitation_daily_sum
2019-07-09,0.0,Precipitation_daily_sum
2019-07-10,0.0,Precipitation_daily_sum
2019-07-11,0.0,Precipitation_daily_sum
2019-07-12,0.0,Precipitation_daily_sum
2019-07-13,0.0,Precipitation_daily_sum
2019-07-14,22.0,Precipitation_daily_sum
2019-07-15,0.0,Precipitation_daily_sum
2019-07-16,0.0,Precipitation_daily_sum
2019-07-17,58.5,Precipitation_daily_sum
2019-07-18,16.75,Precipitation_daily_sum
2019-07-19,0.0,Precipitation_daily_sum
2019-07-20,0.0,Precipitation_daily_sum
2019-07-21,0.0,Precipitation_daily_sum
2019-07-22,0.0,Precipitation_daily_sum
2019-07-23,0.0,Precipitation_daily_sum
2019-07-24,0.0,Precipitation_daily_sum
2019-07-25,41.0,Precipitation_daily_sum
2019-07-26,2.0,Precipitation_daily_sum
2019-07-27,0.25,Precipitation_daily_sum
2019-07-28,1.75,Precipitation_daily_sum
2019-07-29,0.25,Precipitation_daily_sum
2019-07-30,0.0,Precipitation_daily_sum
2019-07-31,0.0,Precipitation_daily_sum
2019-08-01,0.0,Precipitation_daily_sum
2019-08-02,3.75,Precipitation_daily_sum
2019-08-03,6.75,Precipitation_daily_sum
2019-08-04,0.0,Precipitation_daily_sum
2019-08-05,0.0,Precipitation_daily_sum
2019-08-06,0.0,Precipitation_daily_sum
2019-08-07,0.0,Precipitation_daily_sum
2019-08-08,5.25,Precipitation_daily_sum
2019-08-09,0.0,Precipitation_daily_sum
2019-08-10,0.0,Precipitation_daily_sum
2019-08-11,0.0,Precipitation_daily_sum
2019-08-12,0.0,Precipitation_daily_sum
2019-08-13,13.25,Precipitation_daily_sum
2019-08-14,15.75,Precipitation_daily_sum
2019-08-15,0.0,Precipitation_daily_sum
2019-08-16,0.0,Precipitation_daily_sum
2019-08-17,0.0,Precipitation_daily_sum
2019-08-18,0.0,Precipitation_daily_sum
2019-08-19,0.0,Precipitation_daily_sum
2019-08-20,0.0,Precipitation_daily_sum
2019-08-21,0.0,Precipitation_daily_sum
2019-08-22,0.0,Precipitation_daily_sum
2019-08-23,8.5,Precipitation_daily_sum
2019-08-24,0.0,Precipitation_daily_sum
2019-08-25,1.5,Precipitation_daily_sum
2019-08-26,0.0,Precipitation_daily_sum
2019-08-27,0.0,Precipitation_daily_sum
2019-08-28,0.0,Precipitation_daily_sum
2019-08-29,0.0,Precipitation_daily_sum
2019-08-30,0.0,Precipitation_daily_sum
2019-08-31,0.0,Precipitation_daily_sum
2019-09-01,1.0,Precipitation_daily_sum
2019-09-02,0.25,Precipitation_daily_sum
2019-09-03,38.0,Precipitation_daily_sum
2019-09-04,10.5,Precipitation_daily_sum
2019-09-05,0.0,Precipitation_daily_sum
2019-09-06,12.75,Precipitation_daily_sum
2019-09-07,0.0,Precipitation_daily_sum
2019-09-08,0.0,Precipitation_daily_sum
2019-09-09,0.0,Precipitation_daily_sum
2019-09-10,0.0,Precipitation_daily_sum
2019-09-11,1.25,Precipitation_daily_sum
2019-09-12,39.75,Precipitation_daily_sum
2019-09-13,0.0,Precipitation_daily_sum
2019-09-14,0.0,Precipitation_daily_sum
2019-09-15,0.0,Precipitation_daily_sum
2019-09-16,0.0,Precipitation_daily_sum
2019-09-17,0.0,Precipitation_daily_sum
2019-09-18,0.0,Precipitation_daily_sum
2019-09-19,0.0,Precipitation_daily_sum
2019-09-20,0.0,Precipitation_daily_sum
2019-09-21,0.0,Precipitation_daily_sum
2019-09-22,0.0,Precipitation_daily_sum
2019-09-23,0.0,Precipitation_daily_sum
2019-09-24,0.0,Precipitation_daily_sum
2019-09-25,0.0,Precipitation_daily_sum
2019-09-26,0.0,Precipitation_daily_sum
2019-09-27,23.75,Precipitation_daily_sum
2019-09-28,0.0,Precipitation_daily_sum
2019-09-29,0.0,Precipitation_daily_sum
2019-09-30,0.0,Precipitation_daily_sum
2019-10-01,0.0,Precipitation_daily_sum
2019-10-02,0.0,Precipitation_daily_sum
2019-10-03,0.0,Precipitation_daily_sum
2019-10-04,0.0,Precipitation_daily_sum
2019-10-05,0.0,Precipitation_daily_sum
2019-10-06,0.0,Precipitation_daily_sum
2019-10-07,0.0,Precipitation_daily_sum
2019-10-08,0.0,Precipitation_daily_sum
2019-10-09,0.0,Precipitation_daily_sum
2019-10-10,0.0,Precipitation_daily_sum
2019-10-11,8.75,Precipitation_daily_sum
2019-10-12,0.0,Precipitation_daily_sum
2019-10-13,5.25,Precipitation_daily_sum
2019-10-14,0.0,Precipitation_daily_sum
2019-10-15,0.0,Precipitation_daily_sum
2019-10-16,0.0,Precipitation_daily_sum
2019-10-17,0.0,Precipitation_daily_sum
2019-10-18,0.0,Precipitation_daily_sum
2019-10-19,0.0,Precipitation_daily_sum
2019-10-20,0.0,Precipitation_daily_sum
2019-10-21,0.0,Precipitation_daily_sum
2019-10-22,0.0,Precipitation_daily_sum
2019-10-23,0.0,Precipitation_daily_sum
2019-10-24,0.0,Precipitation_daily_sum
2019-10-25,11.0,Precipitation_daily_sum
2019-10-26,2.0,Precipitation_daily_sum
2019-10-27,0.0,Precipitation_daily_sum
2019-10-28,0.0,Precipitation_daily_sum
2019-10-29,11.75,Precipitation_daily_sum
2019-10-30,0.0,Precipitation_daily_sum
2019-10-31,0.0,Precipitation_daily_sum
2019-11-01,0.0,Precipitation_daily_sum
2019-11-02,0.0,Precipitation_daily_sum
2019-11-03,0.0,Precipitation_daily_sum
2019-11-04,0.0,Precipitation_daily_sum
2019-11-05,0.0,Precipitation_daily_sum
2019-11-06,0.0,Precipitation_daily_sum
2019-11-07,0.0,Precipitation_daily_sum
2019-11-08,0.0,Precipitation_daily_sum
2019-11-09,0.0,Precipitation_daily_sum
2019-11-10,0.0,Precipitation_daily_sum
2019-11-11,0.0,Precipitation_daily_sum
2019-11-12,0.0,Precipitation_daily_sum
2019-11-13,0.0,Precipitation_daily_sum
2019-11-14,0.0,Precipitation_daily_sum
2019-11-15,0.0,Precipitation_daily_sum
2019-11-16,0.0,Precipitation_daily_sum
2019-11-17,0.0,Precipitation_daily_sum
2019-11-18,0.0,Precipitation_daily_sum
2019-11-19,0.0,Precipitation_daily_sum
2019-11-20,0.0,Precipitation_daily_sum
2019-11-21,0.0,Precipitation_daily_sum
2019-11-22,0.25,Precipitation_daily_sum
2019-11-23,0.0,Precipitation_daily_sum
2019-11-24,0.0,Precipitation_daily_sum
2019-11-25,0.0,Precipitation_daily_sum
2019-11-26,0.0,Precipitation_daily_sum
2019-11-27,0.0,Precipitation_daily_sum
2019-11-28,0.0,Precipitation_daily_sum
2019-11-29,0.0,Precipitation_daily_sum
2019-11-30,0.0,Precipitation_daily_sum
2019-12-01,0.0,Precipitation_daily_sum
2019-12-02,0.0,Precipitation_daily_sum
2019-12-03,0.0,Precipitation_daily_sum
2019-12-04,0.0,Precipitation_daily_sum
2019-12-05,0.0,Precipitation_daily_sum
2019-12-06,0.0,Precipitation_daily_sum
2019-12-07,0.0,Precipitation_daily_sum
2019-12-08,0.0,Precipitation_daily_sum
2019-12-09,0.0,Precipitation_daily_sum
2019-12-10,0.25,Precipitation_daily_sum
2019-12-11,0.5,Precipitation_daily_sum
2019-12-12,0.0,Precipitation_daily_sum
2019-12-13,0.0,Precipitation_daily_sum
2019-12-14,0.0,Precipitation_daily_sum
2019-12-15,0.0,Precipitation_daily_sum
2019-12-16,0.0,Precipitation_daily_sum
2019-12-17,0.0,Precipitation_daily_sum
2019-12-18,0.0,Precipitation_daily_sum
2019-12-19,0.0,Precipitation_daily_sum
2019-12-20,0.0,Precipitation_daily_sum
2019-12-21,0.0,Precipitation_daily_sum
2019-12-22,0.0,Precipitation_daily_sum
2019-12-23,0.0,Precipitation_daily_sum
2019-12-24,0.0,Precipitation_daily_sum
2019-12-25,0.0,Precipitation_daily_sum
2019-12-26,0.0,Precipitation_daily_sum
2019-12-27,0.0,Precipitation_daily_sum
2019-12-28,0.0,Precipitation_daily_sum
2019-12-29,0.0,Precipitation_daily_sum
2019-12-30,0.0,Precipitation_daily_sum
2019-12-31,0.0,Precipitation_daily_sum
2020-01-01,0.0,Precipitation_daily_sum
2020-01-02,0.0,Precipitation_daily_sum
2020-01-03,0.0,Precipitation_daily_sum
2020-01-04,0.0,Precipitation_daily_sum
2020-01-05,0.0,Precipitation_daily_sum
2020-01-06,0.0,Precipitation_daily_sum
2020-01-07,0.0,Precipitation_daily_sum
2020-01-08,0.0,Precipitation_daily_sum
2020-01-09,0.0,Precipitation_daily_sum
2020-01-10,0.0,Precipitation_daily_sum
2020-01-11,0.0,Precipitation_daily_sum
2020-01-12,0.0,Precipitation_daily_sum
2020-01-13,0.0,Precipitation_daily_sum
2020-01-14,0.0,Precipitation_daily_sum
2020-01-15,0.0,Precipitation_daily_sum
2020-01-16,0.0,Precipitation_daily_sum
2020-01-17,0.0,Precipitation_daily_sum
2020-01-18,0.0,Precipitation_daily_sum
2020-01-19,0.0,Precipitation_daily_sum
2020-01-20,0.0,Precipitation_daily_sum
2020-01-21,0.0,Precipitation_daily_sum
2020-01-22,0.0,Precipitation_daily_sum
2020-01-23,0.0,Precipitation_daily_sum
2020-01-24,0.0,Precipitation_daily_sum
2020-01-25,0.0,Precipitation_daily_sum
2020-01-26,0.0,Precipitation_daily_sum
2020-01-27,0.0,Precipitation_daily_sum
2020-01-28,0.0,Precipitation_daily_sum
2020-01-29,0.0,Precipitation_daily_sum
2020-01-30,0.0,Precipitation_daily_sum
2020-01-31,0.0,Precipitation_daily_sum
2020-02-01,0.0,Precipitation_daily_sum
2020-02-02,0.0,Precipitation_daily_sum
2020-02-03,0.0,Precipitation_daily_sum
2020-02-04,0.0,Precipitation_daily_sum
2020-02-05,0.0,Precipitation_daily_sum
2020-02-06,0.0,Precipitation_daily_sum
2020-02-07,0.0,Precipitation_daily_sum
2020-02-08,0.0,Precipitation_daily_sum
2020-02-09,0.0,Precipitation_daily_sum
2020-02-10,0.0,Precipitation_daily_sum
2020-02-11,0.0,Precipitation_daily_sum
2020-02-12,0.0,Precipitation_daily_sum
2020-02-13,0.0,Precipitation_daily_sum
2020-02-14,0.0,Precipitation_daily_sum
2020-02-15,0.0,Precipitation_daily_sum
2020-02-16,0.0,Precipitation_daily_sum
2020-02-17,0.0,Precipitation_daily_sum
2020-02-18,0.0,Precipitation_daily_sum
2020-02-19,0.0,Precipitation_daily_sum
2020-02-20,0.0,Precipitation_daily_sum
2020-02-21,0.0,Precipitation_daily_sum
2020-02-22,0.0,Precipitation_daily_sum
2020-02-23,0.0,Precipitation_daily_sum
2020-02-24,0.0,Precipitation_daily_sum
2020-02-25,0.0,Precipitation_daily_sum
2020-02-26,0.0,Precipitation_daily_sum
2020-02-27,0.0,Precipitation_daily_sum
2020-02-28,0.0,Precipitation_daily_sum
2020-02-29,0.0,Precipitation_daily_sum
2020-03-01,0.0,Precipitation_daily_sum
2020-03-02,0.0,Precipitation_daily_sum
2020-03-03,0.0,Precipitation_daily_sum
2020-03-04,0.0,Precipitation_daily_sum
2020-03-05,0.0,Precipitation_daily_sum
2020-03-06,0.0,Precipitation_daily_sum
2020-03-07,0.0,Precipitation_daily_sum
2020-03-08,0.0,Precipitation_daily_sum
2020-03-09,0.0,Precipitation_daily_sum
2020-03-10,0.0,Precipitation_daily_sum
2020-03-11,0.0,Precipitation_daily_sum
2020-03-12,0.0,Precipitation_daily_sum
2020-03-13,0.0,Precipitation_daily_sum
2020-03-14,0.0,Precipitation_daily_sum
2020-03-15,0.0,Precipitation_daily_sum
2020-03-16,0.0,Precipitation_daily_sum
2020-03-17,0.0,Precipitation_daily_sum
2020-03-18,0.0,Precipitation_daily_sum
2020-03-19,0.0,Precipitation_daily_sum
2020-03-20,0.0,Precipitation_daily_sum
2020-03-21,0.0,Precipitation_daily_sum
2020-03-22,0.0,Precipitation_daily_sum
2020-03-23,0.0,Precipitation_daily_sum
2020-03-24,0.0,Precipitation_daily_sum
2020-03-25,0.0,Precipitation_daily_sum
2020-03-26,0.0,Precipitation_daily_sum
2020-03-27,0.0,Precipitation_daily_sum
2020-03-28,0.0,Precipitation_daily_sum
2020-03-29,0.0,Precipitation_daily_sum
2020-03-30,0.0,Precipitation_daily_sum
2020-03-31,0.0,Precipitation_daily_sum
2020-04-01,0.0,Precipitation_daily_sum
2020-04-02,0.0,Precipitation_daily_sum
2020-04-03,0.0,Precipitation_daily_sum
2020-04-04,0.0,Precipitation_daily_sum
2020-04-05,0.0,Precipitation_daily_sum
2020-04-06,0.0,Precipitation_daily_sum
2020-04-07,0.0,Precipitation_daily_sum
2020-04-08,0.0,Precipitation_daily_sum
2020-04-09,0.0,Precipitation_daily_sum
2020-04-10,0.0,Precipitation_daily_sum
2020-04-11,0.0,Precipitation_daily_sum
2020-04-12,30.0,Precipitation_daily_sum
2020-04-13,53.5,Precipitation_daily_sum
2020-04-14,0.0,Precipitation_daily_sum
2020-04-15,0.0,Precipitation_daily_sum
2020-04-16,0.5,Precipitation_daily_sum
2020-04-17,0.0,Precipitation_daily_sum
2020-04-18,0.0,Precipitation_daily_sum
2020-04-19,0.0,Precipitation_daily_sum
2020-04-20,0.0,Precipitation_daily_sum
2020-04-21,0.0,Precipitation_daily_sum
2020-04-22,0.0,Precipitation_daily_sum
2020-04-23,0.0,Precipitation_daily_sum
2020-04-24,0.0,Precipitation_daily_sum
2020-04-25,0.0,Precipitation_daily_sum
2020-04-26,0.0,Precipitation_daily_sum
2020-04-27,0.0,Precipitation_daily_sum
2020-04-28,0.0,Precipitation_daily_sum
2020-04-29,0.0,Precipitation_daily_sum
2020-04-30,0.0,Precipitation_daily_sum
2020-05-01,0.0,Precipitation_daily_sum
2020-05-02,0.0,Precipitation_daily_sum
2020-05-03,0.0,Precipitation_daily_sum
2020-05-04,0.0,Precipitation_daily_sum
2020-05-05,0.0,Precipitation_daily_sum
2020-05-06,0.0,Precipitation_daily_sum
2020-05-07,0.0,Precipitation_daily_sum
2020-05-08,21.75,Precipitation_daily_sum
2020-05-09,7.25,Precipitation_daily_sum
2020-05-10,0.0,Precipitation_daily_sum
2020-05-11,0.0,Precipitation_daily_sum
2020-05-12,0.0,Precipitation_daily_sum
2020-05-13,0.0,Precipitation_daily_sum
2020-05-14,0.0,Precipitation_daily_sum
2020-05-15,0.0,Precipitation_daily_sum
2020-05-16,0.0,Precipitation_daily_sum
2020-05-17,4.25,Precipitation_daily_sum
2020-05-18,1.25,Precipitation_daily_sum
2020-05-19,0.0,Precipitation_daily_sum
2020-05-20,0.0,Precipitation_daily_sum
2020-05-21,0.0,Precipitation_daily_sum
2020-05-22,29.25,Precipitation_daily_sum
2020-05-23,0.0,Precipitation_daily_sum
2020-05-24,0.0,Precipitation_daily_sum
2020-05-25,0.0,Precipitation_daily_sum
2020-05-26,0.0,Precipitation_daily_sum
2020-05-27,0.0,Precipitation_daily_sum
2020-05-28,0.0,Precipitation_daily_sum
2020-05-29,0.0,Precipitation_daily_sum
2020-05-30,79.0,Precipitation_daily_sum
2020-05-31,17.25,Precipitation_daily_sum
2020-06-01,0.0,Precipitation_daily_sum
2020-06-02,0.0,Precipitation_daily_sum
2020-06-03,27.75,Precipitation_daily_sum
2020-06-04,34.75,Precipitation_daily_sum
2020-06-05,60.5,Precipitation_daily_sum
2020-06-06,102.0,Precipitation_daily_sum
2020-06-07,9.0,Precipitation_daily_sum
2020-06-08,59.8,Precipitation_daily_sum
2020-06-09,7.25,Precipitation_daily_sum
2020-06-10,56.25,Precipitation_daily_sum
2020-06-11,51.5,Precipitation_daily_sum
2020-06-12,30.75,Precipitation_daily_sum
2020-06-13,0.0,Precipitation_daily_sum
2020-06-14,7.75,Precipitation_daily_sum
2020-06-15,4.75,Precipitation_daily_sum
2020-06-16,136.0,Precipitation_daily_sum
2020-06-17,66.25,Precipitation_daily_sum
2020-06-18,18.0,Precipitation_daily_sum
2020-06-19,0.75,Precipitation_daily_sum
2020-06-20,0.25,Precipitation_daily_sum
2020-06-21,77.0,Precipitation_daily_sum
2020-06-22,39.0,Precipitation_daily_sum
2020-06-23,1.5,Precipitation_daily_sum
2020-06-24,0.0,Precipitation_daily_sum
2020-06-25,36.75,Precipitation_daily_sum
2020-06-26,2.25,Precipitation_daily_sum
2020-06-27,22.25,Precipitation_daily_sum
2020-06-28,40.25,Precipitation_daily_sum
2020-06-29,0.0,Precipitation_daily_sum
2020-06-30,0.25,Precipitation_daily_sum
2020-07-01,0.0,Precipitation_daily_sum
2020-07-02,0.0,Precipitation_daily_sum
2020-07-03,0.0,Precipitation_daily_sum
2020-07-04,0.0,Precipitation_daily_sum
2020-07-05,78.75,Precipitation_daily_sum
2020-07-06,92.3,Precipitation_daily_sum
2020-07-07,38.75,Precipitation_daily_sum
2020-07-08,45.25,Precipitation_daily_sum
2020-07-09,21.75,Precipitation_daily_sum
2020-07-10,0.0,Precipitation_daily_sum
2020-07-11,0.0,Precipitation_daily_sum
2020-07-12,0.0,Precipitation_daily_sum
2020-07-13,0.0,Precipitation_daily_sum
2020-07-14,13.0,Precipitation_daily_sum
2020-07-15,0.0,Precipitation_daily_sum
2020-07-16,0.0,Precipitation_daily_sum
2020-07-17,0.0,Precipitation_daily_sum
2020-07-18,0.0,Precipitation_daily_sum
2020-07-19,0.0,Precipitation_daily_sum
2020-07-20,12.25,Precipitation_daily_sum
2020-07-21,0.0,Precipitation_daily_sum
2020-07-22,0.0,Precipitation_daily_sum
2020-07-23,24.5,Precipitation_daily_sum
2020-07-24,1.25,Precipitation_daily_sum
2020-07-25,0.0,Precipitation_daily_sum
2020-07-26,0.0,Precipitation_daily_sum
2020-07-27,0.0,Precipitation_daily_sum
2020-07-28,0.0,Precipitation_daily_sum
2020-07-29,0.0,Precipitation_daily_sum
2020-07-30,0.0,Precipitation_daily_sum
2020-07-31,0.0,Precipitation_daily_sum
2020-08-01,15.0,Precipitation_daily_sum
2020-08-02,2.5,Precipitation_daily_sum
2020-08-03,0.0,Precipitation_daily_sum
2020-08-04,0.0,Precipitation_daily_sum
2020-08-05,0.0,Precipitation_daily_sum
2020-08-06,0.0,Precipitation_daily_sum
2020-08-07,0.0,Precipitation_daily_sum
2020-08-08,0.0,Precipitation_daily_sum
2020-08-09,0.0,Precipitation_daily_sum
2020-08-10,0.0,Precipitation_daily_sum
2020-08-11,0.5,Precipitation_daily_sum
2020-08-12,11.0,Precipitation_daily_sum
2020-08-13,41.25,Precipitation_daily_sum
2020-08-14,12.25,Precipitation_daily_sum
2020-08-15,0.0,Precipitation_daily_sum
2020-08-16,25.75,Precipitation_daily_sum
2020-08-17,4.5,Precipitation_daily_sum
2020-08-18,0.0,Precipitation_daily_sum
2020-08-19,0.0,Precipitation_daily_sum
2020-08-20,0.0,Precipitation_daily_sum
2020-08-21,0.0,Precipitation_daily_sum
2020-08-22,0.0,Precipitation_daily_sum
2020-08-23,0.0,Precipitation_daily_sum
2020-08-24,1.5,Precipitation_daily_sum
2020-08-25,0.0,Precipitation_daily_sum
2020-08-26,0.0,Precipitation_daily_sum
2020-08-27,44.75,Precipitation_daily_sum
2020-08-28,1.25,Precipitation_daily_sum
2020-08-29,0.5,Precipitation_daily_sum
2020-08-30,0.0,Precipitation_daily_sum
2020-08-31,0.0,Precipitation_daily_sum
2020-09-01,0.0,Precipitation_daily_sum
2020-09-02,0.0,Precipitation_daily_sum
2020-09-03,0.5,Precipitation_daily_sum
2020-09-04,0.0,Precipitation_daily_sum
2020-09-05,0.0,Precipitation_daily_sum
2020-09-06,0.0,Precipitation_daily_sum
2020-09-07,0.0,Precipitation_daily_sum
2020-09-08,0.0,Precipitation_daily_sum
2020-09-09,0.0,Precipitation_daily_sum
2020-09-10,0.0,Precipitation_daily_sum
2020-09-11,0.0,Precipitation_daily_sum
2020-09-12,0.0,Precipitation_daily_sum
2020-09-13,0.0,Precipitation_daily_sum
2020-09-14,0.0,Precipitation_daily_sum
2020-09-15,0.0,Precipitation_daily_sum
2020-09-16,0.0,Precipitation_daily_sum
2020-09-17,2.5,Precipitation_daily_sum
2020-09-18,0.5,Precipitation_daily_sum
2020-09-19,0.0,Precipitation_daily_sum
2020-09-20,0.0,Precipitation_daily_sum
2020-09-21,0.0,Precipitation_daily_sum
2020-09-22,0.0,Precipitation_daily_sum
2020-09-23,0.0,Precipitation_daily_sum
2020-09-24,0.0,Precipitation_daily_sum
2020-09-25,0.0,Precipitation_daily_sum
2020-09-26,0.0,Precipitation_daily_sum
2020-09-27,0.0,Precipitation_daily_sum
2020-09-28,0.0,Precipitation_daily_sum
2020-09-29,0.0,Precipitation_daily_sum
2020-09-30,0.0,Precipitation_daily_sum
2020-10-01,0.0,Precipitation_daily_sum
2020-10-02,0.0,Precipitation_daily_sum
2020-10-03,0.0,Precipitation_daily_sum
2020-10-04,0.0,Precipitation_daily_sum
2020-10-05,0.0,Precipitation_daily_sum
2020-10-06,0.0,Precipitation_daily_sum
2020-10-07,0.0,Precipitation_daily_sum
2020-10-08,0.0,Precipitation_daily_sum
2020-10-09,0.75,Precipitation_daily_sum
2020-10-10,0.0,Precipitation_daily_sum
2020-10-11,0.75,Precipitation_daily_sum
2020-10-12,19.5,Precipitation_daily_sum
2020-10-13,0.0,Precipitation_daily_sum
2020-10-14,0.0,Precipitation_daily_sum
2020-10-15,0.0,Precipitation_daily_sum
2020-10-16,0.0,Precipitation_daily_sum
2020-10-17,0.0,Precipitation_daily_sum
2020-10-18,0.0,Precipitation_daily_sum
2020-10-19,0.0,Precipitation_daily_sum
2020-10-20,0.0,Precipitation_daily_sum
2020-10-21,0.0,Precipitation_daily_sum
2020-10-22,0.0,Precipitation_daily_sum
2020-10-23,0.0,Precipitation_daily_sum
2020-10-24,0.0,Precipitation_daily_sum
2020-10-25,0.0,Precipitation_daily_sum
2020-10-26,0.0,Precipitation_daily_sum
2020-10-27,0.0,Precipitation_daily_sum
2020-10-28,0.0,Precipitation_daily_sum
2020-10-29,0.0,Precipitation_daily_sum
2020-10-30,0.0,Precipitation_daily_sum
2020-10-31,0.0,Precipitation_daily_sum
2020-11-01,0.0,Precipitation_daily_sum
2020-11-02,0.0,Precipitation_daily_sum
2020-11-03,0.0,Precipitation_daily_sum
2020-11-04,0.0,Precipitation_daily_sum
2020-11-05,0.0,Precipitation_daily_sum
2020-11-06,0.0,Precipitation_daily_sum
2020-11-07,0.0,Precipitation_daily_sum
2020-11-08,0.0,Precipitation_daily_sum
2020-11-09,0.0,Precipitation_daily_sum
2020-11-10,0.0,Precipitation_daily_sum
2020-11-11,0.0,Precipitation_daily_sum
2020-11-12,0.0,Precipitation_daily_sum
2020-11-13,0.0,Precipitation_daily_sum
2020-11-14,0.0,Precipitation_daily_sum
2020-11-15,0.0,Precipitation_daily_sum
2020-11-16,0.0,Precipitation_daily_sum
2020-11-17,0.0,Precipitation_daily_sum
2020-11-18,0.0,Precipitation_daily_sum
2020-11-19,0.0,Precipitation_daily_sum
2020-11-20,0.0,Precipitation_daily_sum
2020-11-21,0.0,Precipitation_daily_sum
2020-11-22,0.0,Precipitation_daily_sum
2020-11-23,0.0,Precipitation_daily_sum
2020-11-24,0.0,Precipitation_daily_sum
2020-11-25,0.0,Precipitation_daily_sum
2020-11-26,0.0,Precipitation_daily_sum
2020-11-27,2.3,Precipitation_daily_sum
2020-11-28,0.0,Precipitation_daily_sum
2020-11-29,0.0,Precipitation_daily_sum
2020-11-30,0.0,Precipitation_daily_sum
2020-12-01,0.0,Precipitation_daily_sum
2020-12-02,0.0,Precipitation_daily_sum
2020-12-03,0.0,Precipitation_daily_sum
2020-12-04,0.0,Precipitation_daily_sum
2020-12-05,0.0,Precipitation_daily_sum
2020-12-06,0.0,Precipitation_daily_sum
2020-12-07,0.0,Precipitation_daily_sum
2020-12-08,0.0,Precipitation_daily_sum
2020-12-09,0.0,Precipitation_daily_sum
2020-12-10,0.0,Precipitation_daily_sum
2020-12-11,0.0,Precipitation_daily_sum
2020-12-12,0.0,Precipitation_daily_sum
2020-12-13,0.0,Precipitation_daily_sum
2020-12-14,0.0,Precipitation_daily_sum
2020-12-15,0.0,Precipitation_daily_sum
2020-12-16,0.0,Precipitation_daily_sum
2020-12-17,0.0,Precipitation_daily_sum
2020-12-18,0.0,Precipitation_daily_sum
2020-12-19,0.0,Precipitation_daily_sum
2020-12-20,0.0,Precipitation_daily_sum
2020-12-21,0.0,Precipitation_daily_sum
2020-12-22,0.0,Precipitation_daily_sum
2020-12-23,0.0,Precipitation_daily_sum
2020-12-24,0.0,Precipitation_daily_sum
2020-12-25,0.0,Precipitation_daily_sum
2020-12-26,0.0,Precipitation_daily_sum
2020-12-27,0.0,Precipitation_daily_sum
2020-12-28,0.0,Precipitation_daily_sum
2020-12-29,0.0,Precipitation_daily_sum
2020-12-30,0.0,Precipitation_daily_sum
2020-12-31,0.0,Precipitation_daily_sum
2021-01-01,0.0,Precipitation_daily_sum
2021-01-02,0.0,Precipitation_daily_sum
2021-01-03,0.0,Precipitation_daily_sum
2021-01-04,0.0,Precipitation_daily_sum
2021-01-05,0.0,Precipitation_daily_sum
2021-01-06,0.0,Precipitation_daily_sum
2021-01-07,0.0,Precipitation_daily_sum
2021-01-08,0.0,Precipitation_daily_sum
2021-01-09,0.0,Precipitation_daily_sum
2021-01-10,0.0,Precipitation_daily_sum
2021-01-11,0.0,Precipitation_daily_sum
2021-01-12,5.5,Precipitation_daily_sum
2021-01-13,28.75,Precipitation_daily_sum
2021-01-14,25.0,Precipitation_daily_sum
2021-01-15,1.5,Precipitation_daily_sum
2021-01-16,0.0,Precipitation_daily_sum
2021-01-17,0.0,Precipitation_daily_sum
2021-01-18,0.0,Precipitation_daily_sum
2021-01-19,0.0,Precipitation_daily_sum
2021-01-20,0.0,Precipitation_daily_sum
2021-01-21,0.0,Precipitation_daily_sum
2021-01-22,0.0,Precipitation_daily_sum
2021-01-23,0.0,Precipitation_daily_sum
2021-01-24,0.0,Precipitation_daily_sum
2021-01-25,0.0,Precipitation_daily_sum
2021-01-26,0.0,Precipitation_daily_sum
2021-01-27,0.0,Precipitation_daily_sum
2021-01-28,0.0,Precipitation_daily_sum
2021-01-29,0.0,Precipitation_daily_sum
2021-01-30,0.0,Precipitation_daily_sum
2021-01-31,0.0,Precipitation_daily_sum
2021-02-01,0.0,Precipitation_daily_sum
2021-02-02,0.0,Precipitation_daily_sum
2021-02-03,0.0,Precipitation_daily_sum
2021-02-04,0.0,Precipitation_daily_sum
2021-02-05,0.0,Precipitation_daily_sum
2021-02-06,0.0,Precipitation_daily_sum
2021-02-07,0.0,Precipitation_daily_sum
2021-02-08,0.0,Precipitation_daily_sum
2021-02-09,0.0,Precipitation_daily_sum
2021-02-10,0.0,Precipitation_daily_sum
2021-02-11,0.0,Precipitation_daily_sum
2021-02-12,0.0,Precipitation_daily_sum
2021-02-13,0.0,Precipitation_daily_sum
2021-02-14,0.0,Precipitation_daily_sum
2021-02-15,0.0,Precipitation_daily_sum
2021-02-16,0.0,Precipitation_daily_sum
2021-02-17,0.0,Precipitation_daily_sum
2021-02-18,0.0,Precipitation_daily_sum
2021-02-19,0.0,Precipitation_daily_sum
2021-02-20,0.0,Precipitation_daily_sum
2021-02-21,0.0,Precipitation_daily_sum
2021-02-22,0.0,Precipitation_daily_sum
2021-02-23,0.0,Precipitation_daily_sum
2021-02-24,0.0,Precipitation_daily_sum
2021-02-25,0.0,Precipitation_daily_sum
2021-02-26,0.0,Precipitation_daily_sum
2021-02-27,0.0,Precipitation_daily_sum
2021-02-28,0.0,Precipitation_daily_sum
2021-03-01,0.0,Precipitation_daily_sum
2021-03-02,0.0,Precipitation_daily_sum
2021-03-03,0.0,Precipitation_daily_sum
2021-03-04,0.0,Precipitation_daily_sum
2021-03-05,0.0,Precipitation_daily_sum
2021-03-06,0.0,Precipitation_daily_sum
2021-03-07,0.0,Precipitation_daily_sum
2021-03-08,0.0,Precipitation_daily_sum
2021-03-09,0.0,Precipitation_daily_sum
2021-03-10,0.0,Precipitation_daily_sum
2021-03-11,0.0,Precipitation_daily_sum
2021-03-12,0.0,Precipitation_daily_sum
2021-03-13,0.0,Precipitation_daily_sum
2021-03-14,0.0,Precipitation_daily_sum
2021-03-15,0.0,Precipitation_daily_sum
2021-03-16,0.0,Precipitation_daily_sum
2021-03-17,0.0,Precipitation_daily_sum
2021-03-18,0.0,Precipitation_daily_sum
2021-03-19,0.0,Precipitation_daily_sum
2021-03-20,0.0,Precipitation_daily_sum
2021-03-21,0.0,Precipitation_daily_sum
2021-03-22,0.0,Precipitation_daily_sum
2021-03-23,0.0,Precipitation_daily_sum
2021-03-24,0.0,Precipitation_daily_sum
2021-03-25,0.0,Precipitation_daily_sum
2021-03-26,0.0,Precipitation_daily_sum
2021-03-27,0.0,Precipitation_daily_sum
2021-03-28,0.0,Precipitation_daily_sum
2021-03-29,0.0,Precipitation_daily_sum
2021-03-30,0.0,Precipitation_daily_sum
2021-03-31,0.0,Precipitation_daily_sum
2021-04-01,0.0,Precipitation_daily_sum
2021-04-02,0.0,Precipitation_daily_sum
2021-04-03,0.0,Precipitation_daily_sum
2021-04-04,2.25,Precipitation_daily_sum
2021-04-05,36.25,Precipitation_daily_sum
2021-04-06,0.0,Precipitation_daily_sum
2021-04-07,0.0,Precipitation_daily_sum
2021-04-08,0.0,Precipitation_daily_sum
2021-04-09,0.0,Precipitation_daily_sum
2021-04-10,0.0,Precipitation_daily_sum
2021-04-11,0.0,Precipitation_daily_sum
2021-04-12,0.0,Precipitation_daily_sum
2021-04-13,0.0,Precipitation_daily_sum
2021-04-14,0.25,Precipitation_daily_sum
2021-04-15,22.25,Precipitation_daily_sum
2021-04-16,34.5,Precipitation_daily_sum
2021-04-17,14.25,Precipitation_daily_sum
2021-04-18,0.0,Precipitation_daily_sum
2021-04-19,0.0,Precipitation_daily_sum
2021-04-20,0.0,Precipitation_daily_sum
2021-04-21,0.0,Precipitation_daily_sum
2021-04-22,0.0,Precipitation_daily_sum
2021-04-23,0.0,Precipitation_daily_sum
2021-04-24,0.0,Precipitation_daily_sum
2021-04-25,0.0,Precipitation_daily_sum
2021-04-26,0.0,Precipitation_daily_sum
2021-04-27,0.0,Precipitation_daily_sum
2021-04-28,0.0,Precipitation_daily_sum
2021-04-29,0.0,Precipitation_daily_sum
2021-04-30,0.0,Precipitation_daily_sum
2021-05-01,0.0,Precipitation_daily_sum
2021-05-02,0.0,Precipitation_daily_sum
2021-05-03,35.5,Precipitation_daily_sum
2021-05-04,7.75,Precipitation_daily_sum
2021-05-05,0.0,Precipitation_daily_sum
2021-05-06,0.0,Precipitation_daily_sum
2021-05-07,0.0,Precipitation_daily_sum
2021-05-08,0.0,Precipitation_daily_sum
2021-05-09,0.0,Precipitation_daily_sum
2021-05-10,0.0,Precipitation_daily_sum
2021-05-11,32.5,Precipitation_daily_sum
2021-05-12,1.75,Precipitation_daily_sum
2021-05-13,0.0,Precipitation_daily_sum
2021-05-14,1.0,Precipitation_daily_sum
2021-05-15,12.25,Precipitation_daily_sum
2021-05-16,26.5,Precipitation_daily_sum
2021-05-17,0.0,Precipitation_daily_sum
2021-05-18,0.0,Precipitation_daily_sum
2021-05-19,0.0,Precipitation_daily_sum
2021-05-20,0.0,Precipitation_daily_sum
2021-05-21,1.25,Precipitation_daily_sum
2021-05-22,0.0,Precipitation_daily_sum
2021-05-23,1.25,Precipitation_daily_sum
2021-05-24,51.5,Precipitation_daily_sum
2021-05-25,0.0,Precipitation_daily_sum
2021-05-26,0.0,Precipitation_daily_sum
2021-05-27,0.0,Precipitation_daily_sum
2021-05-28,0.0,Precipitation_daily_sum
2021-05-29,0.0,Precipitation_daily_sum
2021-05-30,0.0,Precipitation_daily_sum
2021-05-31,0.0,Precipitation_daily_sum
2021-06-01,0.0,Precipitation_daily_sum
2021-06-02,0.0,Precipitation_daily_sum
2021-06-03,0.0,Precipitation_daily_sum
2021-06-04,0.0,Precipitation_daily_sum
2021-06-05,0.0,Precipitation_daily_sum
2021-06-06,0.0,Precipitation_daily_sum
2021-06-07,45.5,Precipitation_daily_sum
2021-06-08,21.25,Precipitation_daily_sum
2021-06-09,3.5,Precipitation_daily_sum
2021-06-10,0.25,Precipitation_daily_sum
2021-06-11,0.0,Precipitation_daily_sum
2021-06-12,0.0,Precipitation_daily_sum
2021-06-13,0.0,Precipitation_daily_sum
2021-06-14,0.0,Precipitation_daily_sum
2021-06-15,0.0,Precipitation_daily_sum
2021-06-16,0.0,Precipitation_daily_sum
2021-06-17,0.0,Precipitation_daily_sum
2021-06-18,0.0,Precipitation_daily_sum
2021-06-19,0.0,Precipitation_daily_sum
2021-06-20,0.0,Precipitation_daily_sum
2021-06-21,0.0,Precipitation_daily_sum
2021-06-22,0.0,Precipitation_daily_sum
2021-06-23,11.75,Precipitation_daily_sum
2021-06-24,0.0,Precipitation_daily_sum
2021-06-25,0.0,Precipitation_daily_sum
2021-06-26,0.0,Precipitation_daily_sum
2021-06-27,0.0,Precipitation_daily_sum
2021-06-28,0.0,Precipitation_daily_sum
2021-06-29,0.0,Precipitation_daily_sum
2021-06-30,1.75,Precipitation_daily_sum
2021-07-01,0.0,Precipitation_daily_sum
2021-07-02,0.0,Precipitation_daily_sum
2021-07-03,0.0,Precipitation_daily_sum
2021-07-04,0.0,Precipitation_daily_sum
2021-07-05,0.0,Precipitation_daily_sum
2021-07-06,0.0,Precipitation_daily_sum
2021-07-07,0.0,Precipitation_daily_sum
2021-07-08,2.0,Precipitation_daily_sum
2021-07-09,47.25,Precipitation_daily_sum
2021-07-10,0.5,Precipitation_daily_sum
2021-07-11,0.0,Precipitation_daily_sum
2021-07-12,0.0,Precipitation_daily_sum
2021-07-13,0.0,Precipitation_daily_sum
2021-07-14,0.0,Precipitation_daily_sum
2021-07-15,0.0,Precipitation_daily_sum
2021-07-16,0.0,Precipitation_daily_sum
2021-07-17,0.0,Precipitation_daily_sum
2021-07-18,0.0,Precipitation_daily_sum
2021-07-19,0.0,Precipitation_daily_sum
2021-07-20,0.0,Precipitation_daily_sum
2021-07-21,0.0,Precipitation_daily_sum
2021-07-22,0.0,Precipitation_daily_sum
2021-07-23,0.0,Precipitation_daily_sum
2021-07-24,0.0,Precipitation_daily_sum
2021-07-25,0.0,Precipitation_daily_sum
2021-07-26,0.0,Precipitation_daily_sum
2021-07-27,0.0,Precipitation_daily_sum
2021-07-28,0.0,Precipitation_daily_sum
2021-07-29,0.0,Precipitation_daily_sum
2021-07-30,14.5,Precipitation_daily_sum
2021-07-31,77.0,Precipitation_daily_sum
2021-08-01,91.5,Precipitation_daily_sum
2021-08-02,112.75,Precipitation_daily_sum
2021-08-03,43.25,Precipitation_daily_sum
2021-08-04,12.25,Precipitation_daily_sum
2021-08-05,102.25,Precipitation_daily_sum
2021-08-06,0.0,Precipitation_daily_sum
2021-08-07,0.5,Precipitation_daily_sum
2021-08-08,0.0,Precipitation_daily_sum
2021-08-09,0.0,Precipitation_daily_sum
2021-08-10,0.0,Precipitation_daily_sum
2021-08-11,1.0,Precipitation_daily_sum
2021-08-12,0.0,Precipitation_daily_sum
2021-08-13,0.0,Precipitation_daily_sum
2021-08-14,0.0,Precipitation_daily_sum
2021-08-15,0.0,Precipitation_daily_sum
2021-08-16,0.0,Precipitation_daily_sum
2021-08-17,0.0,Precipitation_daily_sum
2021-08-18,0.0,Precipitation_daily_sum
2021-08-19,0.0,Precipitation_daily_sum
2021-08-20,0.0,Precipitation_daily_sum
2021-08-21,0.0,Precipitation_daily_sum
2021-08-22,0.0,Precipitation_daily_sum
2021-08-23,0.0,Precipitation_daily_sum
2021-08-24,0.0,Precipitation_daily_sum
2021-08-25,0.0,Precipitation_daily_sum
2021-08-26,87.0,Precipitation_daily_sum
2021-08-27,86.5,Precipitation_daily_sum
2021-08-28,7.25,Precipitation_daily_sum
2021-08-29,0.0,Precipitation_daily_sum
2021-08-30,0.0,Precipitation_daily_sum
2021-08-31,0.0,Precipitation_daily_sum
2021-09-01,0.0,Precipitation_daily_sum
2021-09-02,0.0,Precipitation_daily_sum
2021-09-03,0.0,Precipitation_daily_sum
2021-09-04,0.0,Precipitation_daily_sum
2021-09-05,0.0,Precipitation_daily_sum
2021-09-06,0.0,Precipitation_daily_sum
2021-09-07,0.0,Precipitation_daily_sum
2021-09-08,0.0,Precipitation_daily_sum
2021-09-09,0.0,Precipitation_daily_sum
2021-09-10,0.0,Precipitation_daily_sum
2021-09-11,0.0,Precipitation_daily_sum
2021-09-12,0.0,Precipitation_daily_sum
2021-09-13,1.5,Precipitation_daily_sum
2021-09-14,0.25,Precipitation_daily_sum
2021-09-15,5.25,Precipitation_daily_sum
2021-09-16,0.25,Precipitation_daily_sum
2021-09-17,0.0,Precipitation_daily_sum
2021-09-18,0.0,Precipitation_daily_sum
2021-09-19,0.0,Precipitation_daily_sum
2021-09-20,0.0,Precipitation_daily_sum
2021-09-21,0.0,Precipitation_daily_sum
2021-09-22,0.0,Precipitation_daily_sum
2021-09-23,0.0,Precipitation_daily_sum
2021-09-24,0.0,Precipitation_daily_sum
2021-09-25,0.0,Precipitation_daily_sum
2021-09-26,0.0,Precipitation_daily_sum
2021-09-27,23.25,Precipitation_daily_sum
2021-09-28,0.0,Precipitation_daily_sum
2021-09-29,0.0,Precipitation_daily_sum
2021-09-30,0.0,Precipitation_daily_sum
2021-10-01,0.0,Precipitation_daily_sum
2021-10-02,0.0,Precipitation_daily_sum
2021-10-03,0.0,Precipitation_daily_sum
2021-10-04,0.0,Precipitation_daily_sum
2021-10-05,0.0,Precipitation_daily_sum
2021-10-06,0.0,Precipitation_daily_sum
2021-10-07,0.0,Precipitation_daily_sum
2021-10-08,0.0,Precipitation_daily_sum
2021-10-09,0.0,Precipitation_daily_sum
2021-10-10,0.0,Precipitation_daily_sum
2021-10-11,0.0,Precipitation_daily_sum
2021-10-12,0.0,Precipitation_daily_sum
2021-10-13,0.0,Precipitation_daily_sum
2021-10-14,0.0,Precipitation_daily_sum
2021-10-15,0.0,Precipitation_daily_sum
2021-10-16,0.0,Precipitation_daily_sum
2021-10-17,0.0,Precipitation_daily_sum
2021-10-18,0.25,Precipitation_daily_sum
2021-10-19,0.0,Precipitation_daily_sum
2021-10-20,0.0,Precipitation_daily_sum
2021-10-21,0.0,Precipitation_daily_sum
2021-10-22,0.0,Precipitation_daily_sum
2021-10-23,0.0,Precipitation_daily_sum
2021-10-24,0.0,Precipitation_daily_sum
2021-10-25,0.0,Precipitation_daily_sum
2021-10-26,0.0,Precipitation_daily_sum
2021-10-27,0.0,Precipitation_daily_sum
2021-10-28,0.0,Precipitation_daily_sum
2021-10-29,0.0,Precipitation_daily_sum
2021-10-30,0.0,Precipitation_daily_sum
2021-10-31,0.0,Precipitation_daily_sum
2021-11-01,0.0,Precipitation_daily_sum
2021-11-02,0.0,Precipitation_daily_sum
2021-11-03,0.0,Precipitation_daily_sum
2021-11-04,0.0,Precipitation_daily_sum
2021-11-05,0.0,Precipitation_daily_sum
2021-11-06,0.0,Precipitation_daily_sum
2021-11-07,0.0,Precipitation_daily_sum
2021-11-08,0.0,Precipitation_daily_sum
2021-11-09,0.0,Precipitation_daily_sum
2021-11-10,0.0,Precipitation_daily_sum
2021-11-11,0.0,Precipitation_daily_sum
2021-11-12,0.0,Precipitation_daily_sum
2021-11-13,0.0,Precipitation_daily_sum
2021-11-14,0.0,Precipitation_daily_sum
2021-11-15,0.0,Precipitation_daily_sum
2021-11-16,0.0,Precipitation_daily_sum
2021-11-17,0.0,Precipitation_daily_sum
2021-11-18,0.0,Precipitation_daily_sum
2021-11-19,0.0,Precipitation_daily_sum
2021-11-20,0.0,Precipitation_daily_sum
2021-11-21,0.0,Precipitation_daily_sum
2021-11-22,0.0,Precipitation_daily_sum
2021-11-23,0.0,Precipitation_daily_sum
2021-11-24,0.0,Precipitation_daily_sum
2021-11-25,5.0,Precipitation_daily_sum
2021-11-26,0.8,Precipitation_daily_sum
2021-11-27,0.0,Precipitation_daily_sum
2021-11-28,0.0,Precipitation_daily_sum
2021-11-29,0.0,Precipitation_daily_sum
2021-11-30,0.0,Precipitation_daily_sum
2021-12-01,0.0,Precipitation_daily_sum
2021-12-02,0.0,Precipitation_daily_sum
2021-12-03,0.0,Precipitation_daily_sum
2021-12-04,0.0,Precipitation_daily_sum
2021-12-05,0.0,Precipitation_daily_sum
2021-12-06,0.0,Precipitation_daily_sum
2021-12-07,0.0,Precipitation_daily_sum
2021-12-08,0.0,Precipitation_daily_sum
2021-12-09,0.0,Precipitation_daily_sum
2021-12-10,0.0,Precipitation_daily_sum
2021-12-11,0.0,Precipitation_daily_sum
2021-12-12,0.0,Precipitation_daily_sum
2021-12-13,0.0,Precipitation_daily_sum
2021-12-14,0.0,Precipitation_daily_sum
2021-12-15,0.0,Precipitation_daily_sum
2021-12-16,0.0,Precipitation_daily_sum
2021-12-17,0.0,Precipitation_daily_sum
2021-12-18,0.0,Precipitation_daily_sum
2021-12-19,0.0,Precipitation_daily_sum
2021-12-20,0.0,Precipitation_daily_sum
2021-12-21,0.0,Precipitation_daily_sum
2021-12-22,0.0,Precipitation_daily_sum
2021-12-23,0.0,Precipitation_daily_sum
2021-12-24,0.0,Precipitation_daily_sum
2021-12-25,0.0,Precipitation_daily_sum
2021-12-26,0.0,Precipitation_daily_sum
2021-12-27,0.0,Precipitation_daily_sum
2021-12-28,0.0,Precipitation_daily_sum
2021-12-29,0.0,Precipitation_daily_sum
2021-12-30,0.0,Precipitation_daily_sum
2021-12-31,5.4,Precipitation_daily_sum
2022-01-01,0.0,Precipitation_daily_sum
2022-01-02,0.0,Precipitation_daily_sum
2022-01-03,0.0,Precipitation_daily_sum
2022-01-04,0.0,Precipitation_daily_sum
2022-01-05,0.0,Precipitation_daily_sum
2022-01-06,0.0,Precipitation_daily_sum
2022-01-07,0.0,Precipitation_daily_sum
2022-01-08,0.0,Precipitation_daily_sum
2022-01-09,0.0,Precipitation_daily_sum
2022-01-10,0.0,Precipitation_daily_sum
2022-01-11,0.0,Precipitation_daily_sum
2022-01-12,0.0,Precipitation_daily_sum
2022-01-13,0.0,Precipitation_daily_sum
2022-01-14,0.0,Precipitation_daily_sum
2022-01-15,0.0,Precipitation_daily_sum
2022-01-16,0.0,Precipitation_daily_sum
2022-01-17,0.0,Precipitation_daily_sum
2022-01-18,0.0,Precipitation_daily_sum
2022-01-19,0.0,Precipitation_daily_sum
2022-01-20,0.0,Precipitation_daily_sum
2022-01-21,0.0,Precipitation_daily_sum
2022-01-22,0.0,Precipitation_daily_sum
2022-01-23,0.0,Precipitation_daily_sum
2022-01-24,0.0,Precipitation_daily_sum
2022-01-25,0.0,Precipitation_daily_sum
2022-01-26,0.0,Precipitation_daily_sum
2022-01-27,0.0,Precipitation_daily_sum
2022-01-28,0.0,Precipitation_daily_sum
2022-01-29,0.0,Precipitation_daily_sum
2022-01-30,0.0,Precipitation_daily_sum
2022-01-31,0.0,Precipitation_daily_sum
2022-02-01,0.0,Precipitation_daily_sum
2022-02-02,0.0,Precipitation_daily_sum
2022-02-03,0.0,Precipitation_daily_sum
2022-02-04,0.0,Precipitation_daily_sum
2022-02-05,0.0,Precipitation_daily_sum
2022-02-06,0.0,Precipitation_daily_sum
2022-02-07,13.2,Precipitation_daily_sum
2022-02-08,0.0,Precipitation_daily_sum
2022-02-09,0.0,Precipitation_daily_sum
2022-02-10,0.0,Precipitation_daily_sum
2022-02-11,0.0,Precipitation_daily_sum
2022-02-12,0.0,Precipitation_daily_sum
2022-02-13,0.0,Precipitation_daily_sum
2022-02-14,0.0,Precipitation_daily_sum
2022-02-15,0.0,Precipitation_daily_sum
2022-02-16,0.0,Precipitation_daily_sum
2022-02-17,0.0,Precipitation_daily_sum
2022-02-18,0.0,Precipitation_daily_sum
2022-02-19,0.0,Precipitation_daily_sum
2022-02-20,0.0,Precipitation_daily_sum
2022-02-21,0.0,Precipitation_daily_sum
2022-02-22,0.0,Precipitation_daily_sum
2022-02-23,0.0,Precipitation_daily_sum
2022-02-24,0.0,Precipitation_daily_sum
2022-02-25,0.0,Precipitation_daily_sum
2022-02-26,0.0,Precipitation_daily_sum
2022-02-27,0.0,Precipitation_daily_sum
2022-02-28,0.0,Precipitation_daily_sum
2022-03-01,0.0,Precipitation_daily_sum
2022-03-02,0.0,Precipitation_daily_sum
2022-03-03,0.0,Precipitation_daily_sum
2022-03-04,0.0,Precipitation_daily_sum
2022-03-05,0.0,Precipitation_daily_sum
2022-03-06,2.5,Precipitation_daily_sum
2022-03-07,0.0,Precipitation_daily_sum
2022-03-08,0.0,Precipitation_daily_sum
2022-03-09,0.0,Precipitation_daily_sum
2022-03-10,0.0,Precipitation_daily_sum
2022-03-11,0.0,Precipitation_daily_sum
2022-03-12,0.0,Precipitation_daily_sum
2022-03-13,0.0,Precipitation_daily_sum
2022-03-14,0.0,Precipitation_daily_sum
2022-03-15,0.0,Precipitation_daily_sum
2022-03-16,0.5,Precipitation_daily_sum
2022-03-17,0.0,Precipitation_daily_sum
2022-03-18,0.0,Precipitation_daily_sum
2022-03-19,0.0,Precipitation_daily_sum
2022-03-20,0.0,Precipitation_daily_sum
2022-03-21,0.0,Precipitation_daily_sum
2022-03-22,0.0,Precipitation_daily_sum
2022-03-23,0.0,Precipitation_daily_sum
2022-03-24,0.0,Precipitation_daily_sum
2022-03-25,0.0,Precipitation_daily_sum
2022-03-26,0.0,Precipitation_daily_sum
2022-03-27,0.0,Precipitation_daily_sum
2022-03-28,0.0,Precipitation_daily_sum
2022-03-29,0.0,Precipitation_daily_sum
2022-03-30,0.0,Precipitation_daily_sum
2022-03-31,0.0,Precipitation_daily_sum
2022-04-01,0.0,Precipitation_daily_sum
2022-04-02,21.3,Precipitation_daily_sum
2022-04-03,0.0,Precipitation_daily_sum
2022-04-04,77.5,Precipitation_daily_sum
2022-04-05,23.9,Precipitation_daily_sum
2022-04-06,8.0,Precipitation_daily_sum
2022-04-07,124.9,Precipitation_daily_sum
2022-04-08,89.3,Precipitation_daily_sum
2022-04-09,0.4,Precipitation_daily_sum
2022-04-10,0.0,Precipitation_daily_sum
2022-04-11,0.0,Precipitation_daily_sum
2022-04-12,0.0,Precipitation_daily_sum
2022-04-13,0.0,Precipitation_daily_sum
2022-04-14,0.0,Precipitation_daily_sum
2022-04-15,0.0,Precipitation_daily_sum
2022-04-16,0.0,Precipitation_daily_sum
2022-04-17,0.0,Precipitation_daily_sum
2022-04-18,0.0,Precipitation_daily_sum
2022-04-19,0.0,Precipitation_daily_sum
2022-04-20,0.0,Precipitation_daily_sum
2022-04-21,0.0,Precipitation_daily_sum
2022-04-22,0.0,Precipitation_daily_sum
2022-04-23,0.0,Precipitation_daily_sum
2022-04-24,10.0,Precipitation_daily_sum
2022-04-25,0.0,Precipitation_daily_sum
2022-04-26,0.0,Precipitation_daily_sum
2022-04-27,0.0,Precipitation_daily_sum
2022-04-28,0.0,Precipitation_daily_sum
2022-04-29,0.0,Precipitation_daily_sum
2022-04-30,0.0,Precipitation_daily_sum
2022-05-01,35.6,Precipitation_daily_sum
2022-05-02,39.1,Precipitation_daily_sum
2022-05-03,0.0,Precipitation_daily_sum
2022-05-04,68.4,Precipitation_daily_sum
2022-05-05,139.4,Precipitation_daily_sum
2022-05-06,19.4,Precipitation_daily_sum
2022-05-07,0.0,Precipitation_daily_sum
2022-05-08,0.0,Precipitation_daily_sum
2022-05-09,0.0,Precipitation_daily_sum
2022-05-10,0.0,Precipitation_daily_sum
2022-05-11,0.0,Precipitation_daily_sum
2022-05-12,0.0,Precipitation_daily_sum
2022-05-13,0.0,Precipitation_daily_sum
2022-05-14,6.3,Precipitation_daily_sum
2022-05-15,12.3,Precipitation_daily_sum
2022-05-16,113.5,Precipitation_daily_sum
2022-05-17,37.3,Precipitation_daily_sum
2022-05-18,1.0,Precipitation_daily_sum
2022-05-19,0.0,Precipitation_daily_sum
2022-05-20,0.0,Precipitation_daily_sum
2022-05-21,0.0,Precipitation_daily_sum
2022-05-22,0.0,Precipitation_daily_sum
2022-05-23,0.0,Precipitation_daily_sum
2022-05-24,0.0,Precipitation_daily_sum
2022-05-25,0.0,Precipitation_daily_sum
2022-05-26,0.0,Precipitation_daily_sum
2022-05-27,2.0,Precipitation_daily_sum
2022-05-28,0.0,Precipitation_daily_sum
2022-05-29,0.0,Precipitation_daily_sum
2022-05-30,0.0,Precipitation_daily_sum
2022-05-31,0.0,Precipitation_daily_sum
2022-06-01,0.0,Precipitation_daily_sum
2022-06-02,0.0,Precipitation_daily_sum
2022-06-03,0.0,Precipitation_daily_sum
2022-06-04,6.9,Precipitation_daily_sum
2022-06-05,99.4,Precipitation_daily_sum
2022-06-06,1.7,Precipitation_daily_sum
2022-06-07,0.0,Precipitation_daily_sum
2022-06-08,0.0,Precipitation_daily_sum
2022-06-09,1.3,Precipitation_daily_sum
2022-06-10,0.0,Precipitation_daily_sum
2022-06-11,39.9,Precipitation_daily_sum
2022-06-12,65.4,Precipitation_daily_sum
2022-06-13,23.8,Precipitation_daily_sum
2022-06-14,2.1,Precipitation_daily_sum
2022-06-15,5.5,Precipitation_daily_sum
2022-06-16,12.8,Precipitation_daily_sum
2022-06-17,22.0,Precipitation_daily_sum
2022-06-18,50.8,Precipitation_daily_sum
2022-06-19,0.0,Precipitation_daily_sum
2022-06-20,0.0,Precipitation_daily_sum
2022-06-21,128.9,Precipitation_daily_sum
2022-06-22,13.7,Precipitation_daily_sum
2022-06-23,0.0,Precipitation_daily_sum
2022-06-24,0.0,Precipitation_daily_sum
2022-06-25,73.4,Precipitation_daily_sum
2022-06-26,29.4,Precipitation_daily_sum
2022-06-27,15.1,Precipitation_daily_sum
2022-06-28,0.2,Precipitation_daily_sum
2022-06-29,41.5,Precipitation_daily_sum
2022-06-30,0.0,Precipitation_daily_sum
2022-07-01,0.0,Precipitation_daily_sum
2022-07-02,0.0,Precipitation_daily_sum
2022-07-03,0.0,Precipitation_daily_sum
2022-07-04,0.0,Precipitation_daily_sum
2022-07-05,0.0,Precipitation_daily_sum
2022-07-06,0.0,Precipitation_daily_sum
2022-07-07,0.0,Precipitation_daily_sum
2022-07-08,2.4,Precipitation_daily_sum
2022-07-09,0.0,Precipitation_daily_sum
2022-07-10,0.0,Precipitation_daily_sum
2022-07-11,0.0,Precipitation_daily_sum
2022-07-12,0.0,Precipitation_daily_sum
2022-07-13,0.0,Precipitation_daily_sum
2022-07-14,0.0,Precipitation_daily_sum
2022-07-15,0.0,Precipitation_daily_sum
2022-07-16,0.0,Precipitation_daily_sum
2022-07-17,0.0,Precipitation_daily_sum
2022-07-18,16.7,Precipitation_daily_sum
2022-07-19,80.1,Precipitation_daily_sum
2022-07-20,4.5,Precipitation_daily_sum
2022-07-21,0.0,Precipitation_daily_sum
2022-07-22,0.0,Precipitation_daily_sum
2022-07-23,0.0,Precipitation_daily_sum
2022-07-24,0.0,Precipitation_daily_sum
2022-07-25,0.0,Precipitation_daily_sum
2022-07-26,0.0,Precipitation_daily_sum
2022-07-27,88.5,Precipitation_daily_sum
2022-07-28,33.4,Precipitation_daily_sum
2022-07-29,88.2,Precipitation_daily_sum
2022-07-30,0.0,Precipitation_daily_sum
2022-07-31,0.0,Precipitation_daily_sum
2022-08-01,0.0,Precipitation_daily_sum
2022-08-02,0.0,Precipitation_daily_sum
2022-08-03,0.0,Precipitation_daily_sum
2022-08-04,0.0,Precipitation_daily_sum
2022-08-05,0.0,Precipitation_daily_sum
2022-08-06,0.0,Precipitation_daily_sum
2022-08-07,0.0,Precipitation_daily_sum
2022-08-08,0.0,Precipitation_daily_sum
2022-08-09,0.0,Precipitation_daily_sum
2022-08-10,0.0,Precipitation_daily_sum
2022-08-11,0.0,Precipitation_daily_sum
2022-08-12,0.0,Precipitation_daily_sum
2022-08-13,0.0,Precipitation_daily_sum
2022-08-14,0.0,Precipitation_daily_sum
2022-08-15,0.0,Precipitation_daily_sum
2022-08-16,0.0,Precipitation_daily_sum
2022-08-17,0.0,Precipitation_daily_sum
2022-08-18,0.0,Precipitation_daily_sum
2022-08-19,0.0,Precipitation_daily_sum
2022-08-20,60.5,Precipitation_daily_sum
2022-08-21,1.5,Precipitation_daily_sum
2022-08-22,0.0,Precipitation_daily_sum
2022-08-23,0.0,Precipitation_daily_sum
2022-08-24,0.0,Precipitation_daily_sum
2022-08-25,0.0,Precipitation_daily_sum
2022-08-26,0.0,Precipitation_daily_sum
2022-08-27,0.0,Precipitation_daily_sum
2022-08-28,0.0,Precipitation_daily_sum
2022-08-29,0.0,Precipitation_daily_sum
2022-08-30,8.8,Precipitation_daily_sum
2022-08-31,0.0,Precipitation_daily_sum
2022-09-01,0.0,Precipitation_daily_sum
2022-09-02,2.4,Precipitation_daily_sum
2022-09-03,0.2,Precipitation_daily_sum
2022-09-04,0.0,Precipitation_daily_sum
2022-09-05,0.0,Precipitation_daily_sum
2022-09-06,6.3,Precipitation_daily_sum
2022-09-07,0.1,Precipitation_daily_sum
2022-09-08,0.0,Precipitation_daily_sum
2022-09-09,0.0,Precipitation_daily_sum
2022-09-10,0.0,Precipitation_daily_sum
2022-09-11,0.0,Precipitation_daily_sum
2022-09-12,0.0,Precipitation_daily_sum
2022-09-13,0.0,Precipitation_daily_sum
2022-09-14,0.0,Precipitation_daily_sum
2022-09-15,0.0,Precipitation_daily_sum
2022-09-16,0.0,Precipitation_daily_sum
2022-09-17,0.0,Precipitation_daily_sum
2022-09-18,0.0,Precipitation_daily_sum
2022-09-19,12.0,Precipitation_daily_sum
2022-09-20,0.0,Precipitation_daily_sum
2022-09-21,0.0,Precipitation_daily_sum
2022-09-22,0.0,Precipitation_daily_sum
2022-09-23,0.0,Precipitation_daily_sum
2022-09-24,0.0,Precipitation_daily_sum
2022-09-25,0.0,Precipitation_daily_sum
2022-09-26,0.0,Precipitation_daily_sum
2022-09-27,0.0,Precipitation_daily_sum
2022-09-28,0.0,Precipitation_daily_sum
2022-09-29,0.0,Precipitation_daily_sum
2022-09-30,0.0,Precipitation_daily_sum
2022-10-01,0.0,Precipitation_daily_sum
2022-10-02,0.0,Precipitation_daily_sum
2022-10-03,0.0,Precipitation_daily_sum
2022-10-04,0.0,Precipitation_daily_sum
2022-10-05,0.0,Precipitation_daily_sum
2022-10-06,0.0,Precipitation_daily_sum
2022-10-07,0.0,Precipitation_daily_sum
2022-10-08,0.0,Precipitation_daily_sum
2022-10-09,0.0,Precipitation_daily_sum
2022-10-10,0.0,Precipitation_daily_sum
2022-10-11,5.4,Precipitation_daily_sum
2022-10-12,0.0,Precipitation_daily_sum
2022-10-13,0.0,Precipitation_daily_sum
2022-10-14,0.0,Precipitation_daily_sum
2022-10-15,0.0,Precipitation_daily_sum
2022-10-16,0.0,Precipitation_daily_sum
2022-10-17,0.0,Precipitation_daily_sum
2022-10-18,0.0,Precipitation_daily_sum
2022-10-19,0.0,Precipitation_daily_sum
2022-10-20,0.0,Precipitation_daily_sum
2022-10-21,0.0,Precipitation_daily_sum
2022-10-22,41.2,Precipitation_daily_sum
2022-10-23,0.2,Precipitation_daily_sum
2022-10-24,0.0,Precipitation_daily_sum
2022-10-25,17.4,Precipitation_daily_sum
2022-10-26,0.0,Precipitation_daily_sum
2022-10-27,0.0,Precipitation_daily_sum
2022-10-28,0.0,Precipitation_daily_sum
2022-10-29,0.0,Precipitation_daily_sum
2022-10-30,0.0,Precipitation_daily_sum
2022-10-31,0.0,Precipitation_daily_sum
2022-11-01,0.0,Precipitation_daily_sum
2022-11-02,0.0,Precipitation_daily_sum
2022-11-03,0.0,Precipitation_daily_sum
2022-11-04,0.0,Precipitation_daily_sum
2022-11-05,0.0,Precipitation_daily_sum
2022-11-06,0.0,Precipitation_daily_sum
2022-11-07,0.0,Precipitation_daily_sum
2022-11-08,0.0,Precipitation_daily_sum
2022-11-09,0.0,Precipitation_daily_sum
2022-11-10,0.0,Precipitation_daily_sum
2022-11-11,0.0,Precipitation_daily_sum
2022-11-12,0.0,Precipitation_daily_sum
2022-11-13,0.0,Precipitation_daily_sum
2022-11-14,0.0,Precipitation_daily_sum
2022-11-15,0.0,Precipitation_daily_sum
2022-11-16,0.0,Precipitation_daily_sum
2022-11-17,0.0,Precipitation_daily_sum
2022-11-18,0.0,Precipitation_daily_sum
2022-11-19,0.0,Precipitation_daily_sum
2022-11-20,0.0,Precipitation_daily_sum
2022-11-21,0.0,Precipitation_daily_sum
2022-11-22,0.0,Precipitation_daily_sum
2022-11-23,0.0,Precipitation_daily_sum
2022-11-24,0.0,Precipitation_daily_sum
2022-11-25,0.0,Precipitation_daily_sum
2022-11-26,0.0,Precipitation_daily_sum
2022-11-27,0.0,Precipitation_daily_sum
2022-11-28,0.0,Precipitation_daily_sum
2022-11-29,0.0,Precipitation_daily_sum
2022-11-30,0.0,Precipitation_daily_sum
2022-12-01,0.0,Precipitation_daily_sum
2022-12-02,0.0,Precipitation_daily_sum
2022-12-03,0.0,Precipitation_daily_sum
2022-12-04,0.0,Precipitation_daily_sum
2022-12-05,0.0,Precipitation_daily_sum
2022-12-06,0.0,Precipitation_daily_sum
2022-12-07,0.0,Precipitation_daily_sum
2022-12-08,0.0,Precipitation_daily_sum
2022-12-09,0.0,Precipitation_daily_sum
2022-12-10,0.0,Precipitation_daily_sum
2022-12-11,0.0,Precipitation_daily_sum
2022-12-12,0.0,Precipitation_daily_sum
2022-12-13,0.0,Precipitation_daily_sum
2022-12-14,0.0,Precipitation_daily_sum
2022-12-15,0.0,Precipitation_daily_sum
2022-12-16,0.0,Precipitation_daily_sum
2022-12-17,0.0,Precipitation_daily_sum
2022-12-18,0.0,Precipitation_daily_sum
2022-12-19,0.0,Precipitation_daily_sum
2022-12-20,0.0,Precipitation_daily_sum
2022-12-21,0.0,Precipitation_daily_sum
2022-12-22,0.0,Precipitation_daily_sum
2022-12-23,0.0,Precipitation_daily_sum
2022-12-24,0.0,Precipitation_daily_sum
2022-12-25,0.0,Precipitation_daily_sum
2022-12-26,0.0,Precipitation_daily_sum
2022-12-27,0.0,Precipitation_daily_sum
2022-12-28,0.0,Precipitation_daily_sum
2022-12-29,0.0,Precipitation_daily_sum
2022-12-30,0.0,Precipitation_daily_sum
2022-12-31,0.0,Precipitation_daily_sum
2023-01-01,0.0,Precipitation_daily_sum
2023-01-02,0.0,Precipitation_daily_sum
2023-01-03,0.0,Precipitation_daily_sum
2023-01-04,0.0,Precipitation_daily_sum
2023-01-05,0.0,Precipitation_daily_sum
2023-01-06,0.0,Precipitation_daily_sum
2023-01-07,0.0,Precipitation_daily_sum
2023-01-08,0.0,Precipitation_daily_sum
2023-01-09,0.0,Precipitation_daily_sum
2023-01-10,0.0,Precipitation_daily_sum
2023-01-11,0.0,Precipitation_daily_sum
2023-01-12,0.0,Precipitation_daily_sum
2023-01-13,0.0,Precipitation_daily_sum
2023-01-14,0.0,Precipitation_daily_sum
2023-01-15,0.0,Precipitation_daily_sum
2023-01-16,0.0,Precipitation_daily_sum
2023-01-17,0.0,Precipitation_daily_sum
2023-01-18,0.0,Precipitation_daily_sum
2023-01-19,0.0,Precipitation_daily_sum
2023-01-20,0.0,Precipitation_daily_sum
2023-01-21,0.0,Precipitation_daily_sum
2023-01-22,0.0,Precipitation_daily_sum
2023-01-23,0.0,Precipitation_daily_sum
2023-01-24,0.0,Precipitation_daily_sum
2023-01-25,0.0,Precipitation_daily_sum
2023-01-26,0.0,Precipitation_daily_sum
2023-01-27,0.0,Precipitation_daily_sum
2023-01-28,0.0,Precipitation_daily_sum
2023-01-29,0.0,Precipitation_daily_sum
2023-01-30,0.0,Precipitation_daily_sum
2023-01-31,0.0,Precipitation_daily_sum
2023-02-01,0.0,Precipitation_daily_sum
2023-02-02,0.0,Precipitation_daily_sum
2023-02-03,0.0,Precipitation_daily_sum
2023-02-04,0.0,Precipitation_daily_sum
2023-02-05,0.0,Precipitation_daily_sum
2023-02-06,0.0,Precipitation_daily_sum
2023-02-07,0.0,Precipitation_daily_sum
2023-02-08,0.0,Precipitation_daily_sum
2023-02-09,0.0,Precipitation_daily_sum
2023-02-10,0.0,Precipitation_daily_sum
2023-02-11,0.0,Precipitation_daily_sum
2023-02-12,0.0,Precipitation_daily_sum
2023-02-13,0.0,Precipitation_daily_sum
2023-02-14,0.0,Precipitation_daily_sum
2023-02-15,0.0,Precipitation_daily_sum
2023-02-16,0.0,Precipitation_daily_sum
2023-02-17,0.0,Precipitation_daily_sum
2023-02-18,0.0,Precipitation_daily_sum
2023-02-19,0.0,Precipitation_daily_sum
2023-02-20,0.0,Precipitation_daily_sum
2023-02-21,0.0,Precipitation_daily_sum
2023-02-22,0.0,Precipitation_daily_sum
2023-02-23,0.0,Precipitation_daily_sum
2023-02-24,0.0,Precipitation_daily_sum
2023-02-25,0.0,Precipitation_daily_sum
2023-02-26,0.0,Precipitation_daily_sum
2023-02-27,0.0,Precipitation_daily_sum
2023-02-28,0.0,Precipitation_daily_sum
2023-03-01,0.0,Precipitation_daily_sum
2023-03-02,0.0,Precipitation_daily_sum
2023-03-03,0.0,Precipitation_daily_sum
2023-03-04,0.0,Precipitation_daily_sum
2023-03-05,0.0,Precipitation_daily_sum
2023-03-06,0.0,Precipitation_daily_sum
2023-03-07,0.0,Precipitation_daily_sum
2023-03-08,0.0,Precipitation_daily_sum
2023-03-09,0.0,Precipitation_daily_sum
2023-03-10,0.0,Precipitation_daily_sum
2023-03-11,0.0,Precipitation_daily_sum
2023-03-12,0.0,Precipitation_daily_sum
2023-03-13,0.0,Precipitation_daily_sum
2023-03-14,0.0,Precipitation_daily_sum
2023-03-15,0.0,Precipitation_daily_sum
2023-03-16,87.05,Precipitation_daily_sum
2023-03-17,140.5,Precipitation_daily_sum
2023-03-18,3.1,Precipitation_daily_sum
2023-03-19,0.0,Precipitation_daily_sum
2023-03-20,0.0,Precipitation_daily_sum
2023-03-21,0.0,Precipitation_daily_sum
2023-03-22,0.0,Precipitation_daily_sum
2023-03-23,0.0,Precipitation_daily_sum
2023-03-24,0.0,Precipitation_daily_sum
2023-03-25,0.0,Precipitation_daily_sum
2023-03-26,0.0,Precipitation_daily_sum
2023-03-27,0.0,Precipitation_daily_sum
2023-03-28,0.0,Precipitation_daily_sum
2023-03-29,0.0,Precipitation_daily_sum
2023-03-30,0.0,Precipitation_daily_sum
2023-03-31,0.0,Precipitation_daily_sum
2023-04-01,0.0,Precipitation_daily_sum
2023-04-02,0.0,Precipitation_daily_sum
2023-04-03,0.3,Precipitation_daily_sum
2023-04-04,1.6,Precipitation_daily_sum
2023-04-05,0.0,Precipitation_daily_sum
2023-04-06,0.0,Precipitation_daily_sum
2023-04-07,0.0,Precipitation_daily_sum
2023-04-08,69.5,Precipitation_daily_sum
2023-04-09,29.5,Precipitation_daily_sum
2023-04-10,108.4,Precipitation_daily_sum
2023-04-11,1.0,Precipitation_daily_sum
2023-04-12,6.8,Precipitation_daily_sum
2023-04-13,0.0,Precipitation_daily_sum
2023-04-14,0.0,Precipitation_daily_sum
2023-04-15,0.0,Precipitation_daily_sum
2023-04-16,0.0,Precipitation_daily_sum
2023-04-17,1.2,Precipitation_daily_sum
2023-04-18,0.7,Precipitation_daily_sum
2023-04-19,82.1,Precipitation_daily_sum
2023-04-20,28.4,Precipitation_daily_sum
2023-04-21,0.2,Precipitation_daily_sum
2023-04-22,0.0,Precipitation_daily_sum
2023-04-23,0.0,Precipitation_daily_sum
2023-04-24,0.0,Precipitation_daily_sum
2023-04-25,0.0,Precipitation_daily_sum
2023-04-26,107.6,Precipitation_daily_sum
2023-04-27,0.0,Precipitation_daily_sum
2023-04-28,0.0,Precipitation_daily_sum
2023-04-29,0.0,Precipitation_daily_sum
2023-04-30,0.0,Precipitation_daily_sum
2023-05-01,0.0,Precipitation_daily_sum
2023-05-02,0.0,Precipitation_daily_sum
2023-05-03,0.0,Precipitation_daily_sum
2023-05-04,0.0,Precipitation_daily_sum
2023-05-05,0.0,Precipitation_daily_sum
2023-05-06,0.0,Precipitation_daily_sum
2023-05-07,38.2,Precipitation_daily_sum
2023-05-08,201.1,Precipitation_daily_sum
2023-05-09,266.3,Precipitation_daily_sum
2023-05-10,106.7,Precipitation_daily_sum
2023-05-11,96.79,Precipitation_daily_sum
2023-05-12,0.0,Precipitation_daily_sum
2023-05-13,1.0,Precipitation_daily_sum
2023-05-14,0.0,Precipitation_daily_sum
2023-05-15,0.0,Precipitation_daily_sum
2023-05-16,0.0,Precipitation_daily_sum
2023-05-17,0.0,Precipitation_daily_sum
2023-05-18,10.0,Precipitation_daily_sum
2023-05-19,3.64,Precipitation_daily_sum
2023-05-20,24.13,Precipitation_daily_sum
2023-05-21,1.5,Precipitation_daily_sum
2023-05-22,0.25,Precipitation_daily_sum
2023-05-23,31.5,Precipitation_daily_sum
2023-05-24,37.8,Precipitation_daily_sum
2023-05-25,0.25,Precipitation_daily_sum
2023-05-26,0.25,Precipitation_daily_sum
2023-05-27,40.4,Precipitation_daily_sum
2023-05-28,2.29,Precipitation_daily_sum
2023-05-29,0.0,Precipitation_daily_sum
2023-05-30,0.25,Precipitation_daily_sum
2023-05-31,0.0,Precipitation_daily_sum
2023-06-01,0.0,Precipitation_daily_sum
2023-06-02,0.0,Precipitation_daily_sum
2023-06-03,0.0,Precipitation_daily_sum
2023-06-04,0.0,Precipitation_daily_sum
2023-06-05,26.2,Precipitation_daily_sum
2023-06-06,135.38,Precipitation_daily_sum
2023-06-07,14.48,Precipitation_daily_sum
2023-06-08,0.0,Precipitation_daily_sum
2023-06-09,2.0,Precipitation_daily_sum
2023-06-10,0.0,Precipitation_daily_sum
2023-06-11,0.0,Precipitation_daily_sum
2023-06-12,0.0,Precipitation_daily_sum
2023-06-13,0.0,Precipitation_daily_sum
2023-06-14,0.0,Precipitation_daily_sum
2023-06-15,0.0,Precipitation_daily_sum
2023-06-16,0.0,Precipitation_daily_sum
2023-06-17,0.0,Precipitation_daily_sum
2023-06-18,0.0,Precipitation_daily_sum
2023-06-19,0.0,Precipitation_daily_sum
2023-06-20,0.0,Precipitation_daily_sum
2023-06-21,23.9,Precipitation_daily_sum
2023-06-22,30.0,Precipitation_daily_sum
2023-06-23,0.0,Precipitation_daily_sum
2023-06-24,0.0,Precipitation_daily_sum
2023-06-25,0.0,Precipitation_daily_sum
2023-06-26,0.0,Precipitation_daily_sum
2023-06-27,52.99,Precipitation_daily_sum
2023-06-28,1.02,Precipitation_daily_sum
2023-06-29,27.22,Precipitation_daily_sum
2023-06-30,140.0,Precipitation_daily_sum
2023-07-01,170.69,Precipitation_daily_sum
2023-07-02,59.72,Precipitation_daily_sum
2023-07-03,1.77,Precipitation_daily_sum
2023-07-04,5.85,Precipitation_daily_sum
2023-07-05,0.0,Precipitation_daily_sum
2023-07-06,0.0,Precipitation_daily_sum
2023-07-07,0.5,Precipitation_daily_sum
2023-07-08,14.73,Precipitation_daily_sum
2023-07-09,0.0,Precipitation_daily_sum
2023-07-10,2.3,Precipitation_daily_sum
2023-07-11,0.25,Precipitation_daily_sum
2023-07-12,40.13,Precipitation_daily_sum
2023-07-13,20.83,Precipitation_daily_sum
2023-07-14,70.86,Precipitation_daily_sum
2023-07-15,27.94,Precipitation_daily_sum
2023-07-16,0.25,Precipitation_daily_sum
2023-07-17,2.0,Precipitation_daily_sum
2023-07-18,92.96,Precipitation_daily_sum
2023-07-19,0.0,Precipitation_daily_sum
2023-07-20,1.27,Precipitation_daily_sum
2023-07-21,0.0,Precipitation_daily_sum
2023-07-22,8.8,Precipitation_daily_sum
2023-07-23,35.56,Precipitation_daily_sum
2023-07-24,0.0,Precipitation_daily_sum
2023-07-25,0.0,Precipitation_daily_sum
2023-07-26,0.0,Precipitation_daily_sum
2023-07-27,0.0,Precipitation_daily_sum
2023-07-28,0.0,Precipitation_daily_sum
2023-07-29,0.0,Precipitation_daily_sum
2023-07-30,0.0,Precipitation_daily_sum
2023-07-31,0.0,Precipitation_daily_sum
2023-08-01,10.92,Precipitation_daily_sum
2023-08-02,0.0,Precipitation_daily_sum
2023-08-03,0.0,Precipitation_daily_sum
2023-08-04,0.0,Precipitation_daily_sum
2023-08-05,0.0,Precipitation_daily_sum
2023-08-06,0.0,Precipitation_daily_sum
2023-08-07,0.0,Precipitation_daily_sum
2023-08-08,0.0,Precipitation_daily_sum
2023-08-09,0.0,Precipitation_daily_sum
2023-08-10,0.25,Precipitation_daily_sum
2023-08-11,0.0,Precipitation_daily_sum
2023-08-12,0.0,Precipitation_daily_sum
2023-08-13,0.0,Precipitation_daily_sum
2023-08-14,0.0,Precipitation_daily_sum
2023-08-15,0.0,Precipitation_daily_sum
2023-08-16,0.0,Precipitation_daily_sum
2023-08-17,0.0,Precipitation_daily_sum
2023-08-18,0.0,Precipitation_daily_sum
2023-08-19,0.0,Precipitation_daily_sum
2023-08-20,0.0,Precipitation_daily_sum
2023-08-21,0.0,Precipitation_daily_sum
2023-08-22,0.0,Precipitation_daily_sum
2023-08-23,0.0,Precipitation_daily_sum
2023-08-24,0.0,Precipitation_daily_sum
2023-08-25,0.0,Precipitation_daily_sum
2023-08-26,0.0,Precipitation_daily_sum
2023-08-27,0.0,Precipitation_daily_sum
2023-08-28,0.0,Precipitation_daily_sum
2023-08-29,0.0,Precipitation_daily_sum
2023-08-30,0.0,Precipitation_daily_sum
2023-08-31,157.48,Precipitation_daily_sum
2023-09-01,30.73,Precipitation_daily_sum
2023-09-02,0.0,Precipitation_daily_sum
2023-09-03,0.0,Precipitation_daily_sum
2023-09-04,0.0,Precipitation_daily_sum
2023-09-05,0.0,Precipitation_daily_sum
2023-09-06,0.0,Precipitation_daily_sum
2023-09-07,0.0,Precipitation_daily_sum
2023-09-08,2.03,Precipitation_daily_sum
2023-09-09,0.0,Precipitation_daily_sum
2023-09-10,0.0,Precipitation_daily_sum
2023-09-11,0.0,Precipitation_daily_sum
2023-09-12,34.04,Precipitation_daily_sum
2023-09-13,41.91,Precipitation_daily_sum
2023-09-14,0.0,Precipitation_daily_sum
2023-09-15,0.25,Precipitation_daily_sum
2023-09-16,0.0,Precipitation_daily_sum
2023-09-17,0.0,Precipitation_daily_sum
2023-09-18,10.15,Precipitation_daily_sum
2023-09-19,50.8,Precipitation_daily_sum
2023-09-20,0.0,Precipitation_daily_sum
2023-09-21,0.0,Precipitation_daily_sum
2023-09-22,0.0,Precipitation_daily_sum
2023-09-23,0.0,Precipitation_daily_sum
2023-09-24,0.0,Precipitation_daily_sum
2023-09-25,0.0,Precipitation_daily_sum
2023-09-26,0.0,Precipitation_daily_sum
2023-09-27,0.0,Precipitation_daily_sum
2023-09-28,0.0,Precipitation_daily_sum
2023-09-29,0.0,Precipitation_daily_sum
2023-09-30,0.0,Precipitation_daily_sum
2023-10-01,0.0,Precipitation_daily_sum
2023-10-02,0.0,Precipitation_daily_sum
2023-10-03,0.0,Precipitation_daily_sum
2023-10-04,0.0,Precipitation_daily_sum
2023-10-05,0.0,Precipitation_daily_sum
2023-10-06,0.0,Precipitation_daily_sum
2023-10-07,0.0,Precipitation_daily_sum
2023-10-08,0.0,Precipitation_daily_sum
2023-10-09,0.0,Precipitation_daily_sum
2023-10-10,0.0,Precipitation_daily_sum
2023-10-11,0.0,Precipitation_daily_sum
2023-10-12,0.0,Precipitation_daily_sum
2023-10-13,0.0,Precipitation_daily_sum
2023-10-14,0.0,Precipitation_daily_sum
2023-10-15,0.0,Precipitation_daily_sum
2023-10-16,0.0,Precipitation_daily_sum
2023-10-17,2.5,Precipitation_daily_sum
2023-10-18,0.0,Precipitation_daily_sum
2023-10-19,0.0,Precipitation_daily_sum
2023-10-20,0.0,Precipitation_daily_sum
2023-10-21,0.0,Precipitation_daily_sum
2023-10-22,0.0,Precipitation_daily_sum
2023-10-23,0.0,Precipitation_daily_sum
2023-10-24,0.0,Precipitation_daily_sum
2023-10-25,0.0,Precipitation_daily_sum
2023-10-26,0.0,Precipitation_daily_sum
2023-10-27,0.0,Precipitation_daily_sum
2023-10-28,0.0,Precipitation_daily_sum
2023-10-29,0.0,Precipitation_daily_sum
2023-10-30,0.0,Precipitation_daily_sum
2023-10-31,0.0,Precipitation_daily_sum
2023-11-01,0.0,Precipitation_daily_sum
2023-11-02,0.0,Precipitation_daily_sum
2023-11-03,0.0,Precipitation_daily_sum
2023-11-04,0.0,Precipitation_daily_sum
2023-11-05,0.0,Precipitation_daily_sum
2023-11-06,0.0,Precipitation_daily_sum
2023-11-07,0.0,Precipitation_daily_sum
2023-11-08,0.0,Precipitation_daily_sum
2023-11-09,0.0,Precipitation_daily_sum
2023-11-10,0.0,Precipitation_daily_sum
2023-11-11,0.0,Precipitation_daily_sum
2023-11-12,0.0,Precipitation_daily_sum
2023-11-13,0.0,Precipitation_daily_sum
2023-11-14,0.0,Precipitation_daily_sum
2023-11-15,0.0,Precipitation_daily_sum
2023-11-16,0.0,Precipitation_daily_sum
2023-11-17,0.0,Precipitation_daily_sum
2023-11-18,0.0,Precipitation_daily_sum
2023-11-19,0.0,Precipitation_daily_sum
2023-11-20,0.0,Precipitation_daily_sum
2023-11-21,0.0,Precipitation_daily_sum
2023-11-22,0.0,Precipitation_daily_sum
2023-11-23,0.0,Precipitation_daily_sum
2023-11-24,0.0,Precipitation_daily_sum
2023-11-25,0.0,Precipitation_daily_sum
2023-11-26,0.0,Precipitation_daily_sum
2023-11-27,0.0,Precipitation_daily_sum
2023-11-28,0.0,Precipitation_daily_sum
2023-11-29,0.0,Precipitation_daily_sum
2023-11-30,0.0,Precipitation_daily_sum
2023-12-01,0.0,Precipitation_daily_sum
2023-12-02,0.0,Precipitation_daily_sum
2023-12-03,0.0,Precipitation_daily_sum
2023-12-04,0.0,Precipitation_daily_sum
2023-12-05,0.0,Precipitation_daily_sum
2023-12-06,0.0,Precipitation_daily_sum
2023-12-07,0.0,Precipitation_daily_sum
2023-12-08,0.0,Precipitation_daily_sum
2023-12-09,0.0,Precipitation_daily_sum
2023-12-10,0.0,Precipitation_daily_sum
2023-12-11,0.0,Precipitation_daily_sum
2023-12-12,0.0,Precipitation_daily_sum
2023-12-13,0.0,Precipitation_daily_sum
2023-12-14,0.0,Precipitation_daily_sum
2023-12-15,0.0,Precipitation_daily_sum
2023-12-16,0.0,Precipitation_daily_sum
2023-12-17,0.0,Precipitation_daily_sum
2023-12-18,0.0,Precipitation_daily_sum
2023-12-19,0.0,Precipitation_daily_sum
2023-12-20,0.0,Precipitation_daily_sum
2023-12-21,0.0,Precipitation_daily_sum
2023-12-22,0.0,Precipitation_daily_sum
2023-12-23,1.0,Precipitation_daily_sum
2023-12-24,12.9,Precipitation_daily_sum
2023-12-25,0.0,Precipitation_daily_sum
2023-12-26,0.0,Precipitation_daily_sum
2023-12-27,0.0,Precipitation_daily_sum
2023-12-28,0.0,Precipitation_daily_sum
2023-12-29,0.0,Precipitation_daily_sum
2023-12-30,0.0,Precipitation_daily_sum
2023-12-31,0.0,Precipitation_daily_sum
2024-01-01,0.0,Precipitation_daily_sum
2024-01-02,0.0,Precipitation_daily_sum
2024-01-03,0.0,Precipitation_daily_sum
2024-01-04,0.0,Precipitation_daily_sum
2024-01-05,0.0,Precipitation_daily_sum
2024-01-06,0.0,Precipitation_daily_sum
2024-01-07,0.0,Precipitation_daily_sum
2024-01-08,0.0,Precipitation_daily_sum
2024-01-09,0.0,Precipitation_daily_sum
2024-01-10,0.0,Precipitation_daily_sum
2024-01-11,0.0,Precipitation_daily_sum
2024-01-12,0.0,Precipitation_daily_sum
2024-01-13,0.0,Precipitation_daily_sum
2024-01-14,0.0,Precipitation_daily_sum
2024-01-15,0.0,Precipitation_daily_sum
2024-01-16,0.0,Precipitation_daily_sum
2024-01-17,0.0,Precipitation_daily_sum
2024-01-18,0.0,Precipitation_daily_sum
2024-01-19,0.0,Precipitation_daily_sum
2024-01-20,0.0,Precipitation_daily_sum
2024-01-21,10.1,Precipitation_daily_sum
2024-01-22,0.0,Precipitation_daily_sum
2024-01-23,0.0,Precipitation_daily_sum
2024-01-24,0.0,Precipitation_daily_sum
2024-01-25,0.0,Precipitation_daily_sum
2024-01-26,0.0,Precipitation_daily_sum
2024-01-27,0.0,Precipitation_daily_sum
2024-01-28,0.0,Precipitation_daily_sum
2024-01-29,0.0,Precipitation_daily_sum
2024-01-30,0.0,Precipitation_daily_sum
2024-01-31,0.0,Precipitation_daily_sum
2024-02-01,36.6,Precipitation_daily_sum
2024-02-02,0.0,Precipitation_daily_sum
2024-02-03,0.0,Precipitation_daily_sum
2024-02-04,0.0,Precipitation_daily_sum
2024-02-05,0.0,Precipitation_daily_sum
2024-02-06,0.0,Precipitation_daily_sum
2024-02-07,0.0,Precipitation_daily_sum
2024-02-08,0.0,Precipitation_daily_sum
2024-02-09,0.0,Precipitation_daily_sum
2024-02-10,0.0,Precipitation_daily_sum
2024-02-11,0.0,Precipitation_daily_sum
2024-02-12,0.0,Precipitation_daily_sum
2024-02-13,0.0,Precipitation_daily_sum
2024-02-14,0.0,Precipitation_daily_sum
2024-02-15,0.0,Precipitation_daily_sum
2024-02-16,0.0,Precipitation_daily_sum
2016-01-12,432.2379166666667,Water_Level_daily_avg
2016-01-13,432.2141666666666,Water_Level_daily_avg
2016-01-14,432.205,Water_Level_daily_avg
2016-01-15,432.1579166666667,Water_Level_daily_avg
2016-01-16,431.9616666666666,Water_Level_daily_avg
2016-01-17,431.8370833333333,Water_Level_daily_avg
2016-01-18,431.7908333333333,Water_Level_daily_avg
2016-01-19,431.7941666666666,Water_Level_daily_avg
2016-01-20,431.7095833333333,Water_Level_daily_avg
2016-01-21,431.6695833333333,Water_Level_daily_avg
2016-01-22,431.5729166666667,Water_Level_daily_avg
2016-01-23,431.45125,Water_Level_daily_avg
2016-01-24,431.3179166666666,Water_Level_daily_avg
2016-01-25,431.1616666666666,Water_Level_daily_avg
2016-01-26,431.1366666666667,Water_Level_daily_avg
2016-01-27,431.0966666666666,Water_Level_daily_avg
2016-01-28,431.0370833333333,Water_Level_daily_avg
2016-01-29,430.9654166666666,Water_Level_daily_avg
2016-01-30,430.7895833333334,Water_Level_daily_avg
2016-01-31,430.6858333333333,Water_Level_daily_avg
2016-02-01,430.685,Water_Level_daily_avg
2016-02-02,430.5733333333333,Water_Level_daily_avg
2016-02-03,430.4812500000001,Water_Level_daily_avg
2016-02-04,430.4370833333333,Water_Level_daily_avg
2016-02-05,430.4195833333333,Water_Level_daily_avg
2016-02-06,430.39166666666665,Water_Level_daily_avg
2016-02-07,430.3020833333333,Water_Level_daily_avg
2016-02-08,430.2241666666667,Water_Level_daily_avg
2016-02-09,430.19625,Water_Level_daily_avg
2016-02-10,430.0525,Water_Level_daily_avg
2016-02-11,429.9070833333333,Water_Level_daily_avg
2016-02-12,429.7920833333333,Water_Level_daily_avg
2016-02-13,429.7091666666667,Water_Level_daily_avg
2016-02-14,429.60083333333336,Water_Level_daily_avg
2016-02-15,429.4066666666667,Water_Level_daily_avg
2016-02-16,429.35291666666666,Water_Level_daily_avg
2016-02-17,429.2291666666667,Water_Level_daily_avg
2016-02-18,429.0291666666667,Water_Level_daily_avg
2016-02-19,428.92041666666665,Water_Level_daily_avg
2016-02-20,428.7825,Water_Level_daily_avg
2016-02-21,428.5620833333333,Water_Level_daily_avg
2016-02-22,428.4504166666666,Water_Level_daily_avg
2016-02-23,428.47583333333336,Water_Level_daily_avg
2016-02-24,428.405,Water_Level_daily_avg
2016-02-25,428.31,Water_Level_daily_avg
2016-02-26,428.10083333333336,Water_Level_daily_avg
2016-02-27,428.0004166666667,Water_Level_daily_avg
2016-02-28,427.8616666666667,Water_Level_daily_avg
2016-02-29,427.7779166666666,Water_Level_daily_avg
2016-03-01,427.70125,Water_Level_daily_avg
2016-03-02,427.63916666666665,Water_Level_daily_avg
2016-03-03,427.5641666666666,Water_Level_daily_avg
2016-03-04,427.51125,Water_Level_daily_avg
2016-03-05,427.4529166666667,Water_Level_daily_avg
2016-03-06,427.42125,Water_Level_daily_avg
2016-03-07,427.3334782608696,Water_Level_daily_avg
2016-03-08,427.195,Water_Level_daily_avg
2016-03-09,427.1120833333334,Water_Level_daily_avg
2016-03-10,427.0275,Water_Level_daily_avg
2016-03-11,426.97125,Water_Level_daily_avg
2016-03-12,426.8525,Water_Level_daily_avg
2016-03-13,426.78875,Water_Level_daily_avg
2016-03-14,426.69375,Water_Level_daily_avg
2016-03-15,426.61041666666665,Water_Level_daily_avg
2016-03-16,426.5225,Water_Level_daily_avg
2016-03-17,426.4775,Water_Level_daily_avg
2016-03-18,426.45208333333335,Water_Level_daily_avg
2016-03-19,426.4141666666667,Water_Level_daily_avg
2016-03-20,426.31166666666667,Water_Level_daily_avg
2016-03-21,426.2316666666666,Water_Level_daily_avg
2016-03-22,426.1408333333333,Water_Level_daily_avg
2016-03-23,426.06958333333336,Water_Level_daily_avg
2016-03-24,425.9870833333334,Water_Level_daily_avg
2016-03-25,425.9216666666667,Water_Level_daily_avg
2016-03-26,425.7829166666666,Water_Level_daily_avg
2016-03-27,425.62625,Water_Level_daily_avg
2016-03-28,425.5104166666667,Water_Level_daily_avg
2016-03-29,425.34,Water_Level_daily_avg
2016-03-30,425.10625,Water_Level_daily_avg
2016-03-31,424.85375,Water_Level_daily_avg
2016-04-01,424.64166666666665,Water_Level_daily_avg
2016-04-02,424.4529166666667,Water_Level_daily_avg
2016-04-03,424.0545833333333,Water_Level_daily_avg
2016-04-04,423.6595833333333,Water_Level_daily_avg
2016-04-05,423.39875,Water_Level_daily_avg
2016-04-06,423.11,Water_Level_daily_avg
2016-04-07,422.81375,Water_Level_daily_avg
2016-04-08,422.4245833333334,Water_Level_daily_avg
2016-04-09,422.14375,Water_Level_daily_avg
2016-04-10,422.01375,Water_Level_daily_avg
2016-04-11,421.71583333333336,Water_Level_daily_avg
2016-04-12,421.3670833333333,Water_Level_daily_avg
2016-04-13,421.0575,Water_Level_daily_avg
2016-04-14,420.7416666666666,Water_Level_daily_avg
2016-04-15,420.655,Water_Level_daily_avg
2016-04-16,420.8070833333333,Water_Level_daily_avg
2016-04-17,421.0808333333334,Water_Level_daily_avg
2016-04-18,421.06,Water_Level_daily_avg
2016-04-19,420.9458333333334,Water_Level_daily_avg
2016-04-20,420.8983333333333,Water_Level_daily_avg
2016-04-21,420.8370833333333,Water_Level_daily_avg
2016-04-22,420.88166666666666,Water_Level_daily_avg
2016-04-23,421.0875,Water_Level_daily_avg
2016-04-24,421.25666666666666,Water_Level_daily_avg
2016-04-25,421.24708333333336,Water_Level_daily_avg
2016-04-26,421.17375,Water_Level_daily_avg
2016-04-27,421.1454166666667,Water_Level_daily_avg
2016-04-28,420.795,Water_Level_daily_avg
2016-04-29,420.3045833333333,Water_Level_daily_avg
2016-04-30,419.8016666666667,Water_Level_daily_avg
2016-05-01,419.18666666666667,Water_Level_daily_avg
2016-05-02,418.8458333333333,Water_Level_daily_avg
2016-05-03,418.78791666666666,Water_Level_daily_avg
2016-05-04,418.4391666666667,Water_Level_daily_avg
2016-05-05,417.9958333333333,Water_Level_daily_avg
2016-05-06,417.7370833333334,Water_Level_daily_avg
2016-05-07,417.39625,Water_Level_daily_avg
2016-05-08,417.0520833333333,Water_Level_daily_avg
2016-05-09,416.65333333333336,Water_Level_daily_avg
2016-05-10,416.42291666666665,Water_Level_daily_avg
2016-05-11,415.9579166666667,Water_Level_daily_avg
2016-05-12,415.59875000000005,Water_Level_daily_avg
2016-05-13,415.1183333333333,Water_Level_daily_avg
2016-05-14,414.59791666666666,Water_Level_daily_avg
2016-05-15,431.4775,Water_Level_daily_avg
2016-05-16,413.76625,Water_Level_daily_avg
2016-05-17,413.2975,Water_Level_daily_avg
2016-05-18,412.82,Water_Level_daily_avg
2016-05-19,412.3983333333333,Water_Level_daily_avg
2016-05-20,411.8929166666667,Water_Level_daily_avg
2016-05-21,411.28625000000005,Water_Level_daily_avg
2016-05-22,410.7554166666666,Water_Level_daily_avg
2016-05-23,410.225,Water_Level_daily_avg
2016-05-24,409.81750000000005,Water_Level_daily_avg
2016-05-25,409.2795833333333,Water_Level_daily_avg
2016-05-26,408.6345833333333,Water_Level_daily_avg
2016-05-27,407.95375,Water_Level_daily_avg
2016-05-28,407.38000000000005,Water_Level_daily_avg
2016-05-29,407.12958333333336,Water_Level_daily_avg
2016-05-30,406.6995833333333,Water_Level_daily_avg
2016-05-31,406.1041666666667,Water_Level_daily_avg
2016-06-01,405.6566666666667,Water_Level_daily_avg
2016-06-02,405.3658333333333,Water_Level_daily_avg
2016-06-03,404.8945833333333,Water_Level_daily_avg
2016-06-04,404.2070833333333,Water_Level_daily_avg
2016-06-05,403.95208333333335,Water_Level_daily_avg
2016-06-06,403.64166666666665,Water_Level_daily_avg
2016-06-07,403.0270833333333,Water_Level_daily_avg
2016-06-08,402.4491666666667,Water_Level_daily_avg
2016-06-09,401.5491666666667,Water_Level_daily_avg
2016-06-10,400.5654166666666,Water_Level_daily_avg
2016-06-11,399.4225,Water_Level_daily_avg
2016-06-12,398.82708333333335,Water_Level_daily_avg
2016-06-13,398.67041666666665,Water_Level_daily_avg
2016-06-14,398.8066666666667,Water_Level_daily_avg
2016-06-15,399.1854166666667,Water_Level_daily_avg
2016-06-16,399.40375,Water_Level_daily_avg
2016-06-17,399.3991666666666,Water_Level_daily_avg
2016-06-18,399.6154166666667,Water_Level_daily_avg
2016-06-19,399.76875,Water_Level_daily_avg
2016-06-20,399.8129166666667,Water_Level_daily_avg
2016-06-21,399.7441666666667,Water_Level_daily_avg
2016-06-22,399.3458333333333,Water_Level_daily_avg
2016-06-23,398.94250000000005,Water_Level_daily_avg
2016-06-24,398.51625,Water_Level_daily_avg
2016-06-25,398.22875,Water_Level_daily_avg
2016-06-26,398.1475,Water_Level_daily_avg
2016-06-27,398.43375,Water_Level_daily_avg
2016-06-28,398.83166666666665,Water_Level_daily_avg
2016-06-29,399.5158333333333,Water_Level_daily_avg
2016-06-30,399.8008333333333,Water_Level_daily_avg
2016-07-01,400.0804166666667,Water_Level_daily_avg
2016-07-02,400.2825,Water_Level_daily_avg
2016-07-03,400.3666666666666,Water_Level_daily_avg
2016-07-04,400.5504166666667,Water_Level_daily_avg
2016-07-05,400.95208333333335,Water_Level_daily_avg
2016-07-06,401.45125,Water_Level_daily_avg
2016-07-07,402.05,Water_Level_daily_avg
2016-07-08,402.58,Water_Level_daily_avg
2016-07-09,402.8625,Water_Level_daily_avg
2016-07-10,402.9283333333333,Water_Level_daily_avg
2016-07-11,403.2741666666666,Water_Level_daily_avg
2016-07-12,403.8433333333333,Water_Level_daily_avg
2016-07-13,404.25375,Water_Level_daily_avg
2016-07-14,404.68666666666667,Water_Level_daily_avg
2016-07-15,405.26208333333335,Water_Level_daily_avg
2016-07-16,405.8104166666667,Water_Level_daily_avg
2016-07-17,406.2025,Water_Level_daily_avg
2016-07-18,406.7495833333333,Water_Level_daily_avg
2016-07-19,407.2283333333333,Water_Level_daily_avg
2016-07-20,407.62125,Water_Level_daily_avg
2016-07-21,407.60833333333335,Water_Level_daily_avg
2016-07-22,407.61958333333337,Water_Level_daily_avg
2016-07-23,407.9291666666666,Water_Level_daily_avg
2016-07-24,408.48541666666665,Water_Level_daily_avg
2016-07-25,409.36,Water_Level_daily_avg
2016-07-26,410.1841666666666,Water_Level_daily_avg
2016-07-27,410.8575,Water_Level_daily_avg
2016-07-28,411.4379166666667,Water_Level_daily_avg
2016-07-29,411.685,Water_Level_daily_avg
2016-07-30,411.62875,Water_Level_daily_avg
2016-07-31,411.86375,Water_Level_daily_avg
2016-08-01,411.9333333333333,Water_Level_daily_avg
2016-08-02,411.8091666666666,Water_Level_daily_avg
2016-08-03,411.6808333333333,Water_Level_daily_avg
2016-08-04,411.5320833333333,Water_Level_daily_avg
2016-08-05,411.5083333333334,Water_Level_daily_avg
2016-08-06,411.77375,Water_Level_daily_avg
2016-08-07,412.1908333333333,Water_Level_daily_avg
2016-08-08,412.4708333333333,Water_Level_daily_avg
2016-08-09,412.42,Water_Level_daily_avg
2016-08-10,412.29,Water_Level_daily_avg
2016-08-11,412.27625,Water_Level_daily_avg
2016-08-12,412.41625,Water_Level_daily_avg
2016-08-13,412.6854166666667,Water_Level_daily_avg
2016-08-14,413.08434782608697,Water_Level_daily_avg
2016-08-15,413.4475,Water_Level_daily_avg
2016-08-16,414.0495833333334,Water_Level_daily_avg
2016-08-17,415.02625,Water_Level_daily_avg
2016-08-18,415.6575,Water_Level_daily_avg
2016-08-19,416.2341666666667,Water_Level_daily_avg
2016-08-20,416.66291666666666,Water_Level_daily_avg
2016-08-21,416.82083333333327,Water_Level_daily_avg
2016-08-22,416.96375,Water_Level_daily_avg
2016-08-23,417.3325,Water_Level_daily_avg
2016-08-24,417.7504166666667,Water_Level_daily_avg
2016-08-25,417.94125,Water_Level_daily_avg
2016-08-26,418.1870833333333,Water_Level_daily_avg
2016-08-27,418.51666666666665,Water_Level_daily_avg
2016-08-28,418.70166666666665,Water_Level_daily_avg
2016-08-29,418.8125,Water_Level_daily_avg
2016-08-30,419.16375,Water_Level_daily_avg
2016-08-31,419.38416666666666,Water_Level_daily_avg
2016-09-01,419.5254166666667,Water_Level_daily_avg
2016-09-02,419.57916666666665,Water_Level_daily_avg
2016-09-03,419.67541666666665,Water_Level_daily_avg
2016-09-04,419.78125,Water_Level_daily_avg
2016-09-05,419.89208333333335,Water_Level_daily_avg
2016-09-06,419.82625,Water_Level_daily_avg
2016-09-07,419.8320833333333,Water_Level_daily_avg
2016-09-08,419.8783333333333,Water_Level_daily_avg
2016-09-09,420.08875000000006,Water_Level_daily_avg
2016-09-10,420.42625,Water_Level_daily_avg
2016-09-11,420.5279166666666,Water_Level_daily_avg
2016-09-12,420.5904166666666,Water_Level_daily_avg
2016-09-13,420.8233333333333,Water_Level_daily_avg
2016-09-14,420.9820833333333,Water_Level_daily_avg
2016-09-15,421.2058333333334,Water_Level_daily_avg
2016-09-16,421.32375,Water_Level_daily_avg
2016-09-17,421.43666666666667,Water_Level_daily_avg
2016-09-18,421.45666666666665,Water_Level_daily_avg
2016-09-19,421.6158333333333,Water_Level_daily_avg
2016-09-20,421.7891666666667,Water_Level_daily_avg
2016-09-21,422.0295833333333,Water_Level_daily_avg
2016-09-22,422.23333333333335,Water_Level_daily_avg
2016-09-23,422.4341666666666,Water_Level_daily_avg
2016-09-24,422.5645833333333,Water_Level_daily_avg
2016-09-25,422.7091666666667,Water_Level_daily_avg
2016-09-26,422.8858333333333,Water_Level_daily_avg
2016-09-27,423.1895833333333,Water_Level_daily_avg
2016-09-28,423.5366666666666,Water_Level_daily_avg
2016-09-29,423.78041666666667,Water_Level_daily_avg
2016-09-30,423.9670833333333,Water_Level_daily_avg
2016-10-01,424.16,Water_Level_daily_avg
2016-10-02,424.2,Water_Level_daily_avg
2016-10-03,424.2520833333333,Water_Level_daily_avg
2016-10-04,424.3325,Water_Level_daily_avg
2016-10-05,424.44,Water_Level_daily_avg
2016-10-06,424.47291666666666,Water_Level_daily_avg
2016-10-07,424.49500000000006,Water_Level_daily_avg
2016-10-08,424.57916666666665,Water_Level_daily_avg
2016-10-09,424.67083333333335,Water_Level_daily_avg
2016-10-10,424.75375,Water_Level_daily_avg
2016-10-11,424.6854166666667,Water_Level_daily_avg
2016-10-12,424.5366666666666,Water_Level_daily_avg
2016-10-13,424.3966666666667,Water_Level_daily_avg
2016-10-14,424.5841666666667,Water_Level_daily_avg
2016-10-15,424.89,Water_Level_daily_avg
2016-10-16,425.2004166666666,Water_Level_daily_avg
2016-10-17,425.49500000000006,Water_Level_daily_avg
2016-10-18,425.83375,Water_Level_daily_avg
2016-10-19,426.1741666666667,Water_Level_daily_avg
2016-10-20,426.42333333333335,Water_Level_daily_avg
2016-10-21,426.5883333333333,Water_Level_daily_avg
2016-10-22,426.8058333333333,Water_Level_daily_avg
2016-10-23,426.87875,Water_Level_daily_avg
2016-10-24,427.0058333333333,Water_Level_daily_avg
2016-10-25,427.2441666666667,Water_Level_daily_avg
2016-10-26,427.51458333333335,Water_Level_daily_avg
2016-10-27,427.6691666666666,Water_Level_daily_avg
2016-10-28,427.7416666666666,Water_Level_daily_avg
2016-10-29,427.9408333333333,Water_Level_daily_avg
2016-10-30,428.00666666666666,Water_Level_daily_avg
2016-10-31,428.1354166666667,Water_Level_daily_avg
2016-11-01,428.2841666666666,Water_Level_daily_avg
2016-11-02,428.4179166666667,Water_Level_daily_avg
2016-11-03,428.5183333333334,Water_Level_daily_avg
2016-11-04,428.5758333333333,Water_Level_daily_avg
2016-11-05,428.62208333333336,Water_Level_daily_avg
2016-11-06,428.64166666666665,Water_Level_daily_avg
2016-11-07,428.63375,Water_Level_daily_avg
2016-11-08,428.80708333333337,Water_Level_daily_avg
2016-11-09,428.955,Water_Level_daily_avg
2016-11-10,429.055,Water_Level_daily_avg
2016-11-11,429.1333333333334,Water_Level_daily_avg
2016-11-12,429.1720833333334,Water_Level_daily_avg
2016-11-13,429.1141666666667,Water_Level_daily_avg
2016-11-14,429.0195833333333,Water_Level_daily_avg
2016-11-15,429.0345833333333,Water_Level_daily_avg
2016-11-16,429.1308333333333,Water_Level_daily_avg
2016-11-17,429.18208333333337,Water_Level_daily_avg
2016-11-18,429.1454166666667,Water_Level_daily_avg
2016-11-19,429.1020833333334,Water_Level_daily_avg
2016-11-20,429.0408333333333,Water_Level_daily_avg
2016-11-21,428.9666666666667,Water_Level_daily_avg
2016-11-22,429.0083333333334,Water_Level_daily_avg
2016-11-23,429.0529166666667,Water_Level_daily_avg
2016-11-24,429.04541666666665,Water_Level_daily_avg
2016-11-25,429.1033333333333,Water_Level_daily_avg
2016-11-26,429.0445833333333,Water_Level_daily_avg
2016-11-27,428.9291666666666,Water_Level_daily_avg
2016-11-28,428.79125,Water_Level_daily_avg
2016-11-29,428.805,Water_Level_daily_avg
2016-11-30,428.8554166666667,Water_Level_daily_avg
2016-12-01,428.81375,Water_Level_daily_avg
2016-12-02,428.8120833333333,Water_Level_daily_avg
2016-12-03,428.7825,Water_Level_daily_avg
2016-12-04,428.6766666666667,Water_Level_daily_avg
2016-12-05,428.50708333333336,Water_Level_daily_avg
2016-12-06,428.41041666666666,Water_Level_daily_avg
2016-12-07,428.5516666666667,Water_Level_daily_avg
2016-12-08,428.50416666666666,Water_Level_daily_avg
2016-12-09,428.3466666666666,Water_Level_daily_avg
2016-12-10,428.3379166666667,Water_Level_daily_avg
2016-12-11,428.2483333333333,Water_Level_daily_avg
2016-12-12,428.1716666666666,Water_Level_daily_avg
2016-12-13,428.1225,Water_Level_daily_avg
2016-12-14,428.1695833333333,Water_Level_daily_avg
2016-12-15,428.16083333333336,Water_Level_daily_avg
2016-12-16,428.0316666666667,Water_Level_daily_avg
2016-12-17,427.8991666666666,Water_Level_daily_avg
2016-12-18,427.8304166666667,Water_Level_daily_avg
2016-12-19,427.7166666666667,Water_Level_daily_avg
2016-12-20,427.6133333333333,Water_Level_daily_avg
2016-12-21,427.50666666666666,Water_Level_daily_avg
2016-12-22,427.4358333333334,Water_Level_daily_avg
2016-12-23,427.42291666666665,Water_Level_daily_avg
2016-12-24,427.365,Water_Level_daily_avg
2016-12-25,427.3133333333333,Water_Level_daily_avg
2016-12-26,427.3183333333333,Water_Level_daily_avg
2016-12-27,427.2608333333333,Water_Level_daily_avg
2016-12-28,427.29041666666666,Water_Level_daily_avg
2016-12-29,427.38958333333335,Water_Level_daily_avg
2016-12-30,427.3708333333333,Water_Level_daily_avg
2016-12-31,427.33625,Water_Level_daily_avg
2017-01-01,427.295,Water_Level_daily_avg
2017-01-02,427.11083333333335,Water_Level_daily_avg
2017-01-03,426.9404166666666,Water_Level_daily_avg
2017-01-04,426.96625,Water_Level_daily_avg
2017-01-05,427.0245833333333,Water_Level_daily_avg
2017-01-06,427.03,Water_Level_daily_avg
2017-01-07,427.00458333333336,Water_Level_daily_avg
2017-01-08,426.9275,Water_Level_daily_avg
2017-01-09,426.9325,Water_Level_daily_avg
2017-01-10,426.91375,Water_Level_daily_avg
2017-01-11,426.7870833333333,Water_Level_daily_avg
2017-01-12,426.6791666666666,Water_Level_daily_avg
2017-01-13,426.6895833333333,Water_Level_daily_avg
2017-01-14,426.6658333333333,Water_Level_daily_avg
2017-01-15,426.5741666666667,Water_Level_daily_avg
2017-01-16,426.50125,Water_Level_daily_avg
2017-01-17,426.50500000000005,Water_Level_daily_avg
2017-01-18,426.4308333333333,Water_Level_daily_avg
2017-01-19,426.35291666666666,Water_Level_daily_avg
2017-01-20,426.33166666666665,Water_Level_daily_avg
2017-01-21,426.1383333333333,Water_Level_daily_avg
2017-01-22,426.0891666666666,Water_Level_daily_avg
2017-01-23,426.06125,Water_Level_daily_avg
2017-01-24,426.035,Water_Level_daily_avg
2017-01-25,425.9866666666667,Water_Level_daily_avg
2017-01-26,425.9354166666667,Water_Level_daily_avg
2017-01-27,425.7975,Water_Level_daily_avg
2017-01-28,425.71333333333337,Water_Level_daily_avg
2017-01-29,425.5916666666666,Water_Level_daily_avg
2017-01-30,425.5879166666667,Water_Level_daily_avg
2017-01-31,425.5325,Water_Level_daily_avg
2017-02-01,425.29791666666665,Water_Level_daily_avg
2017-02-02,425.1191666666667,Water_Level_daily_avg
2017-02-03,424.9716666666666,Water_Level_daily_avg
2017-02-04,424.8183333333333,Water_Level_daily_avg
2017-02-05,424.8025,Water_Level_daily_avg
2017-02-06,424.7729166666666,Water_Level_daily_avg
2017-02-07,424.8345833333333,Water_Level_daily_avg
2017-02-08,424.65625,Water_Level_daily_avg
2017-02-09,424.48583333333335,Water_Level_daily_avg
2017-02-10,424.375,Water_Level_daily_avg
2017-02-11,424.31750000000005,Water_Level_daily_avg
2017-02-12,424.2345833333333,Water_Level_daily_avg
2017-02-13,424.1691666666666,Water_Level_daily_avg
2017-02-14,424.1979166666667,Water_Level_daily_avg
2017-02-15,424.23791666666665,Water_Level_daily_avg
2017-02-16,424.135,Water_Level_daily_avg
2017-02-17,424.0683333333333,Water_Level_daily_avg
2017-02-18,423.97375000000005,Water_Level_daily_avg
2017-02-19,423.8433333333333,Water_Level_daily_avg
2017-02-20,423.8241666666667,Water_Level_daily_avg
2017-02-21,423.84083333333336,Water_Level_daily_avg
2017-02-22,423.9875,Water_Level_daily_avg
2017-02-23,423.97,Water_Level_daily_avg
2017-02-24,423.92041666666665,Water_Level_daily_avg
2017-02-25,423.79625,Water_Level_daily_avg
2017-02-26,423.7325,Water_Level_daily_avg
2017-02-27,423.69875,Water_Level_daily_avg
2017-02-28,423.62916666666666,Water_Level_daily_avg
2017-03-01,423.55875,Water_Level_daily_avg
2017-03-02,423.5183333333334,Water_Level_daily_avg
2017-03-03,423.4945833333333,Water_Level_daily_avg
2017-03-04,423.44666666666666,Water_Level_daily_avg
2017-03-05,423.3758333333333,Water_Level_daily_avg
2017-03-06,423.2995833333334,Water_Level_daily_avg
2017-03-07,423.28625,Water_Level_daily_avg
2017-03-08,423.25500000000005,Water_Level_daily_avg
2017-03-09,423.1879166666667,Water_Level_daily_avg
2017-03-10,423.19458333333336,Water_Level_daily_avg
2017-03-11,423.2733333333333,Water_Level_daily_avg
2017-03-12,423.2004166666666,Water_Level_daily_avg
2017-03-13,423.05958333333336,Water_Level_daily_avg
2017-03-14,422.9983333333333,Water_Level_daily_avg
2017-03-15,422.9812500000001,Water_Level_daily_avg
2017-03-16,422.9241666666667,Water_Level_daily_avg
2017-03-17,422.8125,Water_Level_daily_avg
2017-03-18,422.70875,Water_Level_daily_avg
2017-03-19,422.6120833333334,Water_Level_daily_avg
2017-03-20,422.5466666666667,Water_Level_daily_avg
2017-03-21,422.6275,Water_Level_daily_avg
2017-03-22,422.5316666666667,Water_Level_daily_avg
2017-03-23,422.4166666666667,Water_Level_daily_avg
2017-03-24,422.33833333333337,Water_Level_daily_avg
2017-03-25,422.32458333333335,Water_Level_daily_avg
2017-03-26,422.3154166666666,Water_Level_daily_avg
2017-03-27,422.09833333333336,Water_Level_daily_avg
2017-03-28,421.97333333333336,Water_Level_daily_avg
2017-03-29,421.64166666666665,Water_Level_daily_avg
2017-03-30,421.3375,Water_Level_daily_avg
2017-03-31,421.15333333333336,Water_Level_daily_avg
2017-04-01,420.9529166666667,Water_Level_daily_avg
2017-04-02,420.6208333333333,Water_Level_daily_avg
2017-04-03,420.40333333333336,Water_Level_daily_avg
2017-04-04,420.1145833333333,Water_Level_daily_avg
2017-04-05,419.8525,Water_Level_daily_avg
2017-04-06,419.5475,Water_Level_daily_avg
2017-04-07,419.26208333333335,Water_Level_daily_avg
2017-04-08,418.91541666666666,Water_Level_daily_avg
2017-04-09,418.5329166666667,Water_Level_daily_avg
2017-04-10,418.1991666666667,Water_Level_daily_avg
2017-04-11,417.9404166666666,Water_Level_daily_avg
2017-04-12,417.5541666666666,Water_Level_daily_avg
2017-04-13,417.1829166666666,Water_Level_daily_avg
2017-04-14,416.8745833333333,Water_Level_daily_avg
2017-04-15,416.6233333333334,Water_Level_daily_avg
2017-04-16,416.5525,Water_Level_daily_avg
2017-04-17,416.51208333333335,Water_Level_daily_avg
2017-04-18,416.27125,Water_Level_daily_avg
2017-04-19,416.24458333333337,Water_Level_daily_avg
2017-04-20,416.2929166666667,Water_Level_daily_avg
2017-04-21,416.3491666666666,Water_Level_daily_avg
2017-04-22,416.3091666666666,Water_Level_daily_avg
2017-04-23,416.3066666666667,Water_Level_daily_avg
2017-04-24,416.2616666666667,Water_Level_daily_avg
2017-04-25,415.9666666666667,Water_Level_daily_avg
2017-04-26,415.5295833333333,Water_Level_daily_avg
2017-04-27,415.04333333333335,Water_Level_daily_avg
2017-04-28,414.52833333333336,Water_Level_daily_avg
2017-04-29,414.0316666666667,Water_Level_daily_avg
2017-04-30,413.48333333333335,Water_Level_daily_avg
2017-05-01,413.05375,Water_Level_daily_avg
2017-05-02,412.645,Water_Level_daily_avg
2017-05-03,412.1541666666667,Water_Level_daily_avg
2017-05-04,411.43208333333337,Water_Level_daily_avg
2017-05-05,411.0475,Water_Level_daily_avg
2017-05-06,410.70125,Water_Level_daily_avg
2017-05-07,410.50125,Water_Level_daily_avg
2017-05-08,410.0420833333333,Water_Level_daily_avg
2017-05-09,409.5233333333333,Water_Level_daily_avg
2017-05-10,408.995,Water_Level_daily_avg
2017-05-11,408.53041666666667,Water_Level_daily_avg
2017-05-12,408.0683333333333,Water_Level_daily_avg
2017-05-13,407.61041666666665,Water_Level_daily_avg
2017-05-14,424.4841666666667,Water_Level_daily_avg
2017-05-15,407.20458333333335,Water_Level_daily_avg
2017-05-16,406.59083333333336,Water_Level_daily_avg
2017-05-17,406.3158333333333,Water_Level_daily_avg
2017-05-18,406.1270833333333,Water_Level_daily_avg
2017-05-19,405.7554166666666,Water_Level_daily_avg
2017-05-20,405.4933333333333,Water_Level_daily_avg
2017-05-21,405.3025,Water_Level_daily_avg
2017-05-22,405.02125,Water_Level_daily_avg
2017-05-23,404.56875,Water_Level_daily_avg
2017-05-24,404.1208333333333,Water_Level_daily_avg
2017-05-25,403.5016666666667,Water_Level_daily_avg
2017-05-26,402.7658333333333,Water_Level_daily_avg
2017-05-27,402.0445833333333,Water_Level_daily_avg
2017-05-28,401.7820833333333,Water_Level_daily_avg
2017-05-29,401.5591666666666,Water_Level_daily_avg
2017-05-30,400.7695833333333,Water_Level_daily_avg
2017-05-31,399.975,Water_Level_daily_avg
2017-06-01,399.11,Water_Level_daily_avg
2017-06-02,398.34,Water_Level_daily_avg
2017-06-03,398.0625,Water_Level_daily_avg
2017-06-04,398.34625,Water_Level_daily_avg
2017-06-05,398.42375,Water_Level_daily_avg
2017-06-06,398.64375,Water_Level_daily_avg
2017-06-07,398.4591666666667,Water_Level_daily_avg
2017-06-08,398.1791666666666,Water_Level_daily_avg
2017-06-09,398.2683333333334,Water_Level_daily_avg
2017-06-10,398.5320833333333,Water_Level_daily_avg
2017-06-11,398.6129166666667,Water_Level_daily_avg
2017-06-12,398.5075,Water_Level_daily_avg
2017-06-13,398.2870833333333,Water_Level_daily_avg
2017-06-14,398.0429166666667,Water_Level_daily_avg
2017-06-15,397.715,Water_Level_daily_avg
2017-06-16,398.0095833333333,Water_Level_daily_avg
2017-06-17,399.43125,Water_Level_daily_avg
2017-06-18,400.0891666666666,Water_Level_daily_avg
2017-06-19,400.05041666666665,Water_Level_daily_avg
2017-06-20,399.88875,Water_Level_daily_avg
2017-06-21,400.47541666666666,Water_Level_daily_avg
2017-06-22,401.4883333333333,Water_Level_daily_avg
2017-06-23,403.1254166666667,Water_Level_daily_avg
2017-06-24,404.02,Water_Level_daily_avg
2017-06-25,405.47375,Water_Level_daily_avg
2017-06-26,407.7520833333333,Water_Level_daily_avg
2017-06-27,409.04791666666665,Water_Level_daily_avg
2017-06-28,409.8370833333333,Water_Level_daily_avg
2017-06-29,410.50708333333336,Water_Level_daily_avg
2017-06-30,410.7779166666666,Water_Level_daily_avg
2017-07-01,410.88916666666665,Water_Level_daily_avg
2017-07-02,410.9533333333333,Water_Level_daily_avg
2017-07-03,410.77833333333336,Water_Level_daily_avg
2017-07-04,410.6366666666667,Water_Level_daily_avg
2017-07-05,410.4475,Water_Level_daily_avg
2017-07-06,410.06708333333336,Water_Level_daily_avg
2017-07-07,409.68,Water_Level_daily_avg
2017-07-08,409.39416666666665,Water_Level_daily_avg
2017-07-09,409.2970833333333,Water_Level_daily_avg
2017-07-10,409.40333333333336,Water_Level_daily_avg
2017-07-11,409.26875,Water_Level_daily_avg
2017-07-12,408.8704166666666,Water_Level_daily_avg
2017-07-13,408.60833333333335,Water_Level_daily_avg
2017-07-14,408.62958333333336,Water_Level_daily_avg
2017-07-15,408.93625,Water_Level_daily_avg
2017-07-16,409.05041666666665,Water_Level_daily_avg
2017-07-17,408.6258333333333,Water_Level_daily_avg
2017-07-18,408.2604166666667,Water_Level_daily_avg
2017-07-19,408.0958333333333,Water_Level_daily_avg
2017-07-20,407.99625,Water_Level_daily_avg
2017-07-21,408.1620833333333,Water_Level_daily_avg
2017-07-22,408.3075,Water_Level_daily_avg
2017-07-23,408.4645833333333,Water_Level_daily_avg
2017-07-24,408.83375,Water_Level_daily_avg
2017-07-25,409.04541666666665,Water_Level_daily_avg
2017-07-26,409.2575,Water_Level_daily_avg
2017-07-27,409.46125,Water_Level_daily_avg
2017-07-28,409.7141666666666,Water_Level_daily_avg
2017-07-29,409.9020833333333,Water_Level_daily_avg
2017-07-30,410.25375,Water_Level_daily_avg
2017-07-31,410.37416666666667,Water_Level_daily_avg
2017-08-01,410.1066666666666,Water_Level_daily_avg
2017-08-02,409.8025,Water_Level_daily_avg
2017-08-03,409.7995833333334,Water_Level_daily_avg
2017-08-04,409.8491666666666,Water_Level_daily_avg
2017-08-05,410.1908333333333,Water_Level_daily_avg
2017-08-06,410.6070833333333,Water_Level_daily_avg
2017-08-07,410.93625,Water_Level_daily_avg
2017-08-08,411.0295833333333,Water_Level_daily_avg
2017-08-09,410.9791666666667,Water_Level_daily_avg
2017-08-10,411.1983333333333,Water_Level_daily_avg
2017-08-11,411.5020833333333,Water_Level_daily_avg
2017-08-12,411.6579166666667,Water_Level_daily_avg
2017-08-13,411.8673913043479,Water_Level_daily_avg
2017-08-14,412.22291666666666,Water_Level_daily_avg
2017-08-15,412.53791666666666,Water_Level_daily_avg
2017-08-16,412.82375,Water_Level_daily_avg
2017-08-17,413.17875,Water_Level_daily_avg
2017-08-18,413.51916666666665,Water_Level_daily_avg
2017-08-19,414.0029166666666,Water_Level_daily_avg
2017-08-20,414.3129166666667,Water_Level_daily_avg
2017-08-21,414.57958333333335,Water_Level_daily_avg
2017-08-22,414.9791666666667,Water_Level_daily_avg
2017-08-23,415.45208333333335,Water_Level_daily_avg
2017-08-24,415.8395833333333,Water_Level_daily_avg
2017-08-25,416.21333333333337,Water_Level_daily_avg
2017-08-26,416.5491666666667,Water_Level_daily_avg
2017-08-27,416.7266666666667,Water_Level_daily_avg
2017-08-28,416.94625,Water_Level_daily_avg
2017-08-29,417.315,Water_Level_daily_avg
2017-08-30,417.65875,Water_Level_daily_avg
2017-08-31,418.08166666666665,Water_Level_daily_avg
2017-09-01,418.43208333333337,Water_Level_daily_avg
2017-09-02,418.735,Water_Level_daily_avg
2017-09-03,418.8691666666667,Water_Level_daily_avg
2017-09-04,419.03583333333336,Water_Level_daily_avg
2017-09-05,419.3854166666667,Water_Level_daily_avg
2017-09-06,419.7145833333333,Water_Level_daily_avg
2017-09-07,420.0204166666667,Water_Level_daily_avg
2017-09-08,420.22375000000005,Water_Level_daily_avg
2017-09-09,420.25708333333336,Water_Level_daily_avg
2017-09-10,420.2941666666666,Water_Level_daily_avg
2017-09-11,420.32166666666666,Water_Level_daily_avg
2017-09-12,420.0158333333334,Water_Level_daily_avg
2017-09-13,419.9645833333333,Water_Level_daily_avg
2017-09-14,420.18875,Water_Level_daily_avg
2017-09-15,420.49625,Water_Level_daily_avg
2017-09-16,420.72541666666666,Water_Level_daily_avg
2017-09-17,420.8829166666667,Water_Level_daily_avg
2017-09-18,421.0508333333333,Water_Level_daily_avg
2017-09-19,421.3329166666667,Water_Level_daily_avg
2017-09-20,421.56708333333336,Water_Level_daily_avg
2017-09-21,421.7891666666667,Water_Level_daily_avg
2017-09-22,422.1025,Water_Level_daily_avg
2017-09-23,422.56166666666667,Water_Level_daily_avg
2017-09-24,422.99458333333337,Water_Level_daily_avg
2017-09-25,423.3033333333333,Water_Level_daily_avg
2017-09-26,423.5970833333333,Water_Level_daily_avg
2017-09-27,423.89625,Water_Level_daily_avg
2017-09-28,424.32958333333335,Water_Level_daily_avg
2017-09-29,424.7820833333333,Water_Level_daily_avg
2017-09-30,425.2654166666667,Water_Level_daily_avg
2017-10-01,425.7779166666666,Water_Level_daily_avg
2017-10-02,426.16083333333336,Water_Level_daily_avg
2017-10-03,426.55375,Water_Level_daily_avg
2017-10-04,426.96333333333337,Water_Level_daily_avg
2017-10-05,427.75875,Water_Level_daily_avg
2017-10-06,428.365,Water_Level_daily_avg
2017-10-07,428.8958333333333,Water_Level_daily_avg
2017-10-08,429.40333333333336,Water_Level_daily_avg
2017-10-09,429.7970833333333,Water_Level_daily_avg
2017-10-10,430.22791666666666,Water_Level_daily_avg
2017-10-11,430.515,Water_Level_daily_avg
2017-10-12,430.7483333333333,Water_Level_daily_avg
2017-10-13,430.8779166666666,Water_Level_daily_avg
2017-10-14,430.7925,Water_Level_daily_avg
2017-10-15,430.81916666666666,Water_Level_daily_avg
2017-10-16,431.01666666666665,Water_Level_daily_avg
2017-10-17,431.2466666666666,Water_Level_daily_avg
2017-10-18,431.5075,Water_Level_daily_avg
2017-10-19,431.8091666666666,Water_Level_daily_avg
2017-10-20,432.1591666666666,Water_Level_daily_avg
2017-10-21,432.5854166666666,Water_Level_daily_avg
2017-10-22,432.8083333333333,Water_Level_daily_avg
2017-10-23,432.9245833333334,Water_Level_daily_avg
2017-10-24,432.9533333333334,Water_Level_daily_avg
2017-10-25,433.1983333333333,Water_Level_daily_avg
2017-10-26,433.52125,Water_Level_daily_avg
2017-10-27,433.8995833333333,Water_Level_daily_avg
2017-10-28,434.24375,Water_Level_daily_avg
2017-10-29,434.67041666666665,Water_Level_daily_avg
2017-10-30,434.8641666666667,Water_Level_daily_avg
2017-10-31,434.915,Water_Level_daily_avg
2017-11-01,435.09125,Water_Level_daily_avg
2017-11-02,435.2575,Water_Level_daily_avg
2017-11-03,435.29791666666665,Water_Level_daily_avg
2017-11-04,435.3654166666667,Water_Level_daily_avg
2017-11-05,435.52625,Water_Level_daily_avg
2017-11-06,435.78541666666666,Water_Level_daily_avg
2017-11-07,435.8354166666666,Water_Level_daily_avg
2017-11-08,435.9358333333333,Water_Level_daily_avg
2017-11-09,436.1133333333333,Water_Level_daily_avg
2017-11-10,436.3204166666667,Water_Level_daily_avg
2017-11-11,436.4079166666667,Water_Level_daily_avg
2017-11-12,436.66833333333335,Water_Level_daily_avg
2017-11-13,436.8404166666666,Water_Level_daily_avg
2017-11-14,436.9079166666667,Water_Level_daily_avg
2017-11-15,436.9625,Water_Level_daily_avg
2017-11-16,436.8875,Water_Level_daily_avg
2017-11-17,436.88958333333335,Water_Level_daily_avg
2017-11-18,436.85,Water_Level_daily_avg
2017-11-19,436.845,Water_Level_daily_avg
2017-11-20,436.9045833333334,Water_Level_daily_avg
2017-11-21,436.9029166666666,Water_Level_daily_avg
2017-11-22,436.82666666666665,Water_Level_daily_avg
2017-11-23,436.7375,Water_Level_daily_avg
2017-11-24,436.64375,Water_Level_daily_avg
2017-11-25,436.5779166666666,Water_Level_daily_avg
2017-11-26,436.6454166666667,Water_Level_daily_avg
2017-11-27,436.795,Water_Level_daily_avg
2017-11-28,436.85125,Water_Level_daily_avg
2017-11-29,436.8433333333333,Water_Level_daily_avg
2017-11-30,436.8933333333334,Water_Level_daily_avg
2017-12-01,436.86083333333335,Water_Level_daily_avg
2017-12-02,436.7275,Water_Level_daily_avg
2017-12-03,436.63916666666665,Water_Level_daily_avg
2017-12-04,436.6283333333333,Water_Level_daily_avg
2017-12-05,436.69958333333335,Water_Level_daily_avg
2017-12-06,436.63166666666666,Water_Level_daily_avg
2017-12-07,436.5895833333333,Water_Level_daily_avg
2017-12-08,436.715,Water_Level_daily_avg
2017-12-09,436.8595833333334,Water_Level_daily_avg
2017-12-10,436.77,Water_Level_daily_avg
2017-12-11,436.7595833333333,Water_Level_daily_avg
2017-12-12,436.8183333333333,Water_Level_daily_avg
2017-12-13,436.7,Water_Level_daily_avg
2017-12-14,436.6129166666667,Water_Level_daily_avg
2017-12-15,436.6016666666667,Water_Level_daily_avg
2017-12-16,436.65,Water_Level_daily_avg
2017-12-17,436.69416666666666,Water_Level_daily_avg
2017-12-18,436.6270833333333,Water_Level_daily_avg
2017-12-19,436.5741666666667,Water_Level_daily_avg
2017-12-20,436.43666666666667,Water_Level_daily_avg
2017-12-21,436.2808333333333,Water_Level_daily_avg
2017-12-22,436.1516666666666,Water_Level_daily_avg
2017-12-23,436.0995833333333,Water_Level_daily_avg
2017-12-24,435.9641666666666,Water_Level_daily_avg
2017-12-25,435.7725,Water_Level_daily_avg
2017-12-26,435.64,Water_Level_daily_avg
2017-12-27,435.50458333333336,Water_Level_daily_avg
2017-12-28,435.3254166666666,Water_Level_daily_avg
2017-12-29,435.3229166666667,Water_Level_daily_avg
2017-12-30,435.2475,Water_Level_daily_avg
2017-12-31,435.01708333333335,Water_Level_daily_avg
2018-01-01,434.89,Water_Level_daily_avg
2018-01-02,434.7625,Water_Level_daily_avg
2018-01-03,434.63208333333336,Water_Level_daily_avg
2018-01-04,434.47291666666666,Water_Level_daily_avg
2018-01-05,434.3275,Water_Level_daily_avg
2018-01-06,434.1929166666666,Water_Level_daily_avg
2018-01-07,434.0829166666667,Water_Level_daily_avg
2018-01-08,433.9816666666666,Water_Level_daily_avg
2018-01-09,433.9116666666666,Water_Level_daily_avg
2018-01-10,433.8454166666667,Water_Level_daily_avg
2018-01-11,433.6870833333333,Water_Level_daily_avg
2018-01-12,433.5229166666666,Water_Level_daily_avg
2018-01-13,433.4266666666667,Water_Level_daily_avg
2018-01-14,433.29,Water_Level_daily_avg
2018-01-15,433.1125,Water_Level_daily_avg
2018-01-16,432.96791666666667,Water_Level_daily_avg
2018-01-17,432.8666666666666,Water_Level_daily_avg
2018-01-18,432.72375000000005,Water_Level_daily_avg
2018-01-19,432.7029166666667,Water_Level_daily_avg
2018-01-20,432.6025,Water_Level_daily_avg
2018-01-21,432.3004166666667,Water_Level_daily_avg
2018-01-22,432.2579166666667,Water_Level_daily_avg
2018-01-23,432.1583333333333,Water_Level_daily_avg
2018-01-24,431.99125,Water_Level_daily_avg
2018-01-25,431.96625,Water_Level_daily_avg
2018-01-26,431.7416666666666,Water_Level_daily_avg
2018-01-27,431.5841666666667,Water_Level_daily_avg
2018-01-28,431.3983333333333,Water_Level_daily_avg
2018-01-29,431.30375,Water_Level_daily_avg
2018-01-30,431.1458333333333,Water_Level_daily_avg
2018-01-31,431.00416666666666,Water_Level_daily_avg
2018-02-01,430.9308333333333,Water_Level_daily_avg
2018-02-02,430.8616666666667,Water_Level_daily_avg
2018-02-03,430.76708333333335,Water_Level_daily_avg
2018-02-04,430.6745833333334,Water_Level_daily_avg
2018-02-05,430.6133333333333,Water_Level_daily_avg
2018-02-06,430.5508333333333,Water_Level_daily_avg
2018-02-07,430.5079166666667,Water_Level_daily_avg
2018-02-08,430.4175,Water_Level_daily_avg
2018-02-09,430.28541666666666,Water_Level_daily_avg
2018-02-10,430.2779166666666,Water_Level_daily_avg
2018-02-11,430.29375,Water_Level_daily_avg
2018-02-12,430.2808333333333,Water_Level_daily_avg
2018-02-13,430.26625,Water_Level_daily_avg
2018-02-14,430.24,Water_Level_daily_avg
2018-02-15,430.2579166666667,Water_Level_daily_avg
2018-02-16,430.2454166666666,Water_Level_daily_avg
2018-02-17,430.2208333333333,Water_Level_daily_avg
2018-02-18,430.2225,Water_Level_daily_avg
2018-02-19,430.3625,Water_Level_daily_avg
2018-02-20,430.32875,Water_Level_daily_avg
2018-02-21,430.2408333333333,Water_Level_daily_avg
2018-02-22,430.1970833333333,Water_Level_daily_avg
2018-02-23,430.1275,Water_Level_daily_avg
2018-02-24,430.0508333333333,Water_Level_daily_avg
2018-02-25,430.0233333333333,Water_Level_daily_avg
2018-02-26,430.0704166666667,Water_Level_daily_avg
2018-02-27,429.9841666666667,Water_Level_daily_avg
2018-02-28,429.77833333333336,Water_Level_daily_avg
2018-03-01,429.5954166666667,Water_Level_daily_avg
2018-03-02,429.3441666666667,Water_Level_daily_avg
2018-03-03,429.0566666666667,Water_Level_daily_avg
2018-03-04,428.7875,Water_Level_daily_avg
2018-03-05,428.76666666666665,Water_Level_daily_avg
2018-03-06,428.6066666666666,Water_Level_daily_avg
2018-03-07,428.4125,Water_Level_daily_avg
2018-03-08,428.205,Water_Level_daily_avg
2018-03-09,427.96625,Water_Level_daily_avg
2018-03-10,427.73291666666665,Water_Level_daily_avg
2018-03-11,427.52875,Water_Level_daily_avg
2018-03-12,427.28125,Water_Level_daily_avg
2018-03-13,426.94666666666666,Water_Level_daily_avg
2018-03-14,426.6883333333333,Water_Level_daily_avg
2018-03-15,426.4916666666666,Water_Level_daily_avg
2018-03-16,426.30958333333336,Water_Level_daily_avg
2018-03-17,426.09625,Water_Level_daily_avg
2018-03-18,425.9004166666667,Water_Level_daily_avg
2018-03-19,425.9145833333334,Water_Level_daily_avg
2018-03-20,425.79,Water_Level_daily_avg
2018-03-21,425.6229166666667,Water_Level_daily_avg
2018-03-22,425.3975,Water_Level_daily_avg
2018-03-23,425.3083333333333,Water_Level_daily_avg
2018-03-24,425.32875,Water_Level_daily_avg
2018-03-25,425.1933333333333,Water_Level_daily_avg
2018-03-26,425.16291666666666,Water_Level_daily_avg
2018-03-27,425.19375,Water_Level_daily_avg
2018-03-28,425.23583333333335,Water_Level_daily_avg
2018-03-29,425.2225,Water_Level_daily_avg
2018-03-30,425.05125,Water_Level_daily_avg
2018-03-31,424.8366666666666,Water_Level_daily_avg
2018-04-01,424.59125,Water_Level_daily_avg
2018-04-02,424.5570833333333,Water_Level_daily_avg
2018-04-03,424.4245833333334,Water_Level_daily_avg
2018-04-04,424.1054166666667,Water_Level_daily_avg
2018-04-05,423.8566666666666,Water_Level_daily_avg
2018-04-06,423.5916666666667,Water_Level_daily_avg
2018-04-07,423.2441666666667,Water_Level_daily_avg
2018-04-08,422.985,Water_Level_daily_avg
2018-04-09,422.7129166666667,Water_Level_daily_avg
2018-04-10,422.4254166666667,Water_Level_daily_avg
2018-04-11,422.2508333333333,Water_Level_daily_avg
2018-04-12,422.0591666666666,Water_Level_daily_avg
2018-04-13,421.91291666666666,Water_Level_daily_avg
2018-04-14,421.7141666666666,Water_Level_daily_avg
2018-04-15,421.3341666666667,Water_Level_daily_avg
2018-04-16,420.99,Water_Level_daily_avg
2018-04-17,420.6279166666666,Water_Level_daily_avg
2018-04-18,420.1979166666667,Water_Level_daily_avg
2018-04-19,419.6795833333333,Water_Level_daily_avg
2018-04-20,419.2225,Water_Level_daily_avg
2018-04-21,418.9383333333333,Water_Level_daily_avg
2018-04-22,418.5058333333333,Water_Level_daily_avg
2018-04-23,418.04541666666665,Water_Level_daily_avg
2018-04-24,417.52833333333336,Water_Level_daily_avg
2018-04-25,416.9795833333333,Water_Level_daily_avg
2018-04-26,416.5995833333333,Water_Level_daily_avg
2018-04-27,416.12916666666666,Water_Level_daily_avg
2018-04-28,415.9070833333333,Water_Level_daily_avg
2018-04-29,415.66291666666666,Water_Level_daily_avg
2018-04-30,415.46583333333336,Water_Level_daily_avg
2018-05-01,415.1304166666667,Water_Level_daily_avg
2018-05-02,414.76208333333335,Water_Level_daily_avg
2018-05-03,414.5254166666667,Water_Level_daily_avg
2018-05-04,414.1825,Water_Level_daily_avg
2018-05-05,414.0783333333333,Water_Level_daily_avg
2018-05-06,413.7716666666667,Water_Level_daily_avg
2018-05-07,413.3404166666666,Water_Level_daily_avg
2018-05-08,413.0995833333333,Water_Level_daily_avg
2018-05-09,412.8254166666666,Water_Level_daily_avg
2018-05-10,412.4741666666666,Water_Level_daily_avg
2018-05-11,412.0429166666667,Water_Level_daily_avg
2018-05-12,428.7341666666667,Water_Level_daily_avg
2018-05-13,411.1804166666666,Water_Level_daily_avg
2018-05-14,411.10625,Water_Level_daily_avg
2018-05-15,411.03125,Water_Level_daily_avg
2018-05-16,410.8416666666667,Water_Level_daily_avg
2018-05-17,410.72875,Water_Level_daily_avg
2018-05-18,410.64125,Water_Level_daily_avg
2018-05-19,410.48333333333335,Water_Level_daily_avg
2018-05-20,410.39375,Water_Level_daily_avg
2018-05-21,410.0366666666666,Water_Level_daily_avg
2018-05-22,409.56708333333336,Water_Level_daily_avg
2018-05-23,409.29833333333335,Water_Level_daily_avg
2018-05-24,409.16083333333336,Water_Level_daily_avg
2018-05-25,408.9795833333333,Water_Level_daily_avg
2018-05-26,408.6829166666666,Water_Level_daily_avg
2018-05-27,408.2575,Water_Level_daily_avg
2018-05-28,408.4995833333333,Water_Level_daily_avg
2018-05-29,409.08,Water_Level_daily_avg
2018-05-30,409.3879166666666,Water_Level_daily_avg
2018-05-31,409.4220833333334,Water_Level_daily_avg
2018-06-01,409.31,Water_Level_daily_avg
2018-06-02,409.1725,Water_Level_daily_avg
2018-06-03,409.07125,Water_Level_daily_avg
2018-06-04,408.8595833333333,Water_Level_daily_avg
2018-06-05,408.5866666666666,Water_Level_daily_avg
2018-06-06,408.50666666666666,Water_Level_daily_avg
2018-06-07,408.60125,Water_Level_daily_avg
2018-06-08,408.7395833333333,Water_Level_daily_avg
2018-06-09,409.18458333333336,Water_Level_daily_avg
2018-06-10,409.5629166666667,Water_Level_daily_avg
2018-06-11,409.73375,Water_Level_daily_avg
2018-06-12,409.77583333333337,Water_Level_daily_avg
2018-06-13,409.85,Water_Level_daily_avg
2018-06-14,409.6133333333333,Water_Level_daily_avg
2018-06-15,409.4629166666667,Water_Level_daily_avg
2018-06-16,409.65333333333336,Water_Level_daily_avg
2018-06-17,409.5925,Water_Level_daily_avg
2018-06-18,409.4695833333333,Water_Level_daily_avg
2018-06-19,409.6883333333333,Water_Level_daily_avg
2018-06-20,409.9691666666667,Water_Level_daily_avg
2018-06-21,410.0545833333333,Water_Level_daily_avg
2018-06-22,410.2208333333333,Water_Level_daily_avg
2018-06-23,410.2875,Water_Level_daily_avg
2018-06-24,410.32,Water_Level_daily_avg
2018-06-25,410.28541666666666,Water_Level_daily_avg
2018-06-26,410.5970833333333,Water_Level_daily_avg
2018-06-27,411.56916666666666,Water_Level_daily_avg
2018-06-28,412.38125,Water_Level_daily_avg
2018-06-29,413.06958333333336,Water_Level_daily_avg
2018-06-30,413.25708333333336,Water_Level_daily_avg
2018-07-01,413.72625,Water_Level_daily_avg
2018-07-02,413.96875,Water_Level_daily_avg
2018-07-03,413.83125,Water_Level_daily_avg
2018-07-04,413.98291666666665,Water_Level_daily_avg
2018-07-05,414.1670833333333,Water_Level_daily_avg
2018-07-06,414.45375,Water_Level_daily_avg
2018-07-07,414.84083333333336,Water_Level_daily_avg
2018-07-08,414.9429166666666,Water_Level_daily_avg
2018-07-09,415.0520833333333,Water_Level_daily_avg
2018-07-10,415.0433333333333,Water_Level_daily_avg
2018-07-11,415.0995833333333,Water_Level_daily_avg
2018-07-12,415.0916666666667,Water_Level_daily_avg
2018-07-13,415.2495833333333,Water_Level_daily_avg
2018-07-14,415.4766666666667,Water_Level_daily_avg
2018-07-15,415.89,Water_Level_daily_avg
2018-07-16,416.0179166666667,Water_Level_daily_avg
2018-07-17,416.1404166666667,Water_Level_daily_avg
2018-07-18,416.0925,Water_Level_daily_avg
2018-07-19,416.23,Water_Level_daily_avg
2018-07-20,416.5158333333333,Water_Level_daily_avg
2018-07-21,416.62916666666666,Water_Level_daily_avg
2018-07-22,416.63375,Water_Level_daily_avg
2018-07-23,416.6479166666666,Water_Level_daily_avg
2018-07-24,416.5525,Water_Level_daily_avg
2018-07-25,416.26875,Water_Level_daily_avg
2018-07-26,415.98,Water_Level_daily_avg
2018-07-27,415.85125,Water_Level_daily_avg
2018-07-28,415.8375,Water_Level_daily_avg
2018-07-29,415.91541666666666,Water_Level_daily_avg
2018-07-30,415.8616666666667,Water_Level_daily_avg
2018-07-31,415.7516666666666,Water_Level_daily_avg
2018-08-01,415.695,Water_Level_daily_avg
2018-08-02,415.4529166666667,Water_Level_daily_avg
2018-08-03,415.3329166666667,Water_Level_daily_avg
2018-08-04,415.4187500000001,Water_Level_daily_avg
2018-08-05,415.5270833333333,Water_Level_daily_avg
2018-08-06,415.6229166666667,Water_Level_daily_avg
2018-08-07,415.5858333333333,Water_Level_daily_avg
2018-08-08,415.6308333333333,Water_Level_daily_avg
2018-08-09,415.81,Water_Level_daily_avg
2018-08-10,415.82916666666665,Water_Level_daily_avg
2018-08-11,415.92541666666665,Water_Level_daily_avg
2018-08-12,416.1116666666667,Water_Level_daily_avg
2018-08-13,416.3395833333333,Water_Level_daily_avg
2018-08-14,416.44958333333335,Water_Level_daily_avg
2018-08-15,416.53791666666666,Water_Level_daily_avg
2018-08-16,416.2620833333333,Water_Level_daily_avg
2018-08-17,416.2495833333333,Water_Level_daily_avg
2018-08-18,416.2720833333333,Water_Level_daily_avg
2018-08-19,416.2075,Water_Level_daily_avg
2018-08-20,416.39875,Water_Level_daily_avg
2018-08-21,416.5054166666666,Water_Level_daily_avg
2018-08-22,416.2895833333334,Water_Level_daily_avg
2018-08-23,416.22875,Water_Level_daily_avg
2018-08-24,416.3225,Water_Level_daily_avg
2018-08-25,416.2391666666667,Water_Level_daily_avg
2018-08-26,416.17291666666665,Water_Level_daily_avg
2018-08-27,416.5320833333333,Water_Level_daily_avg
2018-08-28,416.7654166666667,Water_Level_daily_avg
2018-08-29,417.0416666666667,Water_Level_daily_avg
2018-08-30,417.35083333333336,Water_Level_daily_avg
2018-08-31,417.61375,Water_Level_daily_avg
2018-09-01,417.63,Water_Level_daily_avg
2018-09-02,417.6720833333334,Water_Level_daily_avg
2018-09-03,417.7445833333333,Water_Level_daily_avg
2018-09-04,417.9320833333333,Water_Level_daily_avg
2018-09-05,418.22333333333336,Water_Level_daily_avg
2018-09-06,418.55125,Water_Level_daily_avg
2018-09-07,418.9433333333333,Water_Level_daily_avg
2018-09-08,419.04833333333335,Water_Level_daily_avg
2018-09-09,419.2708333333333,Water_Level_daily_avg
2018-09-10,419.47375000000005,Water_Level_daily_avg
2018-09-11,419.5470833333333,Water_Level_daily_avg
2018-09-12,419.8233333333333,Water_Level_daily_avg
2018-09-13,420.16041666666666,Water_Level_daily_avg
2018-09-14,420.39625,Water_Level_daily_avg
2018-09-15,420.5729166666667,Water_Level_daily_avg
2018-09-16,420.9070833333333,Water_Level_daily_avg
2018-09-17,421.5179166666667,Water_Level_daily_avg
2018-09-18,422.18625,Water_Level_daily_avg
2018-09-19,422.6208333333333,Water_Level_daily_avg
2018-09-20,422.8929166666667,Water_Level_daily_avg
2018-09-21,423.32625,Water_Level_daily_avg
2018-09-22,424.14375,Water_Level_daily_avg
2018-09-23,424.65333333333336,Water_Level_daily_avg
2018-09-24,425.1120833333334,Water_Level_daily_avg
2018-09-25,425.66541666666666,Water_Level_daily_avg
2018-09-26,425.9816666666666,Water_Level_daily_avg
2018-09-27,426.5520833333333,Water_Level_daily_avg
2018-09-28,427.4504166666666,Water_Level_daily_avg
2018-09-29,428.2304166666667,Water_Level_daily_avg
2018-09-30,428.8133333333333,Water_Level_daily_avg
2018-10-01,429.3020833333333,Water_Level_daily_avg
2018-10-02,429.68625,Water_Level_daily_avg
2018-10-03,430.0866666666666,Water_Level_daily_avg
2018-10-04,430.4895833333333,Water_Level_daily_avg
2018-10-05,430.8854166666667,Water_Level_daily_avg
2018-10-06,431.2795833333333,Water_Level_daily_avg
2018-10-07,431.6383333333333,Water_Level_daily_avg
2018-10-08,431.8691666666667,Water_Level_daily_avg
2018-10-09,432.1141666666667,Water_Level_daily_avg
2018-10-10,432.315,Water_Level_daily_avg
2018-10-11,432.47333333333336,Water_Level_daily_avg
2018-10-12,432.57958333333335,Water_Level_daily_avg
2018-10-13,432.5425,Water_Level_daily_avg
2018-10-14,432.6825,Water_Level_daily_avg
2018-10-15,432.87,Water_Level_daily_avg
2018-10-16,432.95208333333335,Water_Level_daily_avg
2018-10-17,433.0254166666667,Water_Level_daily_avg
2018-10-18,433.09833333333336,Water_Level_daily_avg
2018-10-19,432.98,Water_Level_daily_avg
2018-10-20,433.1279166666666,Water_Level_daily_avg
2018-10-21,433.3129166666667,Water_Level_daily_avg
2018-10-22,433.2104166666666,Water_Level_daily_avg
2018-10-23,433.2925,Water_Level_daily_avg
2018-10-24,433.44625,Water_Level_daily_avg
2018-10-25,433.45125,Water_Level_daily_avg
2018-10-26,433.4370833333333,Water_Level_daily_avg
2018-10-27,433.5625,Water_Level_daily_avg
2018-10-28,433.8045833333333,Water_Level_daily_avg
2018-10-29,434.64375,Water_Level_daily_avg
2018-10-30,435.1183333333333,Water_Level_daily_avg
2018-10-31,435.3120833333333,Water_Level_daily_avg
2018-11-01,435.4,Water_Level_daily_avg
2018-11-02,435.455,Water_Level_daily_avg
2018-11-03,435.465,Water_Level_daily_avg
2018-11-04,435.4308333333333,Water_Level_daily_avg
2018-11-05,435.43208333333337,Water_Level_daily_avg
2018-11-06,435.5558333333333,Water_Level_daily_avg
2018-11-07,435.6666666666667,Water_Level_daily_avg
2018-11-08,435.65083333333337,Water_Level_daily_avg
2018-11-09,435.72875,Water_Level_daily_avg
2018-11-10,436.0216666666667,Water_Level_daily_avg
2018-11-11,436.1825,Water_Level_daily_avg
2018-11-12,436.1925,Water_Level_daily_avg
2018-11-13,436.19875,Water_Level_daily_avg
2018-11-14,436.18208333333337,Water_Level_daily_avg
2018-11-15,435.9983333333333,Water_Level_daily_avg
2018-11-16,436.0125,Water_Level_daily_avg
2018-11-17,436.2395833333333,Water_Level_daily_avg
2018-11-18,436.23083333333335,Water_Level_daily_avg
2018-11-19,436.1545833333334,Water_Level_daily_avg
2018-11-20,436.18625,Water_Level_daily_avg
2018-11-21,436.2266666666667,Water_Level_daily_avg
2018-11-22,436.2633333333333,Water_Level_daily_avg
2018-11-23,436.24875,Water_Level_daily_avg
2018-11-24,436.27583333333337,Water_Level_daily_avg
2018-11-25,436.25875,Water_Level_daily_avg
2018-11-26,436.1429166666667,Water_Level_daily_avg
2018-11-27,436.2066666666667,Water_Level_daily_avg
2018-11-28,436.3275,Water_Level_daily_avg
2018-11-29,436.37916666666666,Water_Level_daily_avg
2018-11-30,436.3079166666666,Water_Level_daily_avg
2018-12-01,436.2929166666667,Water_Level_daily_avg
2018-12-02,436.2345833333334,Water_Level_daily_avg
2018-12-03,436.2245833333333,Water_Level_daily_avg
2018-12-04,436.17333333333335,Water_Level_daily_avg
2018-12-05,436.06875,Water_Level_daily_avg
2018-12-06,435.8908333333333,Water_Level_daily_avg
2018-12-07,435.68458333333336,Water_Level_daily_avg
2018-12-08,435.635,Water_Level_daily_avg
2018-12-09,435.535,Water_Level_daily_avg
2018-12-10,435.4504166666666,Water_Level_daily_avg
2018-12-11,435.3866666666667,Water_Level_daily_avg
2018-12-12,435.2479166666667,Water_Level_daily_avg
2018-12-13,435.2004166666666,Water_Level_daily_avg
2018-12-14,435.2483333333333,Water_Level_daily_avg
2018-12-15,435.22625,Water_Level_daily_avg
2018-12-16,435.1175,Water_Level_daily_avg
2018-12-17,434.9604166666666,Water_Level_daily_avg
2018-12-18,434.9608333333333,Water_Level_daily_avg
2018-12-19,434.89416666666665,Water_Level_daily_avg
2018-12-20,434.8416666666667,Water_Level_daily_avg
2018-12-21,434.8866666666667,Water_Level_daily_avg
2018-12-22,434.735,Water_Level_daily_avg
2018-12-23,434.6583333333333,Water_Level_daily_avg
2018-12-24,434.55125,Water_Level_daily_avg
2018-12-25,434.5125,Water_Level_daily_avg
2018-12-26,434.59625,Water_Level_daily_avg
2018-12-27,434.5579166666666,Water_Level_daily_avg
2018-12-28,434.4058333333333,Water_Level_daily_avg
2018-12-29,434.2629166666666,Water_Level_daily_avg
2018-12-30,434.17,Water_Level_daily_avg
2018-12-31,433.9995833333333,Water_Level_daily_avg
2019-01-01,433.82708333333335,Water_Level_daily_avg
2019-01-02,433.81375,Water_Level_daily_avg
2019-01-03,433.7558333333333,Water_Level_daily_avg
2019-01-04,433.38375,Water_Level_daily_avg
2019-01-05,433.0633333333333,Water_Level_daily_avg
2019-01-06,432.8745833333333,Water_Level_daily_avg
2019-01-07,432.7575,Water_Level_daily_avg
2019-01-08,432.635,Water_Level_daily_avg
2019-01-09,432.48875,Water_Level_daily_avg
2019-01-10,432.4566666666667,Water_Level_daily_avg
2019-01-11,432.4604166666666,Water_Level_daily_avg
2019-01-12,432.42083333333335,Water_Level_daily_avg
2019-01-13,432.2966666666666,Water_Level_daily_avg
2019-01-14,432.17,Water_Level_daily_avg
2019-01-15,432.075,Water_Level_daily_avg
2019-01-16,431.93208333333337,Water_Level_daily_avg
2019-01-17,431.9379166666667,Water_Level_daily_avg
2019-01-18,431.8683333333333,Water_Level_daily_avg
2019-01-19,431.7366666666667,Water_Level_daily_avg
2019-01-20,431.61,Water_Level_daily_avg
2019-01-21,431.56666666666666,Water_Level_daily_avg
2019-01-22,431.4716666666666,Water_Level_daily_avg
2019-01-23,431.38958333333335,Water_Level_daily_avg
2019-01-24,431.3179166666666,Water_Level_daily_avg
2019-01-25,431.2,Water_Level_daily_avg
2019-01-26,431.0833333333333,Water_Level_daily_avg
2019-01-27,430.9475,Water_Level_daily_avg
2019-01-28,430.91,Water_Level_daily_avg
2019-01-29,430.7908333333333,Water_Level_daily_avg
2019-01-30,430.6808333333333,Water_Level_daily_avg
2019-01-31,430.5679166666666,Water_Level_daily_avg
2019-02-01,430.43125,Water_Level_daily_avg
2019-02-02,430.2720833333333,Water_Level_daily_avg
2019-02-03,430.0916666666666,Water_Level_daily_avg
2019-02-04,430.0733333333333,Water_Level_daily_avg
2019-02-05,430.0554166666666,Water_Level_daily_avg
2019-02-06,429.92875,Water_Level_daily_avg
2019-02-07,429.7970833333333,Water_Level_daily_avg
2019-02-08,429.6841666666666,Water_Level_daily_avg
2019-02-09,429.29791666666665,Water_Level_daily_avg
2019-02-10,429.23875,Water_Level_daily_avg
2019-02-11,429.21583333333336,Water_Level_daily_avg
2019-02-12,429.1041666666667,Water_Level_daily_avg
2019-02-13,428.98083333333335,Water_Level_daily_avg
2019-02-14,428.865,Water_Level_daily_avg
2019-02-15,428.6795833333333,Water_Level_daily_avg
2019-02-16,428.5841666666667,Water_Level_daily_avg
2019-02-17,428.595,Water_Level_daily_avg
2019-02-18,428.5620833333333,Water_Level_daily_avg
2019-02-19,428.4691666666667,Water_Level_daily_avg
2019-02-20,428.42041666666665,Water_Level_daily_avg
2019-02-21,428.3470833333333,Water_Level_daily_avg
2019-02-22,427.9095833333333,Water_Level_daily_avg
2019-02-23,427.77583333333337,Water_Level_daily_avg
2019-02-24,427.7033333333334,Water_Level_daily_avg
2019-02-25,427.8058333333333,Water_Level_daily_avg
2019-02-26,427.965,Water_Level_daily_avg
2019-02-27,427.9479166666667,Water_Level_daily_avg
2019-02-28,427.78041666666667,Water_Level_daily_avg
2019-03-01,427.6725,Water_Level_daily_avg
2019-03-02,427.63958333333335,Water_Level_daily_avg
2019-03-03,427.66291666666666,Water_Level_daily_avg
2019-03-04,427.4225,Water_Level_daily_avg
2019-03-05,427.18125,Water_Level_daily_avg
2019-03-06,426.8491666666666,Water_Level_daily_avg
2019-03-07,426.56958333333336,Water_Level_daily_avg
2019-03-08,426.26708333333335,Water_Level_daily_avg
2019-03-09,426.0316666666667,Water_Level_daily_avg
2019-03-10,425.775,Water_Level_daily_avg
2019-03-11,425.55625,Water_Level_daily_avg
2019-03-12,425.4383333333333,Water_Level_daily_avg
2019-03-13,425.4004166666667,Water_Level_daily_avg
2019-03-14,425.31958333333336,Water_Level_daily_avg
2019-03-15,425.20375,Water_Level_daily_avg
2019-03-16,425.1895833333333,Water_Level_daily_avg
2019-03-17,425.2175,Water_Level_daily_avg
2019-03-18,425.3341666666667,Water_Level_daily_avg
2019-03-19,425.4770833333334,Water_Level_daily_avg
2019-03-20,425.3641666666667,Water_Level_daily_avg
2019-03-21,425.2091666666667,Water_Level_daily_avg
2019-03-22,425.0683333333333,Water_Level_daily_avg
2019-03-23,424.96,Water_Level_daily_avg
2019-03-24,424.9458333333334,Water_Level_daily_avg
2019-03-25,424.85375,Water_Level_daily_avg
2019-03-26,424.5970833333333,Water_Level_daily_avg
2019-03-27,424.24875,Water_Level_daily_avg
2019-03-28,424.02833333333336,Water_Level_daily_avg
2019-03-29,423.74375,Water_Level_daily_avg
2019-03-30,423.3995833333333,Water_Level_daily_avg
2019-03-31,423.1270833333333,Water_Level_daily_avg
2019-04-01,422.65125,Water_Level_daily_avg
2019-04-02,422.3454166666667,Water_Level_daily_avg
2019-04-03,422.0645833333333,Water_Level_daily_avg
2019-04-04,439.3466666666666,Water_Level_daily_avg
2019-04-05,421.4645833333333,Water_Level_daily_avg
2019-04-06,421.2720833333333,Water_Level_daily_avg
2019-04-07,420.97291666666666,Water_Level_daily_avg
2019-04-08,420.66083333333336,Water_Level_daily_avg
2019-04-09,420.3366666666666,Water_Level_daily_avg
2019-04-10,420.0395833333334,Water_Level_daily_avg
2019-04-11,419.74375,Water_Level_daily_avg
2019-04-12,419.45416666666665,Water_Level_daily_avg
2019-04-13,419.1408333333333,Water_Level_daily_avg
2019-04-14,418.81666666666666,Water_Level_daily_avg
2019-04-15,418.4783333333333,Water_Level_daily_avg
2019-04-16,418.165,Water_Level_daily_avg
2019-04-17,417.7525,Water_Level_daily_avg
2019-04-18,417.43375,Water_Level_daily_avg
2019-04-19,417.1833333333333,Water_Level_daily_avg
2019-04-20,416.9716666666666,Water_Level_daily_avg
2019-04-21,416.7079166666667,Water_Level_daily_avg
2019-04-22,416.3641666666667,Water_Level_daily_avg
2019-04-23,416.0016666666667,Water_Level_daily_avg
2019-04-24,415.61041666666665,Water_Level_daily_avg
2019-04-25,415.2216666666666,Water_Level_daily_avg
2019-04-26,414.84875000000005,Water_Level_daily_avg
2019-04-27,414.5033333333333,Water_Level_daily_avg
2019-04-28,414.18666666666667,Water_Level_daily_avg
2019-04-29,413.8125,Water_Level_daily_avg
2019-04-30,413.61083333333335,Water_Level_daily_avg
2019-05-01,413.8329166666667,Water_Level_daily_avg
2019-05-02,413.9891666666667,Water_Level_daily_avg
2019-05-03,413.82708333333335,Water_Level_daily_avg
2019-05-04,413.6575,Water_Level_daily_avg
2019-05-05,413.47375000000005,Water_Level_daily_avg
2019-05-06,413.3575,Water_Level_daily_avg
2019-05-07,413.19666666666666,Water_Level_daily_avg
2019-05-08,413.07875,Water_Level_daily_avg
2019-05-09,412.77875,Water_Level_daily_avg
2019-05-10,412.4245833333334,Water_Level_daily_avg
2019-05-11,412.28625,Water_Level_daily_avg
2019-05-12,412.1170833333333,Water_Level_daily_avg
2019-05-13,411.98541666666665,Water_Level_daily_avg
2019-05-14,411.7433333333333,Water_Level_daily_avg
2019-05-15,411.30625,Water_Level_daily_avg
2019-05-16,410.8466666666666,Water_Level_daily_avg
2019-05-17,410.48083333333335,Water_Level_daily_avg
2019-05-18,410.55625,Water_Level_daily_avg
2019-05-19,410.6154166666667,Water_Level_daily_avg
2019-05-20,410.3083333333333,Water_Level_daily_avg
2019-05-21,410.09625,Water_Level_daily_avg
2019-05-22,409.8558333333333,Water_Level_daily_avg
2019-05-23,409.43208333333337,Water_Level_daily_avg
2019-05-24,409.1829166666666,Water_Level_daily_avg
2019-05-25,409.2395833333333,Water_Level_daily_avg
2019-05-26,409.05125,Water_Level_daily_avg
2019-05-27,409.19,Water_Level_daily_avg
2019-05-28,409.6325,Water_Level_daily_avg
2019-05-29,409.95166666666665,Water_Level_daily_avg
2019-05-30,410.0325,Water_Level_daily_avg
2019-05-31,409.8391666666666,Water_Level_daily_avg
2019-06-01,409.7495833333333,Water_Level_daily_avg
2019-06-02,409.9004166666667,Water_Level_daily_avg
2019-06-03,410.3304166666667,Water_Level_daily_avg
2019-06-04,410.8966666666667,Water_Level_daily_avg
2019-06-05,411.40083333333337,Water_Level_daily_avg
2019-06-06,411.61625,Water_Level_daily_avg
2019-06-07,411.73375,Water_Level_daily_avg
2019-06-08,411.7245833333333,Water_Level_daily_avg
2019-06-09,411.6483333333333,Water_Level_daily_avg
2019-06-10,411.7170833333333,Water_Level_daily_avg
2019-06-11,411.87,Water_Level_daily_avg
2019-06-12,411.8683333333333,Water_Level_daily_avg
2019-06-13,411.8366666666666,Water_Level_daily_avg
2019-06-14,411.8366666666666,Water_Level_daily_avg
2019-06-15,411.83166666666665,Water_Level_daily_avg
2019-06-16,411.4595833333333,Water_Level_daily_avg
2019-06-17,411.3108333333333,Water_Level_daily_avg
2019-06-18,411.17125,Water_Level_daily_avg
2019-06-19,411.03041666666667,Water_Level_daily_avg
2019-06-20,410.85375,Water_Level_daily_avg
2019-06-21,410.93375,Water_Level_daily_avg
2019-06-22,410.5633333333333,Water_Level_daily_avg
2019-06-23,410.0741666666667,Water_Level_daily_avg
2019-06-24,409.42,Water_Level_daily_avg
2019-06-25,409.1170833333333,Water_Level_daily_avg
2019-06-26,408.93208333333337,Water_Level_daily_avg
2019-06-27,409.0195833333333,Water_Level_daily_avg
2019-06-28,409.07458333333335,Water_Level_daily_avg
2019-06-29,409.2791666666667,Water_Level_daily_avg
2019-06-30,409.4570833333333,Water_Level_daily_avg
2019-07-01,409.6683333333333,Water_Level_daily_avg
2019-07-02,409.8491666666666,Water_Level_daily_avg
2019-07-03,410.0058333333333,Water_Level_daily_avg
2019-07-04,410.0054166666666,Water_Level_daily_avg
2019-07-05,410.0641666666666,Water_Level_daily_avg
2019-07-06,410.15375,Water_Level_daily_avg
2019-07-07,410.1454166666667,Water_Level_daily_avg
2019-07-08,410.40875,Water_Level_daily_avg
2019-07-09,410.7845833333333,Water_Level_daily_avg
2019-07-10,411.03791666666666,Water_Level_daily_avg
2019-07-11,411.1491666666666,Water_Level_daily_avg
2019-07-12,411.23,Water_Level_daily_avg
2019-07-13,411.4275,Water_Level_daily_avg
2019-07-14,411.41375,Water_Level_daily_avg
2019-07-15,411.63000000000005,Water_Level_daily_avg
2019-07-16,411.7866666666666,Water_Level_daily_avg
2019-07-17,412.0975,Water_Level_daily_avg
2019-07-18,412.4325,Water_Level_daily_avg
2019-07-19,412.49708333333336,Water_Level_daily_avg
2019-07-20,412.4841666666667,Water_Level_daily_avg
2019-07-21,412.32875,Water_Level_daily_avg
2019-07-22,412.3008333333333,Water_Level_daily_avg
2019-07-23,412.25125,Water_Level_daily_avg
2019-07-24,412.0,Water_Level_daily_avg
2019-07-25,411.8425,Water_Level_daily_avg
2019-07-26,411.8366666666666,Water_Level_daily_avg
2019-07-27,411.9570833333333,Water_Level_daily_avg
2019-07-28,412.22583333333336,Water_Level_daily_avg
2019-07-29,412.315,Water_Level_daily_avg
2019-07-30,412.56625,Water_Level_daily_avg
2019-07-31,412.91875,Water_Level_daily_avg
2019-08-01,413.1591666666666,Water_Level_daily_avg
2019-08-02,413.1870833333333,Water_Level_daily_avg
2019-08-03,413.2008333333333,Water_Level_daily_avg
2019-08-04,413.2916666666667,Water_Level_daily_avg
2019-08-05,413.3933333333334,Water_Level_daily_avg
2019-08-06,413.4583333333333,Water_Level_daily_avg
2019-08-07,413.4258333333333,Water_Level_daily_avg
2019-08-08,413.315,Water_Level_daily_avg
2019-08-09,413.0941666666667,Water_Level_daily_avg
2019-08-10,413.0554166666666,Water_Level_daily_avg
2019-08-11,413.0854166666666,Water_Level_daily_avg
2019-08-12,413.0879166666667,Water_Level_daily_avg
2019-08-13,413.3333333333333,Water_Level_daily_avg
2019-08-14,413.5545833333333,Water_Level_daily_avg
2019-08-15,413.73333333333335,Water_Level_daily_avg
2019-08-16,413.85291666666666,Water_Level_daily_avg
2019-08-17,413.85083333333336,Water_Level_daily_avg
2019-08-18,413.8945833333333,Water_Level_daily_avg
2019-08-19,414.1279166666666,Water_Level_daily_avg
2019-08-20,414.305,Water_Level_daily_avg
2019-08-21,414.4125,Water_Level_daily_avg
2019-08-22,414.3666666666666,Water_Level_daily_avg
2019-08-23,414.3570833333333,Water_Level_daily_avg
2019-08-24,414.4370833333333,Water_Level_daily_avg
2019-08-25,414.7829166666666,Water_Level_daily_avg
2019-08-26,414.9883333333333,Water_Level_daily_avg
2019-08-27,415.1679166666667,Water_Level_daily_avg
2019-08-28,415.4920833333333,Water_Level_daily_avg
2019-08-29,415.5583333333333,Water_Level_daily_avg
2019-08-30,415.7916666666667,Water_Level_daily_avg
2019-08-31,415.98333333333335,Water_Level_daily_avg
2019-09-01,416.0958333333333,Water_Level_daily_avg
2019-09-02,416.3595833333333,Water_Level_daily_avg
2019-09-03,416.3875,Water_Level_daily_avg
2019-09-04,416.4329166666666,Water_Level_daily_avg
2019-09-05,416.5016666666666,Water_Level_daily_avg
2019-09-06,416.55375,Water_Level_daily_avg
2019-09-07,416.8808333333333,Water_Level_daily_avg
2019-09-08,417.1958333333334,Water_Level_daily_avg
2019-09-09,417.36375,Water_Level_daily_avg
2019-09-10,417.675,Water_Level_daily_avg
2019-09-11,418.07625,Water_Level_daily_avg
2019-09-12,418.2575,Water_Level_daily_avg
2019-09-13,418.4016666666666,Water_Level_daily_avg
2019-09-14,418.6625,Water_Level_daily_avg
2019-09-15,418.8158333333333,Water_Level_daily_avg
2019-09-16,419.01208333333335,Water_Level_daily_avg
2019-09-17,419.0316666666667,Water_Level_daily_avg
2019-09-18,419.23875,Water_Level_daily_avg
2019-09-19,419.43625,Water_Level_daily_avg
2019-09-20,419.6879166666667,Water_Level_daily_avg
2019-09-21,420.01,Water_Level_daily_avg
2019-09-22,420.19875,Water_Level_daily_avg
2019-09-23,420.4579166666667,Water_Level_daily_avg
2019-09-24,420.6566666666667,Water_Level_daily_avg
2019-09-25,421.1183333333333,Water_Level_daily_avg
2019-09-26,421.5275,Water_Level_daily_avg
2019-09-27,421.7929166666667,Water_Level_daily_avg
2019-09-28,422.0783333333333,Water_Level_daily_avg
2019-09-29,422.35125,Water_Level_daily_avg
2019-09-30,422.5679166666666,Water_Level_daily_avg
2019-10-01,422.72541666666666,Water_Level_daily_avg
2019-10-02,423.0591666666666,Water_Level_daily_avg
2019-10-03,423.2466666666666,Water_Level_daily_avg
2019-10-04,423.3554166666667,Water_Level_daily_avg
2019-10-05,423.5433333333333,Water_Level_daily_avg
2019-10-06,423.74458333333337,Water_Level_daily_avg
2019-10-07,423.88333333333327,Water_Level_daily_avg
2019-10-08,423.985,Water_Level_daily_avg
2019-10-09,424.0208333333333,Water_Level_daily_avg
2019-10-10,423.8183333333333,Water_Level_daily_avg
2019-10-11,423.68458333333336,Water_Level_daily_avg
2019-10-12,423.8675,Water_Level_daily_avg
2019-10-13,424.1354166666667,Water_Level_daily_avg
2019-10-14,424.2520833333333,Water_Level_daily_avg
2019-10-15,424.285,Water_Level_daily_avg
2019-10-16,424.42375,Water_Level_daily_avg
2019-10-17,424.5891666666666,Water_Level_daily_avg
2019-10-18,424.8075,Water_Level_daily_avg
2019-10-19,424.9870833333334,Water_Level_daily_avg
2019-10-20,425.21333333333337,Water_Level_daily_avg
2019-10-21,425.3083333333333,Water_Level_daily_avg
2019-10-22,425.4504166666666,Water_Level_daily_avg
2019-10-23,425.70458333333335,Water_Level_daily_avg
2019-10-24,425.9029166666666,Water_Level_daily_avg
2019-10-25,426.0033333333333,Water_Level_daily_avg
2019-10-26,426.1095833333333,Water_Level_daily_avg
2019-10-27,426.17125,Water_Level_daily_avg
2019-10-28,426.2675,Water_Level_daily_avg
2019-10-29,426.2383333333333,Water_Level_daily_avg
2019-10-30,426.2145833333333,Water_Level_daily_avg
2019-10-31,426.25875,Water_Level_daily_avg
2019-11-01,426.3929166666667,Water_Level_daily_avg
2019-11-02,426.55375,Water_Level_daily_avg
2019-11-03,426.6816666666667,Water_Level_daily_avg
2019-11-04,426.81708333333336,Water_Level_daily_avg
2019-11-05,426.99708333333336,Water_Level_daily_avg
2019-11-06,427.13208333333336,Water_Level_daily_avg
2019-11-07,427.17541666666665,Water_Level_daily_avg
2019-11-08,427.1329166666667,Water_Level_daily_avg
2019-11-09,427.3833333333334,Water_Level_daily_avg
2019-11-10,427.625,Water_Level_daily_avg
2019-11-11,427.7004166666666,Water_Level_daily_avg
2019-11-12,427.7504166666667,Water_Level_daily_avg
2019-11-13,427.8520833333334,Water_Level_daily_avg
2019-11-14,427.7654166666667,Water_Level_daily_avg
2019-11-15,427.885,Water_Level_daily_avg
2019-11-16,428.05375,Water_Level_daily_avg
2019-11-17,428.0533333333333,Water_Level_daily_avg
2019-11-18,427.97583333333336,Water_Level_daily_avg
2019-11-19,428.0604166666667,Water_Level_daily_avg
2019-11-20,428.05625,Water_Level_daily_avg
2019-11-21,427.82916666666665,Water_Level_daily_avg
2019-11-22,427.6858333333333,Water_Level_daily_avg
2019-11-23,427.6858333333334,Water_Level_daily_avg
2019-11-24,427.6195833333333,Water_Level_daily_avg
2019-11-25,427.6254166666667,Water_Level_daily_avg
2019-11-26,427.5620833333333,Water_Level_daily_avg
2019-11-27,427.5533333333333,Water_Level_daily_avg
2019-11-28,427.3858333333333,Water_Level_daily_avg
2019-11-29,427.2070833333333,Water_Level_daily_avg
2019-11-30,427.0429166666667,Water_Level_daily_avg
2019-12-01,427.0220833333333,Water_Level_daily_avg
2019-12-02,427.0841666666667,Water_Level_daily_avg
2019-12-03,427.1908333333333,Water_Level_daily_avg
2019-12-04,427.2341666666667,Water_Level_daily_avg
2019-12-05,427.0754166666666,Water_Level_daily_avg
2019-12-06,427.0275,Water_Level_daily_avg
2019-12-07,427.0154166666666,Water_Level_daily_avg
2019-12-08,426.92041666666665,Water_Level_daily_avg
2019-12-09,426.9241666666667,Water_Level_daily_avg
2019-12-10,426.9804166666667,Water_Level_daily_avg
2019-12-11,426.87125,Water_Level_daily_avg
2019-12-12,426.6125,Water_Level_daily_avg
2019-12-13,426.5329166666667,Water_Level_daily_avg
2019-12-14,426.5779166666666,Water_Level_daily_avg
2019-12-15,426.6170833333333,Water_Level_daily_avg
2019-12-16,426.6641666666667,Water_Level_daily_avg
2019-12-17,426.6,Water_Level_daily_avg
2019-12-18,426.5179166666667,Water_Level_daily_avg
2019-12-19,426.4691666666667,Water_Level_daily_avg
2019-12-20,426.28041666666667,Water_Level_daily_avg
2019-12-21,426.2116666666666,Water_Level_daily_avg
2019-12-22,426.0720833333333,Water_Level_daily_avg
2019-12-23,425.9770833333334,Water_Level_daily_avg
2019-12-24,425.97375000000005,Water_Level_daily_avg
2019-12-25,426.0745833333333,Water_Level_daily_avg
2019-12-26,426.0325,Water_Level_daily_avg
2019-12-27,425.885,Water_Level_daily_avg
2019-12-28,425.6541666666667,Water_Level_daily_avg
2019-12-29,425.7,Water_Level_daily_avg
2019-12-30,425.91875,Water_Level_daily_avg
2019-12-31,425.7829166666667,Water_Level_daily_avg
2020-01-01,425.7075,Water_Level_daily_avg
2020-01-02,425.7558333333333,Water_Level_daily_avg
2020-01-03,425.6116666666667,Water_Level_daily_avg
2020-01-04,425.5725,Water_Level_daily_avg
2020-01-05,425.5333333333333,Water_Level_daily_avg
2020-01-06,425.50625,Water_Level_daily_avg
2020-01-07,425.4433333333333,Water_Level_daily_avg
2020-01-08,425.38708333333335,Water_Level_daily_avg
2020-01-09,425.33,Water_Level_daily_avg
2020-01-10,425.23791666666665,Water_Level_daily_avg
2020-01-11,425.1575,Water_Level_daily_avg
2020-01-12,425.0875,Water_Level_daily_avg
2020-01-13,425.01625,Water_Level_daily_avg
2020-01-14,424.9395833333333,Water_Level_daily_avg
2020-01-15,424.85291666666666,Water_Level_daily_avg
2020-01-16,424.7654166666666,Water_Level_daily_avg
2020-01-17,424.6154166666667,Water_Level_daily_avg
2020-01-18,424.4491666666667,Water_Level_daily_avg
2020-01-19,424.425,Water_Level_daily_avg
2020-01-20,424.46875,Water_Level_daily_avg
2020-01-21,424.35125,Water_Level_daily_avg
2020-01-22,424.2520833333333,Water_Level_daily_avg
2020-01-23,424.0829166666667,Water_Level_daily_avg
2020-01-24,423.9704166666666,Water_Level_daily_avg
2020-01-25,423.8183333333333,Water_Level_daily_avg
2020-01-26,423.6620833333333,Water_Level_daily_avg
2020-01-27,423.5,Water_Level_daily_avg
2020-01-28,423.3308333333334,Water_Level_daily_avg
2020-01-29,423.1816666666667,Water_Level_daily_avg
2020-01-30,423.13375,Water_Level_daily_avg
2020-01-31,423.13875,Water_Level_daily_avg
2020-02-01,422.9358333333333,Water_Level_daily_avg
2020-02-02,422.88958333333335,Water_Level_daily_avg
2020-02-03,422.82625,Water_Level_daily_avg
2020-02-04,422.7433333333333,Water_Level_daily_avg
2020-02-05,422.61375,Water_Level_daily_avg
2020-02-06,422.6379166666666,Water_Level_daily_avg
2020-02-07,422.5975,Water_Level_daily_avg
2020-02-08,422.5054166666666,Water_Level_daily_avg
2020-02-09,422.3308333333334,Water_Level_daily_avg
2020-02-10,422.23583333333335,Water_Level_daily_avg
2020-02-11,422.2008333333333,Water_Level_daily_avg
2020-02-12,422.12208333333336,Water_Level_daily_avg
2020-02-13,422.07625,Water_Level_daily_avg
2020-02-14,421.9608333333333,Water_Level_daily_avg
2020-02-15,421.77625,Water_Level_daily_avg
2020-02-16,421.7283333333333,Water_Level_daily_avg
2020-02-17,421.6354166666667,Water_Level_daily_avg
2020-02-18,421.49916666666667,Water_Level_daily_avg
2020-02-19,421.4258333333333,Water_Level_daily_avg
2020-02-20,421.38,Water_Level_daily_avg
2020-02-21,421.27,Water_Level_daily_avg
2020-02-22,421.0604166666667,Water_Level_daily_avg
2020-02-23,420.90083333333337,Water_Level_daily_avg
2020-02-24,420.79791666666665,Water_Level_daily_avg
2020-02-25,420.66375,Water_Level_daily_avg
2020-02-26,420.49125,Water_Level_daily_avg
2020-02-27,419.9433333333333,Water_Level_daily_avg
2020-02-28,419.8125,Water_Level_daily_avg
2020-02-29,419.6025,Water_Level_daily_avg
2020-03-01,419.4891666666667,Water_Level_daily_avg
2020-03-02,419.34,Water_Level_daily_avg
2020-03-03,419.11958333333337,Water_Level_daily_avg
2020-03-04,419.01,Water_Level_daily_avg
2020-03-05,418.88916666666665,Water_Level_daily_avg
2020-03-06,418.75625,Water_Level_daily_avg
2020-03-07,418.68208333333337,Water_Level_daily_avg
2020-03-08,418.53041666666667,Water_Level_daily_avg
2020-03-09,418.4458333333334,Water_Level_daily_avg
2020-03-10,418.36625,Water_Level_daily_avg
2020-03-11,418.15375,Water_Level_daily_avg
2020-03-12,418.0754166666666,Water_Level_daily_avg
2020-03-13,418.0020833333333,Water_Level_daily_avg
2020-03-14,417.98375,Water_Level_daily_avg
2020-03-15,417.8958333333333,Water_Level_daily_avg
2020-03-16,417.8375,Water_Level_daily_avg
2020-03-17,417.77833333333336,Water_Level_daily_avg
2020-03-18,417.77583333333337,Water_Level_daily_avg
2020-03-19,417.6229166666667,Water_Level_daily_avg
2020-03-20,417.5725,Water_Level_daily_avg
2020-03-21,417.5541666666666,Water_Level_daily_avg
2020-03-22,417.5945833333333,Water_Level_daily_avg
2020-03-23,417.5470833333333,Water_Level_daily_avg
2020-03-24,417.5341666666666,Water_Level_daily_avg
2020-03-25,417.47375000000005,Water_Level_daily_avg
2020-03-26,417.32125,Water_Level_daily_avg
2020-03-27,417.14416666666665,Water_Level_daily_avg
2020-03-28,416.91375,Water_Level_daily_avg
2020-03-29,434.17875,Water_Level_daily_avg
2020-03-30,416.6675,Water_Level_daily_avg
2020-03-31,416.54625,Water_Level_daily_avg
2020-04-01,416.3025,Water_Level_daily_avg
2020-04-02,415.9258333333333,Water_Level_daily_avg
2020-04-03,415.09125,Water_Level_daily_avg
2020-04-04,414.76208333333335,Water_Level_daily_avg
2020-04-05,414.5829166666667,Water_Level_daily_avg
2020-04-06,414.3158333333333,Water_Level_daily_avg
2020-04-07,414.07125,Water_Level_daily_avg
2020-04-08,413.1775,Water_Level_daily_avg
2020-04-09,412.8145833333333,Water_Level_daily_avg
2020-04-10,412.6433333333334,Water_Level_daily_avg
2020-04-11,412.5579166666666,Water_Level_daily_avg
2020-04-12,412.4554166666667,Water_Level_daily_avg
2020-04-13,412.2695833333333,Water_Level_daily_avg
2020-04-14,412.2304166666666,Water_Level_daily_avg
2020-04-15,411.98125,Water_Level_daily_avg
2020-04-16,411.7429166666666,Water_Level_daily_avg
2020-04-17,411.505,Water_Level_daily_avg
2020-04-18,411.4875,Water_Level_daily_avg
2020-04-19,411.4175,Water_Level_daily_avg
2020-04-20,411.36125,Water_Level_daily_avg
2020-04-21,411.1991666666667,Water_Level_daily_avg
2020-04-22,411.0658333333333,Water_Level_daily_avg
2020-04-23,411.0216666666667,Water_Level_daily_avg
2020-04-24,410.77125,Water_Level_daily_avg
2020-04-25,410.4216666666667,Water_Level_daily_avg
2020-04-26,410.25875,Water_Level_daily_avg
2020-04-27,410.1545833333333,Water_Level_daily_avg
2020-04-28,409.8879166666666,Water_Level_daily_avg
2020-04-29,409.73541666666665,Water_Level_daily_avg
2020-04-30,409.5020833333333,Water_Level_daily_avg
2020-05-01,409.4079166666667,Water_Level_daily_avg
2020-05-02,409.44166666666666,Water_Level_daily_avg
2020-05-03,409.33375,Water_Level_daily_avg
2020-05-04,409.20166666666665,Water_Level_daily_avg
2020-05-05,409.0545833333333,Water_Level_daily_avg
2020-05-06,408.7975,Water_Level_daily_avg
2020-05-07,408.4775,Water_Level_daily_avg
2020-05-08,408.4866666666667,Water_Level_daily_avg
2020-05-09,408.23125,Water_Level_daily_avg
2020-05-10,407.97125,Water_Level_daily_avg
2020-05-11,407.92125,Water_Level_daily_avg
2020-05-12,407.87625,Water_Level_daily_avg
2020-05-13,407.89375,Water_Level_daily_avg
2020-05-14,407.9370833333333,Water_Level_daily_avg
2020-05-15,407.805,Water_Level_daily_avg
2020-05-16,407.53791666666666,Water_Level_daily_avg
2020-05-17,407.21,Water_Level_daily_avg
2020-05-18,406.8729166666667,Water_Level_daily_avg
2020-05-19,406.64125,Water_Level_daily_avg
2020-05-20,406.3066666666667,Water_Level_daily_avg
2020-05-21,405.95666666666665,Water_Level_daily_avg
2020-05-22,405.5208333333333,Water_Level_daily_avg
2020-05-23,404.9775,Water_Level_daily_avg
2020-05-24,404.49375,Water_Level_daily_avg
2020-05-25,404.0958333333333,Water_Level_daily_avg
2020-05-26,403.77,Water_Level_daily_avg
2020-05-27,403.44958333333335,Water_Level_daily_avg
2020-05-28,402.7025,Water_Level_daily_avg
2020-05-29,402.5220833333333,Water_Level_daily_avg
2020-05-30,402.2658333333333,Water_Level_daily_avg
2020-05-31,401.8683333333333,Water_Level_daily_avg
2020-06-01,401.6016666666667,Water_Level_daily_avg
2020-06-02,401.5108333333333,Water_Level_daily_avg
2020-06-03,401.4695833333333,Water_Level_daily_avg
2020-06-04,401.3516666666667,Water_Level_daily_avg
2020-06-05,401.4279166666667,Water_Level_daily_avg
2020-06-06,401.56125,Water_Level_daily_avg
2020-06-07,402.2008333333333,Water_Level_daily_avg
2020-06-08,402.9304166666666,Water_Level_daily_avg
2020-06-09,403.60833333333335,Water_Level_daily_avg
2020-06-10,404.0083333333334,Water_Level_daily_avg
2020-06-11,404.4341666666666,Water_Level_daily_avg
2020-06-12,405.03791666666666,Water_Level_daily_avg
2020-06-13,405.25666666666666,Water_Level_daily_avg
2020-06-14,405.6541666666667,Water_Level_daily_avg
2020-06-15,406.12375,Water_Level_daily_avg
2020-06-16,406.71,Water_Level_daily_avg
2020-06-17,407.9083333333333,Water_Level_daily_avg
2020-06-18,408.8129166666667,Water_Level_daily_avg
2020-06-19,409.62125,Water_Level_daily_avg
2020-06-20,410.4116666666666,Water_Level_daily_avg
2020-06-21,410.96625,Water_Level_daily_avg
2020-06-22,411.715,Water_Level_daily_avg
2020-06-23,412.4458333333334,Water_Level_daily_avg
2020-06-24,412.9270833333333,Water_Level_daily_avg
2020-06-25,413.3345833333333,Water_Level_daily_avg
2020-06-26,413.6525,Water_Level_daily_avg
2020-06-27,413.81916666666666,Water_Level_daily_avg
2020-06-28,414.1045833333333,Water_Level_daily_avg
2020-06-29,414.57958333333335,Water_Level_daily_avg
2020-06-30,415.0345833333333,Water_Level_daily_avg
2020-07-01,415.2483333333333,Water_Level_daily_avg
2020-07-02,415.60875,Water_Level_daily_avg
2020-07-03,415.915,Water_Level_daily_avg
2020-07-04,416.09791666666666,Water_Level_daily_avg
2020-07-05,416.09625,Water_Level_daily_avg
2020-07-06,416.7816666666667,Water_Level_daily_avg
2020-07-07,418.13875,Water_Level_daily_avg
2020-07-08,419.41833333333335,Water_Level_daily_avg
2020-07-09,420.435,Water_Level_daily_avg
2020-07-10,421.17125,Water_Level_daily_avg
2020-07-11,421.4675,Water_Level_daily_avg
2020-07-12,421.67125,Water_Level_daily_avg
2020-07-13,421.9458333333334,Water_Level_daily_avg
2020-07-14,422.21625,Water_Level_daily_avg
2020-07-15,422.4166666666667,Water_Level_daily_avg
2020-07-16,422.54583333333335,Water_Level_daily_avg
2020-07-17,422.5416666666667,Water_Level_daily_avg
2020-07-18,422.5475,Water_Level_daily_avg
2020-07-19,422.66041666666666,Water_Level_daily_avg
2020-07-20,422.79791666666665,Water_Level_daily_avg
2020-07-21,422.77583333333337,Water_Level_daily_avg
2020-07-22,422.8120833333333,Water_Level_daily_avg
2020-07-23,422.7525,Water_Level_daily_avg
2020-07-24,422.75375,Water_Level_daily_avg
2020-07-25,422.8729166666667,Water_Level_daily_avg
2020-07-26,422.925,Water_Level_daily_avg
2020-07-27,423.1504166666667,Water_Level_daily_avg
2020-07-28,423.3616666666667,Water_Level_daily_avg
2020-07-29,423.5266666666666,Water_Level_daily_avg
2020-07-30,423.4741666666666,Water_Level_daily_avg
2020-07-31,423.7129166666667,Water_Level_daily_avg
2020-08-01,423.8954166666667,Water_Level_daily_avg
2020-08-02,423.9958333333333,Water_Level_daily_avg
2020-08-03,423.96875,Water_Level_daily_avg
2020-08-04,423.91083333333336,Water_Level_daily_avg
2020-08-05,423.8366666666666,Water_Level_daily_avg
2020-08-06,423.7216666666666,Water_Level_daily_avg
2020-08-07,423.4845833333333,Water_Level_daily_avg
2020-08-08,423.2920833333333,Water_Level_daily_avg
2020-08-09,423.1183333333333,Water_Level_daily_avg
2020-08-10,423.00708333333336,Water_Level_daily_avg
2020-08-11,422.8929166666667,Water_Level_daily_avg
2020-08-12,422.79,Water_Level_daily_avg
2020-08-13,422.81708333333336,Water_Level_daily_avg
2020-08-14,422.97625,Water_Level_daily_avg
2020-08-15,422.895,Water_Level_daily_avg
2020-08-16,422.7291666666667,Water_Level_daily_avg
2020-08-17,422.75916666666666,Water_Level_daily_avg
2020-08-18,422.8225,Water_Level_daily_avg
2020-08-19,422.68208333333337,Water_Level_daily_avg
2020-08-20,422.44166666666666,Water_Level_daily_avg
2020-08-21,422.2295833333333,Water_Level_daily_avg
2020-08-22,422.0266666666666,Water_Level_daily_avg
2020-08-23,421.88625,Water_Level_daily_avg
2020-08-24,421.7070833333333,Water_Level_daily_avg
2020-08-25,421.6933333333333,Water_Level_daily_avg
2020-08-26,421.6904166666666,Water_Level_daily_avg
2020-08-27,421.51666666666665,Water_Level_daily_avg
2020-08-28,421.4966666666666,Water_Level_daily_avg
2020-08-29,421.69375,Water_Level_daily_avg
2020-08-30,421.8825,Water_Level_daily_avg
2020-08-31,422.14166666666665,Water_Level_daily_avg
2020-09-01,422.4070833333333,Water_Level_daily_avg
2020-09-02,422.6895833333333,Water_Level_daily_avg
2020-09-03,422.775,Water_Level_daily_avg
2020-09-04,422.87958333333336,Water_Level_daily_avg
2020-09-05,423.1183333333333,Water_Level_daily_avg
2020-09-06,423.4220833333333,Water_Level_daily_avg
2020-09-07,423.74125,Water_Level_daily_avg
2020-09-08,424.00416666666666,Water_Level_daily_avg
2020-09-09,424.37416666666667,Water_Level_daily_avg
2020-09-10,424.7095833333333,Water_Level_daily_avg
2020-09-11,424.895,Water_Level_daily_avg
2020-09-12,424.9654166666666,Water_Level_daily_avg
2020-09-13,425.1404166666666,Water_Level_daily_avg
2020-09-14,425.2870833333333,Water_Level_daily_avg
2020-09-15,425.46625,Water_Level_daily_avg
2020-09-16,425.6833333333333,Water_Level_daily_avg
2020-09-17,425.7141666666666,Water_Level_daily_avg
2020-09-18,425.82375,Water_Level_daily_avg
2020-09-19,425.995,Water_Level_daily_avg
2020-09-20,426.2745833333333,Water_Level_daily_avg
2020-09-21,426.43,Water_Level_daily_avg
2020-09-22,426.5391666666667,Water_Level_daily_avg
2020-09-23,426.59,Water_Level_daily_avg
2020-09-24,426.38,Water_Level_daily_avg
2020-09-25,426.15375,Water_Level_daily_avg
2020-09-26,425.88916666666665,Water_Level_daily_avg
2020-09-27,426.04583333333335,Water_Level_daily_avg
2020-09-28,426.1154166666667,Water_Level_daily_avg
2020-09-29,426.21625,Water_Level_daily_avg
2020-09-30,426.4116666666667,Water_Level_daily_avg
2020-10-01,426.56625,Water_Level_daily_avg
2020-10-02,426.89166666666665,Water_Level_daily_avg
2020-10-03,427.4279166666667,Water_Level_daily_avg
2020-10-04,427.89625,Water_Level_daily_avg
2020-10-05,428.1370833333333,Water_Level_daily_avg
2020-10-06,428.3445833333333,Water_Level_daily_avg
2020-10-07,428.5970833333333,Water_Level_daily_avg
2020-10-08,428.8020833333333,Water_Level_daily_avg
2020-10-09,428.97625,Water_Level_daily_avg
2020-10-10,429.225,Water_Level_daily_avg
2020-10-11,429.50666666666666,Water_Level_daily_avg
2020-10-12,429.65,Water_Level_daily_avg
2020-10-13,429.8079166666666,Water_Level_daily_avg
2020-10-14,429.81,Water_Level_daily_avg
2020-10-15,429.825,Water_Level_daily_avg
2020-10-16,429.8725,Water_Level_daily_avg
2020-10-17,430.0020833333333,Water_Level_daily_avg
2020-10-18,430.1620833333333,Water_Level_daily_avg
2020-10-19,430.3433333333333,Water_Level_daily_avg
2020-10-20,430.53791666666666,Water_Level_daily_avg
2020-10-21,430.81166666666667,Water_Level_daily_avg
2020-10-22,430.9895833333333,Water_Level_daily_avg
2020-10-23,431.1675,Water_Level_daily_avg
2020-10-24,431.4020833333333,Water_Level_daily_avg
2020-10-25,431.69125,Water_Level_daily_avg
2020-10-26,431.8929166666667,Water_Level_daily_avg
2020-10-27,432.0820833333333,Water_Level_daily_avg
2020-10-28,432.30125,Water_Level_daily_avg
2020-10-29,432.47,Water_Level_daily_avg
2020-10-30,432.6695833333333,Water_Level_daily_avg
2020-10-31,432.8929166666667,Water_Level_daily_avg
2020-11-01,433.07708333333335,Water_Level_daily_avg
2020-11-02,433.1566666666667,Water_Level_daily_avg
2020-11-03,433.21,Water_Level_daily_avg
2020-11-04,433.2225,Water_Level_daily_avg
2020-11-05,433.2029166666666,Water_Level_daily_avg
2020-11-06,433.3420833333333,Water_Level_daily_avg
2020-11-07,433.5783333333333,Water_Level_daily_avg
2020-11-08,433.6895833333333,Water_Level_daily_avg
2020-11-09,433.68125,Water_Level_daily_avg
2020-11-10,433.64208333333335,Water_Level_daily_avg
2020-11-11,433.6120833333334,Water_Level_daily_avg
2020-11-12,433.5129166666666,Water_Level_daily_avg
2020-11-13,433.4220833333334,Water_Level_daily_avg
2020-11-14,433.37125,Water_Level_daily_avg
2020-11-15,433.3320833333333,Water_Level_daily_avg
2020-11-16,433.2608333333333,Water_Level_daily_avg
2020-11-17,433.16083333333336,Water_Level_daily_avg
2020-11-18,433.0579166666666,Water_Level_daily_avg
2020-11-19,432.9925,Water_Level_daily_avg
2020-11-20,432.9020833333333,Water_Level_daily_avg
2020-11-21,432.8491666666666,Water_Level_daily_avg
2020-11-22,432.7841666666666,Water_Level_daily_avg
2020-11-23,432.63208333333336,Water_Level_daily_avg
2020-11-24,432.4816666666666,Water_Level_daily_avg
2020-11-25,432.29833333333335,Water_Level_daily_avg
2020-11-26,432.1275,Water_Level_daily_avg
2020-11-27,431.9341666666666,Water_Level_daily_avg
2020-11-28,431.6470833333333,Water_Level_daily_avg
2020-11-29,431.4475,Water_Level_daily_avg
2020-11-30,431.2291666666667,Water_Level_daily_avg
2020-12-01,430.9179166666667,Water_Level_daily_avg
2020-12-02,430.6541666666667,Water_Level_daily_avg
2020-12-03,430.3866666666667,Water_Level_daily_avg
2020-12-04,430.2095833333333,Water_Level_daily_avg
2020-12-05,430.0679166666666,Water_Level_daily_avg
2020-12-06,429.9404166666666,Water_Level_daily_avg
2020-12-07,429.91625,Water_Level_daily_avg
2020-12-08,429.7908333333333,Water_Level_daily_avg
2020-12-09,429.68375,Water_Level_daily_avg
2020-12-10,429.5308333333333,Water_Level_daily_avg
2020-12-11,429.43,Water_Level_daily_avg
2020-12-12,429.3016666666667,Water_Level_daily_avg
2020-12-13,429.3575,Water_Level_daily_avg
2020-12-14,429.3825,Water_Level_daily_avg
2020-12-15,429.4004166666667,Water_Level_daily_avg
2020-12-16,429.3066666666667,Water_Level_daily_avg
2020-12-17,429.2808333333333,Water_Level_daily_avg
2020-12-18,429.13000000000005,Water_Level_daily_avg
2020-12-19,429.11041666666665,Water_Level_daily_avg
2020-12-20,429.1904166666666,Water_Level_daily_avg
2020-12-21,429.15375,Water_Level_daily_avg
2020-12-22,429.0675,Water_Level_daily_avg
2020-12-23,429.03583333333336,Water_Level_daily_avg
2020-12-24,428.99,Water_Level_daily_avg
2020-12-25,428.9045833333333,Water_Level_daily_avg
2020-12-26,428.8304166666667,Water_Level_daily_avg
2020-12-27,428.76125,Water_Level_daily_avg
2020-12-28,428.7295833333333,Water_Level_daily_avg
2020-12-29,428.6225,Water_Level_daily_avg
2020-12-30,428.5291666666667,Water_Level_daily_avg
2020-12-31,428.44208333333336,Water_Level_daily_avg
2021-01-01,428.35,Water_Level_daily_avg
2021-01-02,428.19,Water_Level_daily_avg
2021-01-03,428.1208333333333,Water_Level_daily_avg
2021-01-04,428.095,Water_Level_daily_avg
2021-01-05,427.8404166666666,Water_Level_daily_avg
2021-01-06,427.7608333333333,Water_Level_daily_avg
2021-01-07,427.6954166666667,Water_Level_daily_avg
2021-01-08,427.5866666666666,Water_Level_daily_avg
2021-01-09,427.48625,Water_Level_daily_avg
2021-01-10,427.3783333333333,Water_Level_daily_avg
2021-01-11,427.29875,Water_Level_daily_avg
2021-01-12,427.2275,Water_Level_daily_avg
2021-01-13,427.24916666666667,Water_Level_daily_avg
2021-01-14,427.41,Water_Level_daily_avg
2021-01-15,427.54583333333335,Water_Level_daily_avg
2021-01-16,427.7795833333333,Water_Level_daily_avg
2021-01-17,427.93666666666667,Water_Level_daily_avg
2021-01-18,427.96375000000006,Water_Level_daily_avg
2021-01-19,428.1445833333333,Water_Level_daily_avg
2021-01-20,428.0466666666667,Water_Level_daily_avg
2021-01-21,427.9295833333333,Water_Level_daily_avg
2021-01-22,427.8525,Water_Level_daily_avg
2021-01-23,427.7733333333333,Water_Level_daily_avg
2021-01-24,427.6691666666666,Water_Level_daily_avg
2021-01-25,427.7870833333333,Water_Level_daily_avg
2021-01-26,427.89875,Water_Level_daily_avg
2021-01-27,427.8691666666667,Water_Level_daily_avg
2021-01-28,427.7479166666667,Water_Level_daily_avg
2021-01-29,427.5645833333333,Water_Level_daily_avg
2021-01-30,427.3625,Water_Level_daily_avg
2021-01-31,427.39166666666665,Water_Level_daily_avg
2021-02-01,427.3825,Water_Level_daily_avg
2021-02-02,427.2991666666667,Water_Level_daily_avg
2021-02-03,427.19250000000005,Water_Level_daily_avg
2021-02-04,427.0620833333333,Water_Level_daily_avg
2021-02-05,427.0054166666666,Water_Level_daily_avg
2021-02-06,426.87208333333336,Water_Level_daily_avg
2021-02-07,426.7370833333334,Water_Level_daily_avg
2021-02-08,426.6204166666666,Water_Level_daily_avg
2021-02-09,426.5629166666667,Water_Level_daily_avg
2021-02-10,426.46791666666667,Water_Level_daily_avg
2021-02-11,426.3625,Water_Level_daily_avg
2021-02-12,426.2483333333334,Water_Level_daily_avg
2021-02-13,426.1741666666667,Water_Level_daily_avg
2021-02-14,426.06916666666666,Water_Level_daily_avg
2021-02-15,425.9558333333334,Water_Level_daily_avg
2021-02-16,425.8279166666667,Water_Level_daily_avg
2021-02-17,425.65333333333336,Water_Level_daily_avg
2021-02-18,425.57166666666666,Water_Level_daily_avg
2021-02-19,425.48125,Water_Level_daily_avg
2021-02-20,425.395,Water_Level_daily_avg
2021-02-21,425.3225,Water_Level_daily_avg
2021-02-22,425.14875,Water_Level_daily_avg
2021-02-23,425.05041666666665,Water_Level_daily_avg
2021-02-24,424.95875,Water_Level_daily_avg
2021-02-25,424.8783333333333,Water_Level_daily_avg
2021-02-26,424.74458333333337,Water_Level_daily_avg
2021-02-27,424.62625,Water_Level_daily_avg
2021-02-28,424.5295833333333,Water_Level_daily_avg
2021-03-01,424.4358333333333,Water_Level_daily_avg
2021-03-02,424.3379166666667,Water_Level_daily_avg
2021-03-03,424.29583333333335,Water_Level_daily_avg
2021-03-04,424.1816666666667,Water_Level_daily_avg
2021-03-05,424.0754166666666,Water_Level_daily_avg
2021-03-06,423.96125,Water_Level_daily_avg
2021-03-07,423.8575,Water_Level_daily_avg
2021-03-08,423.7116666666666,Water_Level_daily_avg
2021-03-09,423.6166666666666,Water_Level_daily_avg
2021-03-10,423.53583333333336,Water_Level_daily_avg
2021-03-11,423.45125,Water_Level_daily_avg
2021-03-12,423.3358333333333,Water_Level_daily_avg
2021-03-13,423.29125,Water_Level_daily_avg
2021-03-14,423.1679166666667,Water_Level_daily_avg
2021-03-15,423.0520833333333,Water_Level_daily_avg
2021-03-16,422.8379166666667,Water_Level_daily_avg
2021-03-17,422.4954166666666,Water_Level_daily_avg
2021-03-18,422.1304166666666,Water_Level_daily_avg
2021-03-19,439.40375,Water_Level_daily_avg
2021-03-20,421.5445833333333,Water_Level_daily_avg
2021-03-21,421.265,Water_Level_daily_avg
2021-03-22,420.8975,Water_Level_daily_avg
2021-03-23,420.5833333333333,Water_Level_daily_avg
2021-03-24,420.2225,Water_Level_daily_avg
2021-03-25,419.8304166666667,Water_Level_daily_avg
2021-03-26,419.52833333333336,Water_Level_daily_avg
2021-03-27,419.0295833333333,Water_Level_daily_avg
2021-03-28,418.7433333333333,Water_Level_daily_avg
2021-03-29,418.5254166666667,Water_Level_daily_avg
2021-03-30,418.2083333333333,Water_Level_daily_avg
2021-03-31,417.8641666666667,Water_Level_daily_avg
2021-04-01,417.4845833333333,Water_Level_daily_avg
2021-04-02,417.1041666666667,Water_Level_daily_avg
2021-04-03,416.78833333333336,Water_Level_daily_avg
2021-04-04,416.40375,Water_Level_daily_avg
2021-04-05,416.045,Water_Level_daily_avg
2021-04-06,415.6770833333333,Water_Level_daily_avg
2021-04-07,415.4554166666667,Water_Level_daily_avg
2021-04-08,415.10125,Water_Level_daily_avg
2021-04-09,414.8591666666667,Water_Level_daily_avg
2021-04-10,414.4629166666667,Water_Level_daily_avg
2021-04-11,414.1170833333333,Water_Level_daily_avg
2021-04-12,413.81625,Water_Level_daily_avg
2021-04-13,413.4091666666666,Water_Level_daily_avg
2021-04-14,413.0175,Water_Level_daily_avg
2021-04-15,412.7745833333333,Water_Level_daily_avg
2021-04-16,412.54541666666665,Water_Level_daily_avg
2021-04-17,412.2583333333334,Water_Level_daily_avg
2021-04-18,412.09,Water_Level_daily_avg
2021-04-19,411.98125,Water_Level_daily_avg
2021-04-20,411.95208333333335,Water_Level_daily_avg
2021-04-21,411.8654166666667,Water_Level_daily_avg
2021-04-22,411.7608333333333,Water_Level_daily_avg
2021-04-23,411.6666666666667,Water_Level_daily_avg
2021-04-24,411.51,Water_Level_daily_avg
2021-04-25,411.04,Water_Level_daily_avg
2021-04-26,410.9725,Water_Level_daily_avg
2021-04-27,411.0229166666666,Water_Level_daily_avg
2021-04-28,411.1691666666666,Water_Level_daily_avg
2021-04-29,411.1483333333333,Water_Level_daily_avg
2021-04-30,410.90875,Water_Level_daily_avg
2021-05-01,410.70125,Water_Level_daily_avg
2021-05-02,410.4804166666667,Water_Level_daily_avg
2021-05-03,410.1970833333333,Water_Level_daily_avg
2021-05-04,410.04125,Water_Level_daily_avg
2021-05-05,409.7429166666666,Water_Level_daily_avg
2021-05-06,409.8129166666667,Water_Level_daily_avg
2021-05-07,409.8541666666667,Water_Level_daily_avg
2021-05-08,409.53041666666667,Water_Level_daily_avg
2021-05-09,409.2075,Water_Level_daily_avg
2021-05-10,408.92041666666665,Water_Level_daily_avg
2021-05-11,408.75375,Water_Level_daily_avg
2021-05-12,408.6345833333333,Water_Level_daily_avg
2021-05-13,408.4358333333334,Water_Level_daily_avg
2021-05-14,408.32916666666665,Water_Level_daily_avg
2021-05-15,408.15333333333336,Water_Level_daily_avg
2021-05-16,408.2991666666667,Water_Level_daily_avg
2021-05-17,408.96,Water_Level_daily_avg
2021-05-18,409.75458333333336,Water_Level_daily_avg
2021-05-19,409.9604166666666,Water_Level_daily_avg
2021-05-20,410.11958333333337,Water_Level_daily_avg
2021-05-21,410.1304166666667,Water_Level_daily_avg
2021-05-22,409.97583333333336,Water_Level_daily_avg
2021-05-23,409.8733333333333,Water_Level_daily_avg
2021-05-24,409.7304166666667,Water_Level_daily_avg
2021-05-25,409.53833333333336,Water_Level_daily_avg
2021-05-26,409.4279166666667,Water_Level_daily_avg
2021-05-27,409.26416666666665,Water_Level_daily_avg
2021-05-28,409.1516666666666,Water_Level_daily_avg
2021-05-29,409.0325,Water_Level_daily_avg
2021-05-30,409.0641666666667,Water_Level_daily_avg
2021-05-31,409.185,Water_Level_daily_avg
2021-06-01,409.3866666666667,Water_Level_daily_avg
2021-06-02,409.1816666666667,Water_Level_daily_avg
2021-06-03,408.9666666666667,Water_Level_daily_avg
2021-06-04,408.66333333333336,Water_Level_daily_avg
2021-06-05,408.42375,Water_Level_daily_avg
2021-06-06,408.10291666666666,Water_Level_daily_avg
2021-06-07,407.865,Water_Level_daily_avg
2021-06-08,407.66333333333336,Water_Level_daily_avg
2021-06-09,407.6116666666667,Water_Level_daily_avg
2021-06-10,407.4616666666666,Water_Level_daily_avg
2021-06-11,407.3104166666667,Water_Level_daily_avg
2021-06-12,407.0975,Water_Level_daily_avg
2021-06-13,406.69666666666666,Water_Level_daily_avg
2021-06-14,406.05875,Water_Level_daily_avg
2021-06-15,405.3908333333333,Water_Level_daily_avg
2021-06-16,404.79583333333335,Water_Level_daily_avg
2021-06-17,404.3633333333333,Water_Level_daily_avg
2021-06-18,404.38958333333335,Water_Level_daily_avg
2021-06-19,404.4895833333333,Water_Level_daily_avg
2021-06-20,404.35583333333335,Water_Level_daily_avg
2021-06-21,404.03541666666666,Water_Level_daily_avg
2021-06-22,403.89625,Water_Level_daily_avg
2021-06-23,403.88708333333335,Water_Level_daily_avg
2021-06-24,403.79791666666665,Water_Level_daily_avg
2021-06-25,403.96875,Water_Level_daily_avg
2021-06-26,404.3358333333333,Water_Level_daily_avg
2021-06-27,404.05375,Water_Level_daily_avg
2021-06-28,403.4070833333333,Water_Level_daily_avg
2021-06-29,403.1841666666666,Water_Level_daily_avg
2021-06-30,403.31916666666666,Water_Level_daily_avg
2021-07-01,403.6170833333333,Water_Level_daily_avg
2021-07-02,403.6675,Water_Level_daily_avg
2021-07-03,403.72541666666666,Water_Level_daily_avg
2021-07-04,403.72875,Water_Level_daily_avg
2021-07-05,403.78833333333336,Water_Level_daily_avg
2021-07-06,403.76875,Water_Level_daily_avg
2021-07-07,403.6208333333333,Water_Level_daily_avg
2021-07-08,403.6383333333333,Water_Level_daily_avg
2021-07-09,403.6625,Water_Level_daily_avg
2021-07-10,403.8404166666666,Water_Level_daily_avg
2021-07-11,404.005,Water_Level_daily_avg
2021-07-12,404.1620833333333,Water_Level_daily_avg
2021-07-13,404.1270833333333,Water_Level_daily_avg
2021-07-14,403.9425,Water_Level_daily_avg
2021-07-15,403.9245833333334,Water_Level_daily_avg
2021-07-16,404.00458333333336,Water_Level_daily_avg
2021-07-17,404.18208333333337,Water_Level_daily_avg
2021-07-18,404.0941666666667,Water_Level_daily_avg
2021-07-19,404.11375,Water_Level_daily_avg
2021-07-20,404.1170833333333,Water_Level_daily_avg
2021-07-21,404.1829166666666,Water_Level_daily_avg
2021-07-22,404.2745833333333,Water_Level_daily_avg
2021-07-23,404.2729166666666,Water_Level_daily_avg
2021-07-24,404.3370833333333,Water_Level_daily_avg
2021-07-25,404.4045833333333,Water_Level_daily_avg
2021-07-26,404.5708333333334,Water_Level_daily_avg
2021-07-27,404.51625,Water_Level_daily_avg
2021-07-28,404.27875,Water_Level_daily_avg
2021-07-29,404.05375,Water_Level_daily_avg
2021-07-30,404.0920833333334,Water_Level_daily_avg
2021-07-31,404.19375,Water_Level_daily_avg
2021-08-01,404.7116666666666,Water_Level_daily_avg
2021-08-02,406.1575,Water_Level_daily_avg
2021-08-03,408.3625,Water_Level_daily_avg
2021-08-04,409.9479166666667,Water_Level_daily_avg
2021-08-05,410.69375,Water_Level_daily_avg
2021-08-06,412.23583333333335,Water_Level_daily_avg
2021-08-07,412.7395833333333,Water_Level_daily_avg
2021-08-08,413.18375,Water_Level_daily_avg
2021-08-09,413.6783333333333,Water_Level_daily_avg
2021-08-10,414.0241666666666,Water_Level_daily_avg
2021-08-11,414.4933333333333,Water_Level_daily_avg
2021-08-12,414.96,Water_Level_daily_avg
2021-08-13,415.18875,Water_Level_daily_avg
2021-08-14,415.3866666666666,Water_Level_daily_avg
2021-08-15,415.5579166666666,Water_Level_daily_avg
2021-08-16,415.78625000000005,Water_Level_daily_avg
2021-08-17,416.0008333333333,Water_Level_daily_avg
2021-08-18,416.26875,Water_Level_daily_avg
2021-08-19,416.6258333333333,Water_Level_daily_avg
2021-08-20,416.9070833333333,Water_Level_daily_avg
2021-08-21,417.1883333333333,Water_Level_daily_avg
2021-08-22,417.5708333333334,Water_Level_daily_avg
2021-08-23,418.07458333333335,Water_Level_daily_avg
2021-08-24,418.2441666666667,Water_Level_daily_avg
2021-08-25,418.42083333333335,Water_Level_daily_avg
2021-08-26,418.6429166666667,Water_Level_daily_avg
2021-08-27,418.8641666666667,Water_Level_daily_avg
2021-08-28,419.31625,Water_Level_daily_avg
2021-08-29,419.5720833333333,Water_Level_daily_avg
2021-08-30,419.8725,Water_Level_daily_avg
2021-08-31,420.07166666666666,Water_Level_daily_avg
2021-09-01,420.19458333333336,Water_Level_daily_avg
2021-09-02,420.3625,Water_Level_daily_avg
2021-09-03,420.51125,Water_Level_daily_avg
2021-09-04,420.8654166666667,Water_Level_daily_avg
2021-09-05,421.17125,Water_Level_daily_avg
2021-09-06,421.4004166666667,Water_Level_daily_avg
2021-09-07,421.56166666666667,Water_Level_daily_avg
2021-09-08,421.78541666666666,Water_Level_daily_avg
2021-09-09,421.87958333333336,Water_Level_daily_avg
2021-09-10,422.1783333333333,Water_Level_daily_avg
2021-09-11,422.57625,Water_Level_daily_avg
2021-09-12,422.9954166666666,Water_Level_daily_avg
2021-09-13,423.39,Water_Level_daily_avg
2021-09-14,423.5329166666667,Water_Level_daily_avg
2021-09-15,423.46583333333336,Water_Level_daily_avg
2021-09-16,423.61625,Water_Level_daily_avg
2021-09-17,423.8258333333333,Water_Level_daily_avg
2021-09-18,424.0654166666666,Water_Level_daily_avg
2021-09-19,424.2875,Water_Level_daily_avg
2021-09-20,424.51666666666665,Water_Level_daily_avg
2021-09-21,424.8283333333333,Water_Level_daily_avg
2021-09-22,425.0841666666667,Water_Level_daily_avg
2021-09-23,425.25458333333336,Water_Level_daily_avg
2021-09-24,425.40375,Water_Level_daily_avg
2021-09-25,425.5954166666667,Water_Level_daily_avg
2021-09-26,425.91375,Water_Level_daily_avg
2021-09-27,426.13208333333336,Water_Level_daily_avg
2021-09-28,426.3391666666666,Water_Level_daily_avg
2021-09-29,426.5779166666666,Water_Level_daily_avg
2021-09-30,426.825,Water_Level_daily_avg
2021-10-01,427.0,Water_Level_daily_avg
2021-10-02,427.155,Water_Level_daily_avg
2021-10-03,427.265,Water_Level_daily_avg
2021-10-04,427.3983333333333,Water_Level_daily_avg
2021-10-05,427.48,Water_Level_daily_avg
2021-10-06,427.5720833333333,Water_Level_daily_avg
2021-10-07,427.8616666666667,Water_Level_daily_avg
2021-10-08,428.1041666666667,Water_Level_daily_avg
2021-10-09,428.2191666666667,Water_Level_daily_avg
2021-10-10,428.47125,Water_Level_daily_avg
2021-10-11,428.7070833333333,Water_Level_daily_avg
2021-10-12,428.9304166666666,Water_Level_daily_avg
2021-10-13,429.15375,Water_Level_daily_avg
2021-10-14,429.47,Water_Level_daily_avg
2021-10-15,429.7295833333333,Water_Level_daily_avg
2021-10-16,429.92083333333335,Water_Level_daily_avg
2021-10-17,430.1141666666667,Water_Level_daily_avg
2021-10-18,430.2466666666666,Water_Level_daily_avg
2021-10-19,430.39166666666665,Water_Level_daily_avg
2021-10-20,430.6454166666667,Water_Level_daily_avg
2021-10-21,430.79,Water_Level_daily_avg
2021-10-22,430.835,Water_Level_daily_avg
2021-10-23,430.9079166666667,Water_Level_daily_avg
2021-10-24,431.085,Water_Level_daily_avg
2021-10-25,431.22125,Water_Level_daily_avg
2021-10-26,431.4483333333333,Water_Level_daily_avg
2021-10-27,431.5891666666666,Water_Level_daily_avg
2021-10-28,431.7745833333333,Water_Level_daily_avg
2021-10-29,431.8625,Water_Level_daily_avg
2021-10-30,431.8541666666667,Water_Level_daily_avg
2021-10-31,431.87000000000006,Water_Level_daily_avg
2021-11-01,431.8616666666667,Water_Level_daily_avg
2021-11-02,431.8258333333333,Water_Level_daily_avg
2021-11-03,431.8204166666667,Water_Level_daily_avg
2021-11-04,431.85125,Water_Level_daily_avg
2021-11-05,431.8566666666666,Water_Level_daily_avg
2021-11-06,431.8233333333333,Water_Level_daily_avg
2021-11-07,431.8691666666667,Water_Level_daily_avg
2021-11-08,431.86375,Water_Level_daily_avg
2021-11-09,431.8729166666667,Water_Level_daily_avg
2021-11-10,431.87208333333336,Water_Level_daily_avg
2021-11-11,431.8908333333333,Water_Level_daily_avg
2021-11-12,431.91,Water_Level_daily_avg
2021-11-13,431.8054166666666,Water_Level_daily_avg
2021-11-14,431.74875,Water_Level_daily_avg
2021-11-15,431.74,Water_Level_daily_avg
2021-11-16,431.7025,Water_Level_daily_avg
2021-11-17,431.6675,Water_Level_daily_avg
2021-11-18,431.64875,Water_Level_daily_avg
2021-11-19,431.6325,Water_Level_daily_avg
2021-11-20,431.5416666666667,Water_Level_daily_avg
2021-11-21,431.4141666666667,Water_Level_daily_avg
2021-11-22,431.3845833333333,Water_Level_daily_avg
2021-11-23,431.38875,Water_Level_daily_avg
2021-11-24,431.24,Water_Level_daily_avg
2021-11-25,431.1983333333333,Water_Level_daily_avg
2021-11-26,431.12000000000006,Water_Level_daily_avg
2021-11-27,431.00875,Water_Level_daily_avg
2021-11-28,430.92083333333335,Water_Level_daily_avg
2021-11-29,430.78791666666666,Water_Level_daily_avg
2021-11-30,430.7291666666667,Water_Level_daily_avg
2021-12-01,430.71625,Water_Level_daily_avg
2021-12-02,430.65333333333336,Water_Level_daily_avg
2021-12-03,430.5558333333333,Water_Level_daily_avg
2021-12-04,430.5225,Water_Level_daily_avg
2021-12-05,430.4966666666666,Water_Level_daily_avg
2021-12-06,430.4583333333333,Water_Level_daily_avg
2021-12-07,430.41125,Water_Level_daily_avg
2021-12-08,430.37625,Water_Level_daily_avg
2021-12-09,430.2870833333333,Water_Level_daily_avg
2021-12-10,430.2295833333333,Water_Level_daily_avg
2021-12-11,430.16625,Water_Level_daily_avg
2021-12-12,430.13000000000005,Water_Level_daily_avg
2021-12-13,430.0441666666666,Water_Level_daily_avg
2021-12-14,430.0104166666667,Water_Level_daily_avg
2021-12-15,430.0125,Water_Level_daily_avg
2021-12-16,429.9454166666667,Water_Level_daily_avg
2021-12-17,429.86083333333335,Water_Level_daily_avg
2021-12-18,429.81916666666666,Water_Level_daily_avg
2021-12-19,429.7029166666667,Water_Level_daily_avg
2021-12-20,429.6783333333333,Water_Level_daily_avg
2021-12-21,429.61041666666665,Water_Level_daily_avg
2021-12-22,429.49875,Water_Level_daily_avg
2021-12-23,429.4812500000001,Water_Level_daily_avg
2021-12-24,429.38916666666665,Water_Level_daily_avg
2021-12-25,429.3108333333333,Water_Level_daily_avg
2021-12-26,429.2441666666667,Water_Level_daily_avg
2021-12-27,429.20416666666665,Water_Level_daily_avg
2021-12-28,429.0895833333333,Water_Level_daily_avg
2021-12-29,429.0025,Water_Level_daily_avg
2021-12-30,428.905,Water_Level_daily_avg
2021-12-31,428.8708333333333,Water_Level_daily_avg
2022-01-01,428.7966666666666,Water_Level_daily_avg
2022-01-02,428.7079166666667,Water_Level_daily_avg
2022-01-03,428.5858333333333,Water_Level_daily_avg
2022-01-04,428.4529166666667,Water_Level_daily_avg
2022-01-05,428.3375,Water_Level_daily_avg
2022-01-06,428.2579166666667,Water_Level_daily_avg
2022-01-07,428.1775,Water_Level_daily_avg
2022-01-08,428.0333333333333,Water_Level_daily_avg
2022-01-09,427.90625,Water_Level_daily_avg
2022-01-10,427.83875,Water_Level_daily_avg
2022-01-11,427.74625,Water_Level_daily_avg
2022-01-12,427.72791666666666,Water_Level_daily_avg
2022-01-13,427.6179166666666,Water_Level_daily_avg
2022-01-14,427.51208333333335,Water_Level_daily_avg
2022-01-15,427.4745833333333,Water_Level_daily_avg
2022-01-16,427.345,Water_Level_daily_avg
2022-01-17,427.22625,Water_Level_daily_avg
2022-01-18,427.0858333333333,Water_Level_daily_avg
2022-01-19,427.01,Water_Level_daily_avg
2022-01-20,427.0158333333333,Water_Level_daily_avg
2022-01-21,426.89208333333335,Water_Level_daily_avg
2022-01-22,426.7575,Water_Level_daily_avg
2022-01-23,426.6329166666667,Water_Level_daily_avg
2022-01-24,426.5408333333333,Water_Level_daily_avg
2022-01-25,426.4554166666667,Water_Level_daily_avg
2022-01-26,426.4608333333333,Water_Level_daily_avg
2022-01-27,426.31375,Water_Level_daily_avg
2022-01-28,426.2145833333333,Water_Level_daily_avg
2022-01-29,426.0829166666667,Water_Level_daily_avg
2022-01-30,426.00708333333336,Water_Level_daily_avg
2022-01-31,425.8704166666666,Water_Level_daily_avg
2022-02-01,425.85791666666665,Water_Level_daily_avg
2022-02-02,425.6904166666666,Water_Level_daily_avg
2022-02-03,425.53041666666667,Water_Level_daily_avg
2022-02-04,425.45208333333335,Water_Level_daily_avg
2022-02-05,425.3375,Water_Level_daily_avg
2022-02-06,425.1895833333333,Water_Level_daily_avg
2022-02-07,425.1166666666666,Water_Level_daily_avg
2022-02-08,425.075,Water_Level_daily_avg
2022-02-09,424.9491666666667,Water_Level_daily_avg
2022-02-10,424.83375,Water_Level_daily_avg
2022-02-11,424.6345833333333,Water_Level_daily_avg
2022-02-12,424.34625,Water_Level_daily_avg
2022-02-13,424.2875,Water_Level_daily_avg
2022-02-14,424.3045833333333,Water_Level_daily_avg
2022-02-15,424.34125,Water_Level_daily_avg
2022-02-16,424.29041666666666,Water_Level_daily_avg
2022-02-17,424.25416666666666,Water_Level_daily_avg
2022-02-18,424.2441666666667,Water_Level_daily_avg
2022-02-19,424.0704166666667,Water_Level_daily_avg
2022-02-20,424.0125,Water_Level_daily_avg
2022-02-21,423.99458333333337,Water_Level_daily_avg
2022-02-22,423.9495833333333,Water_Level_daily_avg
2022-02-23,423.7916666666667,Water_Level_daily_avg
2022-02-24,423.7054166666667,Water_Level_daily_avg
2022-02-25,423.6358333333333,Water_Level_daily_avg
2022-02-26,423.62125,Water_Level_daily_avg
2022-02-27,423.6583333333333,Water_Level_daily_avg
2022-02-28,423.63125,Water_Level_daily_avg
2022-03-01,423.5870833333333,Water_Level_daily_avg
2022-03-02,423.4979166666667,Water_Level_daily_avg
2022-03-03,423.44250000000005,Water_Level_daily_avg
2022-03-04,423.3954166666667,Water_Level_daily_avg
2022-03-05,423.3641666666667,Water_Level_daily_avg
2022-03-06,423.3029166666667,Water_Level_daily_avg
2022-03-07,423.27875,Water_Level_daily_avg
2022-03-08,423.2204166666667,Water_Level_daily_avg
2022-03-09,423.0808333333334,Water_Level_daily_avg
2022-03-10,423.0229166666666,Water_Level_daily_avg
2022-03-11,423.01125,Water_Level_daily_avg
2022-03-12,422.83875,Water_Level_daily_avg
2022-03-13,422.7658333333333,Water_Level_daily_avg
2022-03-14,422.7295833333333,Water_Level_daily_avg
2022-03-15,422.67,Water_Level_daily_avg
2022-03-16,422.5970833333333,Water_Level_daily_avg
2022-03-17,440.1545833333333,Water_Level_daily_avg
2022-03-18,422.4954166666666,Water_Level_daily_avg
2022-03-19,422.51208333333335,Water_Level_daily_avg
2022-03-20,422.5858333333333,Water_Level_daily_avg
2022-03-21,422.5641666666667,Water_Level_daily_avg
2022-03-22,422.5445833333333,Water_Level_daily_avg
2022-03-23,422.4891666666667,Water_Level_daily_avg
2022-03-24,422.4091666666666,Water_Level_daily_avg
2022-03-25,422.4020833333333,Water_Level_daily_avg
2022-03-26,422.31708333333336,Water_Level_daily_avg
2022-03-27,422.2620833333333,Water_Level_daily_avg
2022-03-28,422.16875,Water_Level_daily_avg
2022-03-29,422.1279166666666,Water_Level_daily_avg
2022-03-30,422.07625,Water_Level_daily_avg
2022-03-31,421.8254166666666,Water_Level_daily_avg
2022-04-01,421.8445833333333,Water_Level_daily_avg
2022-04-02,421.8375,Water_Level_daily_avg
2022-04-03,421.775,Water_Level_daily_avg
2022-04-04,421.715,Water_Level_daily_avg
2022-04-05,421.7029166666666,Water_Level_daily_avg
2022-04-06,421.70416666666665,Water_Level_daily_avg
2022-04-07,421.7425,Water_Level_daily_avg
2022-04-08,422.9470833333333,Water_Level_daily_avg
2022-04-09,423.3658333333333,Water_Level_daily_avg
2022-04-10,423.7070833333333,Water_Level_daily_avg
2022-04-11,423.9158333333333,Water_Level_daily_avg
2022-04-12,423.915,Water_Level_daily_avg
2022-04-13,423.94458333333336,Water_Level_daily_avg
2022-04-14,423.97375000000005,Water_Level_daily_avg
2022-04-15,424.1183333333333,Water_Level_daily_avg
2022-04-16,424.19625,Water_Level_daily_avg
2022-04-17,424.21125,Water_Level_daily_avg
2022-04-18,424.1870833333333,Water_Level_daily_avg
2022-04-19,424.2616666666667,Water_Level_daily_avg
2022-04-20,424.3104166666666,Water_Level_daily_avg
2022-04-21,424.3666666666666,Water_Level_daily_avg
2022-04-22,424.3829166666667,Water_Level_daily_avg
2022-04-23,424.36041666666665,Water_Level_daily_avg
2022-04-24,424.36041666666665,Water_Level_daily_avg
2022-04-25,424.3691666666667,Water_Level_daily_avg
2022-04-26,424.4670833333334,Water_Level_daily_avg
2022-04-27,424.57,Water_Level_daily_avg
2022-04-28,424.6066666666666,Water_Level_daily_avg
2022-04-29,424.6125,Water_Level_daily_avg
2022-04-30,424.57458333333335,Water_Level_daily_avg
2022-05-01,424.53375,Water_Level_daily_avg
2022-05-02,424.4841666666667,Water_Level_daily_avg
2022-05-03,424.42375,Water_Level_daily_avg
2022-05-04,424.41625,Water_Level_daily_avg
2022-05-05,424.5575,Water_Level_daily_avg
2022-05-06,425.23875,Water_Level_daily_avg
2022-05-07,425.71791666666667,Water_Level_daily_avg
2022-05-08,426.1266666666667,Water_Level_daily_avg
2022-05-09,426.44625,Water_Level_daily_avg
2022-05-10,426.7425,Water_Level_daily_avg
2022-05-11,426.80125,Water_Level_daily_avg
2022-05-12,426.8141666666666,Water_Level_daily_avg
2022-05-13,426.7520833333333,Water_Level_daily_avg
2022-05-14,426.80708333333337,Water_Level_daily_avg
2022-05-15,426.7275,Water_Level_daily_avg
2022-05-16,426.7166666666667,Water_Level_daily_avg
2022-05-17,426.7383333333333,Water_Level_daily_avg
2022-05-18,426.8375,Water_Level_daily_avg
2022-05-19,426.8954166666667,Water_Level_daily_avg
2022-05-20,427.0154166666667,Water_Level_daily_avg
2022-05-21,427.01833333333326,Water_Level_daily_avg
2022-05-22,426.96875,Water_Level_daily_avg
2022-05-23,426.84291666666667,Water_Level_daily_avg
2022-05-24,426.7083333333333,Water_Level_daily_avg
2022-05-25,426.6266666666666,Water_Level_daily_avg
2022-05-26,426.4783333333333,Water_Level_daily_avg
2022-05-27,426.38875,Water_Level_daily_avg
2022-05-28,426.2770833333333,Water_Level_daily_avg
2022-05-29,426.0958333333333,Water_Level_daily_avg
2022-05-30,425.97375000000005,Water_Level_daily_avg
2022-05-31,425.8879166666666,Water_Level_daily_avg
2022-06-01,425.7066666666667,Water_Level_daily_avg
2022-06-02,425.48291666666665,Water_Level_daily_avg
2022-06-03,425.4075,Water_Level_daily_avg
2022-06-04,425.1991666666667,Water_Level_daily_avg
2022-06-05,425.0745833333333,Water_Level_daily_avg
2022-06-06,425.0179166666667,Water_Level_daily_avg
2022-06-07,424.945,Water_Level_daily_avg
2022-06-08,424.8220833333333,Water_Level_daily_avg
2022-06-09,424.66125000000005,Water_Level_daily_avg
2022-06-10,424.5445833333333,Water_Level_daily_avg
2022-06-11,424.40125,Water_Level_daily_avg
2022-06-12,424.3704166666666,Water_Level_daily_avg
2022-06-13,424.4408333333333,Water_Level_daily_avg
2022-06-14,424.4341666666666,Water_Level_daily_avg
2022-06-15,424.5129166666666,Water_Level_daily_avg
2022-06-16,424.5954166666666,Water_Level_daily_avg
2022-06-17,424.6666666666667,Water_Level_daily_avg
2022-06-18,424.6525,Water_Level_daily_avg
2022-06-19,424.67333333333335,Water_Level_daily_avg
2022-06-20,424.66083333333336,Water_Level_daily_avg
2022-06-21,424.66375,Water_Level_daily_avg
2022-06-22,424.6933333333333,Water_Level_daily_avg
2022-06-23,424.6483333333333,Water_Level_daily_avg
2022-06-24,424.6895833333333,Water_Level_daily_avg
2022-06-25,424.7429166666666,Water_Level_daily_avg
2022-06-26,424.8208333333334,Water_Level_daily_avg
2022-06-27,424.8066666666667,Water_Level_daily_avg
2022-06-28,424.65083333333337,Water_Level_daily_avg
2022-06-29,424.42125,Water_Level_daily_avg
2022-06-30,424.2058333333334,Water_Level_daily_avg
2022-07-01,424.01416666666665,Water_Level_daily_avg
2022-07-02,423.7654166666666,Water_Level_daily_avg
2022-07-03,423.5075,Water_Level_daily_avg
2022-07-04,423.28,Water_Level_daily_avg
2022-07-05,423.00500000000005,Water_Level_daily_avg
2022-07-06,422.8345833333333,Water_Level_daily_avg
2022-07-07,422.7058333333334,Water_Level_daily_avg
2022-07-08,422.5195833333333,Water_Level_daily_avg
2022-07-09,422.26916666666665,Water_Level_daily_avg
2022-07-10,422.02,Water_Level_daily_avg
2022-07-11,421.9570833333334,Water_Level_daily_avg
2022-07-12,421.7475,Water_Level_daily_avg
2022-07-13,421.53791666666666,Water_Level_daily_avg
2022-07-14,421.3008333333333,Water_Level_daily_avg
2022-07-15,421.08166666666665,Water_Level_daily_avg
2022-07-16,420.85375,Water_Level_daily_avg
2022-07-17,420.5220833333333,Water_Level_daily_avg
2022-07-18,420.20375,Water_Level_daily_avg
2022-07-19,420.03833333333336,Water_Level_daily_avg
2022-07-20,419.85875,Water_Level_daily_avg
2022-07-21,419.8325,Water_Level_daily_avg
2022-07-22,419.8495833333333,Water_Level_daily_avg
2022-07-23,419.82666666666665,Water_Level_daily_avg
2022-07-24,419.81958333333336,Water_Level_daily_avg
2022-07-25,420.0133333333333,Water_Level_daily_avg
2022-07-26,420.15625,Water_Level_daily_avg
2022-07-27,420.2595833333333,Water_Level_daily_avg
2022-07-28,420.4929166666666,Water_Level_daily_avg
2022-07-29,420.7116666666666,Water_Level_daily_avg
2022-07-30,420.97625,Water_Level_daily_avg
2022-07-31,421.20208333333335,Water_Level_daily_avg
2022-08-01,421.44958333333335,Water_Level_daily_avg
2022-08-02,421.5995833333333,Water_Level_daily_avg
2022-08-03,421.8883333333333,Water_Level_daily_avg
2022-08-04,421.9525,Water_Level_daily_avg
2022-08-05,421.9254166666667,Water_Level_daily_avg
2022-08-06,421.9941666666667,Water_Level_daily_avg
2022-08-07,422.16333333333336,Water_Level_daily_avg
2022-08-08,422.2404166666667,Water_Level_daily_avg
2022-08-09,422.26875,Water_Level_daily_avg
2022-08-10,422.355,Water_Level_daily_avg
2022-08-11,422.5895833333333,Water_Level_daily_avg
2022-08-12,422.38958333333335,Water_Level_daily_avg
2022-08-13,422.2995833333334,Water_Level_daily_avg
2022-08-14,422.3158333333333,Water_Level_daily_avg
2022-08-15,422.46875,Water_Level_daily_avg
2022-08-16,422.6675,Water_Level_daily_avg
2022-08-17,422.81375,Water_Level_daily_avg
2022-08-18,422.9125,Water_Level_daily_avg
2022-08-19,423.0945833333333,Water_Level_daily_avg
2022-08-20,423.39208333333335,Water_Level_daily_avg
2022-08-21,423.6591666666666,Water_Level_daily_avg
2022-08-22,423.9308333333333,Water_Level_daily_avg
2022-08-23,424.17,Water_Level_daily_avg
2022-08-24,424.2813043478261,Water_Level_daily_avg
2022-08-25,424.51666666666665,Water_Level_daily_avg
2022-08-26,424.7383333333333,Water_Level_daily_avg
2022-08-27,424.9508333333333,Water_Level_daily_avg
2022-08-28,425.1,Water_Level_daily_avg
2022-08-29,425.2945833333333,Water_Level_daily_avg
2022-08-30,425.44666666666666,Water_Level_daily_avg
2022-08-31,425.65625,Water_Level_daily_avg
2022-09-01,425.8808333333333,Water_Level_daily_avg
2022-09-02,425.9975,Water_Level_daily_avg
2022-09-03,426.085,Water_Level_daily_avg
2022-09-04,426.275,Water_Level_daily_avg
2022-09-05,426.3766666666666,Water_Level_daily_avg
2022-09-06,426.2079166666667,Water_Level_daily_avg
2022-09-07,425.9704166666667,Water_Level_daily_avg
2022-09-08,425.91541666666666,Water_Level_daily_avg
2022-09-09,425.98583333333335,Water_Level_daily_avg
2022-09-10,425.97,Water_Level_daily_avg
2022-09-11,425.91,Water_Level_daily_avg
2022-09-12,425.8420833333333,Water_Level_daily_avg
2022-09-13,425.8516666666667,Water_Level_daily_avg
2022-09-14,426.02875,Water_Level_daily_avg
2022-09-15,426.275,Water_Level_daily_avg
2022-09-16,426.51625,Water_Level_daily_avg
2022-09-17,426.7029166666667,Water_Level_daily_avg
2022-09-18,426.8404166666666,Water_Level_daily_avg
2022-09-19,426.95166666666665,Water_Level_daily_avg
2022-09-20,427.07375,Water_Level_daily_avg
2022-09-21,427.1358333333333,Water_Level_daily_avg
2022-09-22,427.2275,Water_Level_daily_avg
2022-09-23,427.3958333333333,Water_Level_daily_avg
2022-09-24,427.5520833333333,Water_Level_daily_avg
2022-09-25,427.6504166666667,Water_Level_daily_avg
2022-09-26,427.7154166666666,Water_Level_daily_avg
2022-09-27,427.8325,Water_Level_daily_avg
2022-09-28,428.04041666666666,Water_Level_daily_avg
2022-09-29,428.19166666666666,Water_Level_daily_avg
2022-09-30,428.4,Water_Level_daily_avg
2022-10-01,428.5529166666667,Water_Level_daily_avg
2022-10-02,428.7008333333333,Water_Level_daily_avg
2022-10-03,428.8104166666667,Water_Level_daily_avg
2022-10-04,428.88958333333335,Water_Level_daily_avg
2022-10-05,428.9370833333333,Water_Level_daily_avg
2022-10-06,428.9716666666666,Water_Level_daily_avg
2022-10-07,429.0916666666667,Water_Level_daily_avg
2022-10-08,429.1891666666666,Water_Level_daily_avg
2022-10-09,429.33125,Water_Level_daily_avg
2022-10-10,429.5229166666666,Water_Level_daily_avg
2022-10-11,429.72708333333327,Water_Level_daily_avg
2022-10-12,429.8808333333333,Water_Level_daily_avg
2022-10-13,429.9816666666666,Water_Level_daily_avg
2022-10-14,430.22791666666666,Water_Level_daily_avg
2022-10-15,430.41291666666666,Water_Level_daily_avg
2022-10-16,430.6116666666667,Water_Level_daily_avg
2022-10-17,430.7808333333333,Water_Level_daily_avg
2022-10-18,430.9604166666666,Water_Level_daily_avg
2022-10-19,431.19666666666666,Water_Level_daily_avg
2022-10-20,431.38958333333335,Water_Level_daily_avg
2022-10-21,431.48541666666665,Water_Level_daily_avg
2022-10-22,431.60291666666666,Water_Level_daily_avg
2022-10-23,431.79,Water_Level_daily_avg
2022-10-24,431.9558333333334,Water_Level_daily_avg
2022-10-25,432.1258333333333,Water_Level_daily_avg
2022-10-26,432.2875,Water_Level_daily_avg
2022-10-27,432.25375,Water_Level_daily_avg
2022-10-28,432.0429166666667,Water_Level_daily_avg
2022-10-29,431.9595833333333,Water_Level_daily_avg
2022-10-30,432.025,Water_Level_daily_avg
2022-10-31,432.1458333333333,Water_Level_daily_avg
2022-11-01,432.215,Water_Level_daily_avg
2022-11-02,432.3045833333333,Water_Level_daily_avg
2022-11-03,432.3725,Water_Level_daily_avg
2022-11-04,432.3904166666667,Water_Level_daily_avg
2022-11-05,432.4708333333333,Water_Level_daily_avg
2022-11-06,432.49875,Water_Level_daily_avg
2022-11-07,432.605,Water_Level_daily_avg
2022-11-08,432.6620833333333,Water_Level_daily_avg
2022-11-09,432.6983333333333,Water_Level_daily_avg
2022-11-10,432.74625,Water_Level_daily_avg
2022-11-11,432.775,Water_Level_daily_avg
2022-11-12,432.80041666666665,Water_Level_daily_avg
2022-11-13,432.80375,Water_Level_daily_avg
2022-11-14,432.7808333333333,Water_Level_daily_avg
2022-11-15,432.6120833333334,Water_Level_daily_avg
2022-11-16,432.4175,Water_Level_daily_avg
2022-11-17,432.2825,Water_Level_daily_avg
2022-11-18,432.0445833333333,Water_Level_daily_avg
2022-11-19,431.8858333333333,Water_Level_daily_avg
2022-11-20,431.7608333333333,Water_Level_daily_avg
2022-11-21,431.6216666666666,Water_Level_daily_avg
2022-11-22,431.55875,Water_Level_daily_avg
2022-11-23,431.42,Water_Level_daily_avg
2022-11-24,431.35291666666666,Water_Level_daily_avg
2022-11-25,431.1979166666667,Water_Level_daily_avg
2022-11-26,431.17125,Water_Level_daily_avg
2022-11-27,431.1333333333334,Water_Level_daily_avg
2022-11-28,431.0058333333333,Water_Level_daily_avg
2022-11-29,430.9408333333333,Water_Level_daily_avg
2022-11-30,430.8220833333333,Water_Level_daily_avg
2022-12-01,430.7029166666667,Water_Level_daily_avg
2022-12-02,430.61958333333337,Water_Level_daily_avg
2022-12-03,430.51125,Water_Level_daily_avg
2022-12-04,430.44250000000005,Water_Level_daily_avg
2022-12-05,430.29875,Water_Level_daily_avg
2022-12-06,430.0966666666666,Water_Level_daily_avg
2022-12-07,429.965,Water_Level_daily_avg
2022-12-08,429.9125,Water_Level_daily_avg
2022-12-09,429.79,Water_Level_daily_avg
2022-12-10,429.6058333333333,Water_Level_daily_avg
2022-12-11,429.44958333333335,Water_Level_daily_avg
2022-12-12,429.43208333333337,Water_Level_daily_avg
2022-12-13,429.2633333333333,Water_Level_daily_avg
2022-12-14,429.14875,Water_Level_daily_avg
2022-12-15,428.98333333333335,Water_Level_daily_avg
2022-12-16,428.7529166666666,Water_Level_daily_avg
2022-12-17,428.5275,Water_Level_daily_avg
2022-12-18,428.50708333333336,Water_Level_daily_avg
2022-12-19,428.51666666666665,Water_Level_daily_avg
2022-12-20,428.3945833333333,Water_Level_daily_avg
2022-12-21,428.2970833333333,Water_Level_daily_avg
2022-12-22,428.19875,Water_Level_daily_avg
2022-12-23,428.14416666666665,Water_Level_daily_avg
2022-12-24,428.03,Water_Level_daily_avg
2022-12-25,427.8833333333334,Water_Level_daily_avg
2022-12-26,427.79,Water_Level_daily_avg
2022-12-27,427.7191666666667,Water_Level_daily_avg
2022-12-28,427.5866666666666,Water_Level_daily_avg
2022-12-29,427.4925,Water_Level_daily_avg
2022-12-30,427.3733333333334,Water_Level_daily_avg
2022-12-31,427.2175,Water_Level_daily_avg
2023-01-01,427.15625,Water_Level_daily_avg
2023-01-02,426.94625,Water_Level_daily_avg
2023-01-03,426.8033333333333,Water_Level_daily_avg
2023-01-04,426.66875,Water_Level_daily_avg
2023-01-05,426.5104166666667,Water_Level_daily_avg
2023-01-06,426.38625,Water_Level_daily_avg
2023-01-07,426.2383333333333,Water_Level_daily_avg
2023-01-08,426.1991666666667,Water_Level_daily_avg
2023-01-09,426.03833333333336,Water_Level_daily_avg
2023-01-10,425.9425,Water_Level_daily_avg
2023-01-11,425.82125,Water_Level_daily_avg
2023-01-12,425.7295833333333,Water_Level_daily_avg
2023-01-13,425.5933333333333,Water_Level_daily_avg
2023-01-14,425.5020833333333,Water_Level_daily_avg
2023-01-15,425.40125,Water_Level_daily_avg
2023-01-16,425.37125,Water_Level_daily_avg
2023-01-17,425.2608333333333,Water_Level_daily_avg
2023-01-18,425.03833333333336,Water_Level_daily_avg
2023-01-19,424.9604166666666,Water_Level_daily_avg
2023-01-20,424.7945833333333,Water_Level_daily_avg
2023-01-21,424.675,Water_Level_daily_avg
2023-01-22,424.565,Water_Level_daily_avg
2023-01-23,424.41,Water_Level_daily_avg
2023-01-24,424.31375,Water_Level_daily_avg
2023-01-25,424.2766666666666,Water_Level_daily_avg
2023-01-26,424.0775,Water_Level_daily_avg
2023-01-27,423.8025,Water_Level_daily_avg
2023-01-28,423.62,Water_Level_daily_avg
2023-01-29,423.45,Water_Level_daily_avg
2023-01-30,423.46,Water_Level_daily_avg
2023-01-31,423.37916666666666,Water_Level_daily_avg
2023-02-01,423.22625,Water_Level_daily_avg
2023-02-02,423.19,Water_Level_daily_avg
2023-02-03,421.45416666666665,Water_Level_daily_avg
2023-02-04,421.36291666666665,Water_Level_daily_avg
2023-02-05,421.22625,Water_Level_daily_avg
2023-02-06,421.1575,Water_Level_daily_avg
2023-02-07,421.09291666666667,Water_Level_daily_avg
2023-02-08,421.04583333333335,Water_Level_daily_avg
2023-02-09,420.9604166666666,Water_Level_daily_avg
2023-02-10,420.7554166666666,Water_Level_daily_avg
2023-02-11,420.67625,Water_Level_daily_avg
2023-02-12,420.37208333333336,Water_Level_daily_avg
2023-02-13,420.37125,Water_Level_daily_avg
2023-02-14,420.34625,Water_Level_daily_avg
2023-02-15,420.33125,Water_Level_daily_avg
2023-02-16,420.3070833333333,Water_Level_daily_avg
2023-02-17,420.2504166666667,Water_Level_daily_avg
2023-02-18,420.1025,Water_Level_daily_avg
2023-02-19,437.38208333333336,Water_Level_daily_avg
2023-02-20,419.7829166666666,Water_Level_daily_avg
2023-02-21,419.62875,Water_Level_daily_avg
2023-02-22,419.4883333333333,Water_Level_daily_avg
2023-02-23,419.2129166666667,Water_Level_daily_avg
2023-02-24,418.92291666666665,Water_Level_daily_avg
2023-02-25,418.7725,Water_Level_daily_avg
2023-02-26,418.7754166666667,Water_Level_daily_avg
2023-02-27,418.6687500000001,Water_Level_daily_avg
2023-02-28,418.58125,Water_Level_daily_avg
2023-03-01,418.4175,Water_Level_daily_avg
2023-03-02,418.2729166666666,Water_Level_daily_avg
2023-03-03,418.1025,Water_Level_daily_avg
2023-03-04,417.9766666666667,Water_Level_daily_avg
2023-03-05,417.83833333333337,Water_Level_daily_avg
2023-03-06,417.6795833333333,Water_Level_daily_avg
2023-03-07,417.6033333333333,Water_Level_daily_avg
2023-03-08,417.5833333333333,Water_Level_daily_avg
2023-03-09,417.44250000000005,Water_Level_daily_avg
2023-03-10,417.25416666666666,Water_Level_daily_avg
2023-03-11,417.03791666666666,Water_Level_daily_avg
2023-03-12,416.3704166666666,Water_Level_daily_avg
2023-03-13,415.8804166666666,Water_Level_daily_avg
2023-03-14,415.2375,Water_Level_daily_avg
2023-03-15,414.5995833333333,Water_Level_daily_avg
2023-03-16,414.2295833333333,Water_Level_daily_avg
2023-03-17,414.0216666666667,Water_Level_daily_avg
2023-03-18,413.95,Water_Level_daily_avg
2023-03-19,413.8133333333333,Water_Level_daily_avg
2023-03-20,413.75500000000005,Water_Level_daily_avg
2023-03-21,413.84375,Water_Level_daily_avg
2023-03-22,413.9966666666666,Water_Level_daily_avg
2023-03-23,414.2170833333334,Water_Level_daily_avg
2023-03-24,414.36291666666665,Water_Level_daily_avg
2023-03-25,414.41083333333336,Water_Level_daily_avg
2023-03-26,414.46333333333337,Water_Level_daily_avg
2023-03-27,414.2866666666666,Water_Level_daily_avg
2023-03-28,414.1658333333333,Water_Level_daily_avg
2023-03-29,413.9770833333334,Water_Level_daily_avg
2023-03-30,413.9045833333333,Water_Level_daily_avg
2023-03-31,413.92083333333335,Water_Level_daily_avg
2023-04-01,413.84833333333336,Water_Level_daily_avg
2023-04-02,413.71,Water_Level_daily_avg
2023-04-03,413.7004166666666,Water_Level_daily_avg
2023-04-04,413.6795833333333,Water_Level_daily_avg
2023-04-05,413.50708333333336,Water_Level_daily_avg
2023-04-06,413.22,Water_Level_daily_avg
2023-04-07,412.85083333333336,Water_Level_daily_avg
2023-04-08,412.4875,Water_Level_daily_avg
2023-04-09,412.2141666666666,Water_Level_daily_avg
2023-04-10,411.9720833333333,Water_Level_daily_avg
2023-04-11,411.74375,Water_Level_daily_avg
2023-04-12,411.53,Water_Level_daily_avg
2023-04-13,411.2520833333333,Water_Level_daily_avg
2023-04-14,411.06708333333336,Water_Level_daily_avg
2023-04-15,410.9175,Water_Level_daily_avg
2023-04-16,410.74625,Water_Level_daily_avg
2023-04-17,410.3758333333333,Water_Level_daily_avg
2023-04-18,410.0225,Water_Level_daily_avg
2023-04-19,409.87416666666667,Water_Level_daily_avg
2023-04-20,410.3133333333333,Water_Level_daily_avg
2023-04-21,411.2095833333333,Water_Level_daily_avg
2023-04-22,411.5320833333333,Water_Level_daily_avg
2023-04-23,411.5841666666667,Water_Level_daily_avg
2023-04-24,411.7025,Water_Level_daily_avg
2023-04-25,411.61125,Water_Level_daily_avg
2023-04-26,411.6904166666666,Water_Level_daily_avg
2023-04-27,413.16333333333336,Water_Level_daily_avg
2023-04-28,414.3525,Water_Level_daily_avg
2023-04-29,414.9075,Water_Level_daily_avg
2023-04-30,415.0995833333333,Water_Level_daily_avg
2023-05-01,415.1270833333333,Water_Level_daily_avg
2023-05-02,415.4216666666667,Water_Level_daily_avg
2023-05-03,415.6,Water_Level_daily_avg
2023-05-04,415.54625,Water_Level_daily_avg
2023-05-05,415.5095833333333,Water_Level_daily_avg
2023-05-06,415.1158333333333,Water_Level_daily_avg
2023-05-07,414.6775,Water_Level_daily_avg
2023-05-08,414.6129166666667,Water_Level_daily_avg
2023-05-09,419.5241666666666,Water_Level_daily_avg
2023-05-10,430.1141666666667,Water_Level_daily_avg
2023-05-11,435.1658333333333,Water_Level_daily_avg
2023-05-12,435.9141666666667,Water_Level_daily_avg
2023-05-13,436.0729166666667,Water_Level_daily_avg
2023-05-14,436.0875,Water_Level_daily_avg
2023-05-15,436.0533333333333,Water_Level_daily_avg
2023-05-16,436.0808333333334,Water_Level_daily_avg
2023-05-17,435.95208333333335,Water_Level_daily_avg
2023-05-18,435.9141666666667,Water_Level_daily_avg
2023-05-19,435.96875,Water_Level_daily_avg
2023-05-20,435.97583333333336,Water_Level_daily_avg
2023-05-21,435.965,Water_Level_daily_avg
2023-05-22,435.9629166666667,Water_Level_daily_avg
2023-05-23,435.9583333333333,Water_Level_daily_avg
2023-05-24,435.9779166666667,Water_Level_daily_avg
2023-05-25,435.9966666666666,Water_Level_daily_avg
2023-05-26,435.9570833333333,Water_Level_daily_avg
2023-05-27,435.9616666666666,Water_Level_daily_avg
2023-05-28,435.9816666666666,Water_Level_daily_avg
2023-05-29,436.03833333333336,Water_Level_daily_avg
2023-05-30,436.0108333333333,Water_Level_daily_avg
2023-05-31,435.9395833333333,Water_Level_daily_avg
2023-06-01,435.94250000000005,Water_Level_daily_avg
2023-06-02,435.9620833333333,Water_Level_daily_avg
2023-06-03,435.9575,Water_Level_daily_avg
2023-06-04,435.90625,Water_Level_daily_avg
2023-06-05,435.72375000000005,Water_Level_daily_avg
2023-06-06,435.6158333333333,Water_Level_daily_avg
2023-06-07,435.9595833333333,Water_Level_daily_avg
2023-06-08,436.0875,Water_Level_daily_avg
2023-06-09,436.04041666666666,Water_Level_daily_avg
2023-06-10,436.0375,Water_Level_daily_avg
2023-06-11,436.04791666666665,Water_Level_daily_avg
2023-06-12,435.9395833333333,Water_Level_daily_avg
2023-06-13,435.9341666666666,Water_Level_daily_avg
2023-06-14,435.8945833333333,Water_Level_daily_avg
2023-06-15,435.8025,Water_Level_daily_avg
2023-06-16,435.8379166666667,Water_Level_daily_avg
2023-06-17,435.77583333333337,Water_Level_daily_avg
2023-06-18,435.7,Water_Level_daily_avg
2023-06-19,435.63875,Water_Level_daily_avg
2023-06-20,435.6041666666667,Water_Level_daily_avg
2023-06-21,435.56166666666667,Water_Level_daily_avg
2023-06-22,435.4804166666667,Water_Level_daily_avg
2023-06-23,435.3104166666667,Water_Level_daily_avg
2023-06-24,435.13958333333335,Water_Level_daily_avg
2023-06-25,434.9908333333333,Water_Level_daily_avg
2023-06-26,434.93125,Water_Level_daily_avg
2023-06-27,434.9408333333333,Water_Level_daily_avg
2023-06-28,434.88916666666665,Water_Level_daily_avg
2023-06-29,434.82875,Water_Level_daily_avg
2023-06-30,434.6191666666667,Water_Level_daily_avg
2023-07-01,436.55041666666665,Water_Level_daily_avg
2023-07-02,436.4870833333334,Water_Level_daily_avg
2023-07-03,436.1720833333333,Water_Level_daily_avg
2023-07-04,436.0320833333333,Water_Level_daily_avg
2023-07-05,436.15125,Water_Level_daily_avg
2023-07-06,436.0954166666667,Water_Level_daily_avg
2023-07-07,436.17333333333335,Water_Level_daily_avg
2023-07-08,436.1558333333333,Water_Level_daily_avg
2023-07-09,436.0775,Water_Level_daily_avg
2023-07-10,435.96625,Water_Level_daily_avg
2023-07-11,436.0841666666667,Water_Level_daily_avg
2023-07-12,435.97375000000005,Water_Level_daily_avg
2023-07-13,436.02625,Water_Level_daily_avg
2023-07-14,436.11,Water_Level_daily_avg
2023-07-15,436.35833333333335,Water_Level_daily_avg
2023-07-16,436.2341666666667,Water_Level_daily_avg
2023-07-17,435.77583333333337,Water_Level_daily_avg
2023-07-18,435.7204166666667,Water_Level_daily_avg
2023-07-19,436.2191666666667,Water_Level_daily_avg
2023-07-20,435.9925,Water_Level_daily_avg
2023-07-21,435.855,Water_Level_daily_avg
2023-07-22,435.86083333333335,Water_Level_daily_avg
2023-07-23,436.10791666666665,Water_Level_daily_avg
2023-07-24,436.4016666666666,Water_Level_daily_avg
2023-07-25,436.5679166666666,Water_Level_daily_avg
2023-07-26,436.6529166666666,Water_Level_daily_avg
2023-07-27,436.7170833333334,Water_Level_daily_avg
2023-07-28,436.7370833333334,Water_Level_daily_avg
2023-07-29,436.72333333333336,Water_Level_daily_avg
2023-07-30,436.68208333333337,Water_Level_daily_avg
2023-07-31,436.59375,Water_Level_daily_avg
2023-08-01,436.5295833333333,Water_Level_daily_avg
2023-08-02,436.57916666666665,Water_Level_daily_avg
2023-08-03,436.6070833333333,Water_Level_daily_avg
2023-08-04,436.63000000000005,Water_Level_daily_avg
2023-08-05,436.71125,Water_Level_daily_avg
2023-08-06,436.7866666666666,Water_Level_daily_avg
2023-08-07,436.8591666666666,Water_Level_daily_avg
2023-08-08,436.94208333333336,Water_Level_daily_avg
2023-08-09,436.9066666666667,Water_Level_daily_avg
2023-08-10,436.8704166666666,Water_Level_daily_avg
2023-08-11,436.9216666666666,Water_Level_daily_avg
2023-08-12,436.9308333333333,Water_Level_daily_avg
2023-08-13,436.8016666666667,Water_Level_daily_avg
2023-08-14,436.7829166666666,Water_Level_daily_avg
2023-08-15,436.8241666666667,Water_Level_daily_avg
2023-08-16,436.91,Water_Level_daily_avg
2023-08-17,436.88875,Water_Level_daily_avg
2023-08-18,436.8783333333333,Water_Level_daily_avg
2023-08-19,436.8495833333333,Water_Level_daily_avg
2023-08-20,436.7779166666666,Water_Level_daily_avg
2023-08-21,436.7554166666666,Water_Level_daily_avg
2023-08-22,436.8104166666666,Water_Level_daily_avg
2023-08-23,436.8345833333333,Water_Level_daily_avg
2023-08-24,436.92875,Water_Level_daily_avg
2023-08-25,436.87,Water_Level_daily_avg
2023-08-26,436.865,Water_Level_daily_avg
2023-08-27,436.9220833333333,Water_Level_daily_avg
2023-08-28,436.84125,Water_Level_daily_avg
2023-08-29,436.84625,Water_Level_daily_avg
2023-08-30,436.6033333333333,Water_Level_daily_avg
2023-08-31,436.50416666666666,Water_Level_daily_avg
2023-09-01,436.7308333333333,Water_Level_daily_avg
2023-09-02,436.85125,Water_Level_daily_avg
2023-09-03,436.8329166666667,Water_Level_daily_avg
2023-09-04,436.9216666666667,Water_Level_daily_avg
2023-09-05,436.8945833333333,Water_Level_daily_avg
2023-09-06,436.86958333333337,Water_Level_daily_avg
2023-09-07,436.8945833333333,Water_Level_daily_avg
2023-09-08,436.93375,Water_Level_daily_avg
2023-09-09,436.9075,Water_Level_daily_avg
2023-09-10,436.94250000000005,Water_Level_daily_avg
2023-09-11,436.95125,Water_Level_daily_avg
2023-09-12,436.85083333333336,Water_Level_daily_avg
2023-09-13,436.9279166666667,Water_Level_daily_avg
2023-09-14,436.89416666666665,Water_Level_daily_avg
2023-09-15,436.8708333333333,Water_Level_daily_avg
2023-09-16,436.93666666666667,Water_Level_daily_avg
2023-09-17,436.8779166666666,Water_Level_daily_avg
2023-09-18,436.8854166666667,Water_Level_daily_avg
2023-09-19,436.81125,Water_Level_daily_avg
2023-09-20,436.8933333333334,Water_Level_daily_avg
2023-09-21,436.90875,Water_Level_daily_avg
2023-09-22,436.9383333333333,Water_Level_daily_avg
2023-09-23,436.93458333333336,Water_Level_daily_avg
2023-09-24,436.8770833333333,Water_Level_daily_avg
2023-09-25,436.9558333333334,Water_Level_daily_avg
2023-09-26,436.93458333333336,Water_Level_daily_avg
2023-09-27,436.95125,Water_Level_daily_avg
2023-09-28,436.9179166666667,Water_Level_daily_avg
2023-09-29,436.94250000000005,Water_Level_daily_avg
2023-09-30,436.9020833333333,Water_Level_daily_avg
2023-10-01,436.8729166666667,Water_Level_daily_avg
2023-10-02,436.92125,Water_Level_daily_avg
2023-10-03,436.95125,Water_Level_daily_avg
2023-10-04,436.9225,Water_Level_daily_avg
2023-10-05,436.8983333333333,Water_Level_daily_avg
2023-10-06,436.9291666666666,Water_Level_daily_avg
2023-10-07,436.9179166666667,Water_Level_daily_avg
2023-10-08,436.9045833333333,Water_Level_daily_avg
2023-10-09,436.9529166666666,Water_Level_daily_avg
2023-10-10,436.9329166666666,Water_Level_daily_avg
2023-10-11,436.8954166666667,Water_Level_daily_avg
2023-10-12,436.9095833333333,Water_Level_daily_avg
2023-10-13,436.92041666666665,Water_Level_daily_avg
2023-10-14,436.9029166666666,Water_Level_daily_avg
2023-10-15,436.95666666666665,Water_Level_daily_avg
2023-10-16,436.87125,Water_Level_daily_avg
2023-10-17,436.9145833333334,Water_Level_daily_avg
2023-10-18,436.8954166666667,Water_Level_daily_avg
2023-10-19,436.87916666666666,Water_Level_daily_avg
2023-10-20,436.9225,Water_Level_daily_avg
2023-10-21,436.9391666666667,Water_Level_daily_avg
2023-10-22,436.88875,Water_Level_daily_avg
2023-10-23,436.94625,Water_Level_daily_avg
2023-10-24,436.88166666666666,Water_Level_daily_avg
2023-10-25,436.91833333333335,Water_Level_daily_avg
2023-10-26,436.9004166666667,Water_Level_daily_avg
2023-10-27,436.88958333333335,Water_Level_daily_avg
2023-10-28,436.8954166666667,Water_Level_daily_avg
2023-10-29,436.9275,Water_Level_daily_avg
2023-10-30,436.88375,Water_Level_daily_avg
2023-10-31,436.8908333333334,Water_Level_daily_avg
2023-11-01,436.935,Water_Level_daily_avg
2023-11-02,436.87375,Water_Level_daily_avg
2023-11-03,436.8870833333333,Water_Level_daily_avg
2023-11-04,436.92041666666665,Water_Level_daily_avg
2023-11-05,436.8783333333333,Water_Level_daily_avg
2023-11-06,436.9245833333334,Water_Level_daily_avg
2023-11-07,436.9016666666666,Water_Level_daily_avg
2023-11-08,436.765,Water_Level_daily_avg
2023-11-09,436.71791666666667,Water_Level_daily_avg
2023-11-10,436.7104166666666,Water_Level_daily_avg
2023-11-11,436.6375,Water_Level_daily_avg
2023-11-12,436.5675,Water_Level_daily_avg
2023-11-13,436.4716666666666,Water_Level_daily_avg
2023-11-14,436.43208333333337,Water_Level_daily_avg
2023-11-15,436.3345833333333,Water_Level_daily_avg
2023-11-16,436.25666666666666,Water_Level_daily_avg
2023-11-17,436.3025,Water_Level_daily_avg
2023-11-18,436.4279166666667,Water_Level_daily_avg
2023-11-19,436.5604166666666,Water_Level_daily_avg
2023-11-20,436.6258333333333,Water_Level_daily_avg
2023-11-21,436.5633333333333,Water_Level_daily_avg
2023-11-22,436.54875,Water_Level_daily_avg
2023-11-23,436.6520833333333,Water_Level_daily_avg
2023-11-24,436.79791666666665,Water_Level_daily_avg
2023-11-25,436.8041666666666,Water_Level_daily_avg
2023-11-26,436.86125,Water_Level_daily_avg
2023-11-27,436.88916666666665,Water_Level_daily_avg
2023-11-28,436.91125000000005,Water_Level_daily_avg
2023-11-29,436.8983333333333,Water_Level_daily_avg
2023-11-30,436.7425,Water_Level_daily_avg
2023-12-01,436.6854166666667,Water_Level_daily_avg
2023-12-02,436.60583333333335,Water_Level_daily_avg
2023-12-03,436.49916666666667,Water_Level_daily_avg
2023-12-04,436.4175,Water_Level_daily_avg
2023-12-05,436.3358333333333,Water_Level_daily_avg
2023-12-06,436.19250000000005,Water_Level_daily_avg
2023-12-07,436.01125,Water_Level_daily_avg
2023-12-08,435.95875,Water_Level_daily_avg
2023-12-09,435.79,Water_Level_daily_avg
2023-12-10,435.5958333333333,Water_Level_daily_avg
2023-12-11,435.44208333333336,Water_Level_daily_avg
2023-12-12,435.3458333333333,Water_Level_daily_avg
2023-12-13,435.0554166666666,Water_Level_daily_avg
2023-12-14,434.88708333333335,Water_Level_daily_avg
2023-12-15,434.7370833333334,Water_Level_daily_avg
2023-12-16,434.53791666666666,Water_Level_daily_avg
2023-12-17,434.34791666666666,Water_Level_daily_avg
2023-12-18,434.15333333333336,Water_Level_daily_avg
2023-12-19,433.9925,Water_Level_daily_avg
2023-12-20,433.7820833333333,Water_Level_daily_avg
2023-12-21,433.58875,Water_Level_daily_avg
2023-12-22,433.3970833333333,Water_Level_daily_avg
2023-12-23,433.1529166666666,Water_Level_daily_avg
2023-12-24,432.9454166666667,Water_Level_daily_avg
2023-12-25,432.7845833333333,Water_Level_daily_avg
2023-12-26,432.2733333333333,Water_Level_daily_avg
2023-12-27,432.1245833333333,Water_Level_daily_avg
2023-12-28,431.92125,Water_Level_daily_avg
2023-12-29,431.6908333333333,Water_Level_daily_avg
2023-12-30,431.465,Water_Level_daily_avg
2023-12-31,431.20625,Water_Level_daily_avg
2024-01-01,431.0495833333334,Water_Level_daily_avg
2024-01-02,430.85833333333335,Water_Level_daily_avg
2024-01-03,430.6720833333333,Water_Level_daily_avg
2024-01-04,430.47333333333336,Water_Level_daily_avg
2024-01-05,430.23875,Water_Level_daily_avg
2024-01-06,430.1,Water_Level_daily_avg
2024-01-07,429.90875,Water_Level_daily_avg
2024-01-08,429.69250000000005,Water_Level_daily_avg
2024-01-09,429.5229166666666,Water_Level_daily_avg
2024-01-10,429.2845833333333,Water_Level_daily_avg
2024-01-11,429.0370833333333,Water_Level_daily_avg
2024-01-12,428.7658333333333,Water_Level_daily_avg
2024-01-13,428.5308333333333,Water_Level_daily_avg
2024-01-14,428.3475,Water_Level_daily_avg
2024-01-15,428.1858333333333,Water_Level_daily_avg
2024-01-16,427.9558333333334,Water_Level_daily_avg
2024-01-17,427.7133333333333,Water_Level_daily_avg
2024-01-18,427.5195833333333,Water_Level_daily_avg
2024-01-19,427.3258333333333,Water_Level_daily_avg
2024-01-20,427.2104166666666,Water_Level_daily_avg
2024-01-21,427.0833333333333,Water_Level_daily_avg
2024-01-22,426.91625,Water_Level_daily_avg
2024-01-23,426.73083333333335,Water_Level_daily_avg
2024-01-24,426.5241666666666,Water_Level_daily_avg
2024-01-25,426.38166666666666,Water_Level_daily_avg
2024-01-26,426.24375,Water_Level_daily_avg
2024-01-27,426.1304166666666,Water_Level_daily_avg
2024-01-28,425.89625,Water_Level_daily_avg
2024-01-29,425.74708333333336,Water_Level_daily_avg
2024-01-30,425.5233333333333,Water_Level_daily_avg
2024-01-31,425.27125,Water_Level_daily_avg
2024-02-01,425.05625,Water_Level_daily_avg
2024-02-02,424.99708333333336,Water_Level_daily_avg
2024-02-03,425.02625000000006,Water_Level_daily_avg
2024-02-04,424.93875,Water_Level_daily_avg
2024-02-05,424.88958333333335,Water_Level_daily_avg
2024-02-06,442.4245833333334,Water_Level_daily_avg
2024-02-07,424.54125,Water_Level_daily_avg
2024-02-08,424.4029166666666,Water_Level_daily_avg
2024-02-09,424.21791666666667,Water_Level_daily_avg
2024-02-10,424.01125,Water_Level_daily_avg
2024-02-11,423.84375,Water_Level_daily_avg
2024-02-12,423.6583333333333,Water_Level_daily_avg
2024-02-13,423.5437500000001,Water_Level_daily_avg
2024-02-14,423.46,Water_Level_daily_avg
2024-02-15,423.41083333333336,Water_Level_daily_avg
2024-02-16,423.34083333333336,Water_Level_daily_avg
