date,data,cols
2015-01-01,8.48681414397477,Afluente (m3/seg)_daily_avg
2015-01-02,16.998538972075,Afluente (m3/seg)_daily_avg
2015-01-03,0.0,Afluente (m3/seg)_daily_avg
2015-01-04,0.0,Afluente (m3/seg)_daily_avg
2015-01-05,8.51173317810376,Afluente (m3/seg)_daily_avg
2015-01-06,1.81788865931829,Afluente (m3/seg)_daily_avg
2015-01-07,0.389547569853919,Afluente (m3/seg)_daily_avg
2015-01-08,8.52004787332219,Afluente (m3/seg)_daily_avg
2015-01-09,1.80230575695857,Afluente (m3/seg)_daily_avg
2015-01-10,0.0,Afluente (m3/seg)_daily_avg
2015-01-11,0.0,Afluente (m3/seg)_daily_avg
2015-01-12,8.50342265797129,Afluente (m3/seg)_daily_avg
2015-01-13,17.0317810514259,Afluente (m3/seg)_daily_avg
2015-01-14,11.1897670350447,Afluente (m3/seg)_daily_avg
2015-01-15,0.0,Afluente (m3/seg)_daily_avg
2015-01-16,0.0,Afluente (m3/seg)_daily_avg
2015-01-17,0.0,Afluente (m3/seg)_daily_avg
2015-01-18,0.0,Afluente (m3/seg)_daily_avg
2015-01-19,17.0817067961522,Afluente (m3/seg)_daily_avg
2015-01-20,34.263423734181,Afluente (m3/seg)_daily_avg
2015-01-21,17.1817837400778,Afluente (m3/seg)_daily_avg
2015-01-22,17.2152095220318,Afluente (m3/seg)_daily_avg
2015-01-23,8.62014986658458,Afluente (m3/seg)_daily_avg
2015-01-24,8.62851883808886,Afluente (m3/seg)_daily_avg
2015-01-25,8.63689198383697,Afluente (m3/seg)_daily_avg
2015-01-26,14.2393321067938,Afluente (m3/seg)_daily_avg
2015-01-27,21.2924975170065,Afluente (m3/seg)_daily_avg
2015-01-28,12.9794236093461,Afluente (m3/seg)_daily_avg
2015-01-29,0.0,Afluente (m3/seg)_daily_avg
2015-01-30,0.0,Afluente (m3/seg)_daily_avg
2015-01-31,8.48681414397477,Afluente (m3/seg)_daily_avg
2015-02-01,8.49511631410375,Afluente (m3/seg)_daily_avg
2015-02-02,8.50342265797129,Afluente (m3/seg)_daily_avg
2015-02-03,8.51173317810376,Afluente (m3/seg)_daily_avg
2015-02-04,8.52004787332219,Afluente (m3/seg)_daily_avg
2015-02-05,0.0,Afluente (m3/seg)_daily_avg
2015-02-06,0.0,Afluente (m3/seg)_daily_avg
2015-02-07,0.0,Afluente (m3/seg)_daily_avg
2015-02-08,0.0,Afluente (m3/seg)_daily_avg
2015-02-09,8.51173317810376,Afluente (m3/seg)_daily_avg
2015-02-10,0.0,Afluente (m3/seg)_daily_avg
2015-02-11,0.0,Afluente (m3/seg)_daily_avg
2015-02-12,0.0,Afluente (m3/seg)_daily_avg
2015-02-13,0.0,Afluente (m3/seg)_daily_avg
2015-02-14,0.0,Afluente (m3/seg)_daily_avg
2015-02-15,0.0,Afluente (m3/seg)_daily_avg
2015-02-16,0.0,Afluente (m3/seg)_daily_avg
2015-02-17,0.0,Afluente (m3/seg)_daily_avg
2015-02-18,0.0,Afluente (m3/seg)_daily_avg
2015-02-19,0.0,Afluente (m3/seg)_daily_avg
2015-02-20,0.0,Afluente (m3/seg)_daily_avg
2015-02-21,0.0,Afluente (m3/seg)_daily_avg
2015-02-22,0.0,Afluente (m3/seg)_daily_avg
2015-02-23,8.48681414397477,Afluente (m3/seg)_daily_avg
2015-02-24,16.998538972075,Afluente (m3/seg)_daily_avg
2015-02-25,8.51173317810376,Afluente (m3/seg)_daily_avg
2015-02-26,8.52004787332219,Afluente (m3/seg)_daily_avg
2015-02-27,8.5283667431213,Afluente (m3/seg)_daily_avg
2015-02-28,8.53668978800636,Afluente (m3/seg)_daily_avg
2015-03-01,17.0983654110117,Afluente (m3/seg)_daily_avg
2015-03-02,27.1861111499849,Afluente (m3/seg)_daily_avg
2015-03-03,39.1957414310759,Afluente (m3/seg)_daily_avg
2015-03-04,5.6296539895436,Afluente (m3/seg)_daily_avg
2015-03-05,3.80504087232272,Afluente (m3/seg)_daily_avg
2015-03-06,0.0,Afluente (m3/seg)_daily_avg
2015-03-07,6.52532594119605,Afluente (m3/seg)_daily_avg
2015-03-08,8.2478673802042,Afluente (m3/seg)_daily_avg
2015-03-09,1.76493084022479,Afluente (m3/seg)_daily_avg
2015-03-10,0.0,Afluente (m3/seg)_daily_avg
2015-03-11,0.0,Afluente (m3/seg)_daily_avg
2015-03-12,21.0058656261689,Afluente (m3/seg)_daily_avg
2015-03-13,0.0,Afluente (m3/seg)_daily_avg
2015-03-14,7.74879355453272,Afluente (m3/seg)_daily_avg
2015-03-15,15.5213579982619,Afluente (m3/seg)_daily_avg
2015-03-16,14.9923666665729,Afluente (m3/seg)_daily_avg
2015-03-17,22.9371152926493,Afluente (m3/seg)_daily_avg
2015-03-18,7.08412264641603,Afluente (m3/seg)_daily_avg
2015-03-19,0.0,Afluente (m3/seg)_daily_avg
2015-03-20,0.0,Afluente (m3/seg)_daily_avg
2015-03-21,7.4043483964993,Afluente (m3/seg)_daily_avg
2015-03-22,14.8319165724489,Afluente (m3/seg)_daily_avg
2015-03-23,7.851351427640709,Afluente (m3/seg)_daily_avg
2015-03-24,19.6925583151984,Afluente (m3/seg)_daily_avg
2015-03-25,7.36260597367296,Afluente (m3/seg)_daily_avg
2015-03-26,19.2957503689989,Afluente (m3/seg)_daily_avg
2015-03-27,27.4734565523982,Afluente (m3/seg)_daily_avg
2015-03-28,28.3736882279527,Afluente (m3/seg)_daily_avg
2015-03-29,64.0205253937522,Afluente (m3/seg)_daily_avg
2015-03-30,53.5763047662292,Afluente (m3/seg)_daily_avg
2015-03-31,23.3407036936353,Afluente (m3/seg)_daily_avg
2015-04-01,13.6986358352433,Afluente (m3/seg)_daily_avg
2015-04-02,21.5729732107581,Afluente (m3/seg)_daily_avg
2015-04-03,35.2644660637856,Afluente (m3/seg)_daily_avg
2015-04-04,49.687672329768,Afluente (m3/seg)_daily_avg
2015-04-05,42.8851573870075,Afluente (m3/seg)_daily_avg
2015-04-06,27.0400625714453,Afluente (m3/seg)_daily_avg
2015-04-07,0.0,Afluente (m3/seg)_daily_avg
2015-04-08,14.7610999933714,Afluente (m3/seg)_daily_avg
2015-04-09,0.0,Afluente (m3/seg)_daily_avg
2015-04-10,0.0,Afluente (m3/seg)_daily_avg
2015-04-11,29.3338907595138,Afluente (m3/seg)_daily_avg
2015-04-12,33.873660287005,Afluente (m3/seg)_daily_avg
2015-04-13,28.2529747568262,Afluente (m3/seg)_daily_avg
2015-04-14,49.3068890722626,Afluente (m3/seg)_daily_avg
2015-04-15,27.5775780318177,Afluente (m3/seg)_daily_avg
2015-04-16,10.4260034866499,Afluente (m3/seg)_daily_avg
2015-04-17,0.0,Afluente (m3/seg)_daily_avg
2015-04-18,30.9983818282002,Afluente (m3/seg)_daily_avg
2015-04-19,27.4714121626473,Afluente (m3/seg)_daily_avg
2015-04-20,20.1484253708352,Afluente (m3/seg)_daily_avg
2015-04-21,35.477800071289,Afluente (m3/seg)_daily_avg
2015-04-22,0.0,Afluente (m3/seg)_daily_avg
2015-04-23,19.911612326228,Afluente (m3/seg)_daily_avg
2015-04-24,20.3058699924027,Afluente (m3/seg)_daily_avg
2015-04-25,48.3843602606376,Afluente (m3/seg)_daily_avg
2015-04-26,56.9986035098659,Afluente (m3/seg)_daily_avg
2015-04-27,43.5706598083253,Afluente (m3/seg)_daily_avg
2015-04-28,19.1055587968055,Afluente (m3/seg)_daily_avg
2015-04-29,0.49356391992913,Afluente (m3/seg)_daily_avg
2015-04-30,0.0,Afluente (m3/seg)_daily_avg
2015-05-01,40.9584198799469,Afluente (m3/seg)_daily_avg
2015-05-02,65.0430975821547,Afluente (m3/seg)_daily_avg
2015-05-03,59.85525064337099,Afluente (m3/seg)_daily_avg
2015-05-04,64.0081175628388,Afluente (m3/seg)_daily_avg
2015-05-05,67.4128588459805,Afluente (m3/seg)_daily_avg
2015-05-06,55.7890659879208,Afluente (m3/seg)_daily_avg
2015-05-07,50.0712657518913,Afluente (m3/seg)_daily_avg
2015-05-08,36.1978268104196,Afluente (m3/seg)_daily_avg
2015-05-09,43.8868318346303,Afluente (m3/seg)_daily_avg
2015-05-10,63.30037224702041,Afluente (m3/seg)_daily_avg
2015-05-11,0.915240989980475,Afluente (m3/seg)_daily_avg
2015-05-12,0.0,Afluente (m3/seg)_daily_avg
2015-05-13,0.0,Afluente (m3/seg)_daily_avg
2015-05-14,46.4542970044696,Afluente (m3/seg)_daily_avg
2015-05-15,61.6102115503389,Afluente (m3/seg)_daily_avg
2015-05-16,59.3712735541077,Afluente (m3/seg)_daily_avg
2015-05-17,53.0860574386571,Afluente (m3/seg)_daily_avg
2015-05-18,54.3625608781553,Afluente (m3/seg)_daily_avg
2015-05-19,43.6090375489064,Afluente (m3/seg)_daily_avg
2015-05-20,35.2482049097003,Afluente (m3/seg)_daily_avg
2015-05-21,61.2493150192171,Afluente (m3/seg)_daily_avg
2015-05-22,137.229969221961,Afluente (m3/seg)_daily_avg
2015-05-23,108.400904167849,Afluente (m3/seg)_daily_avg
2015-05-24,98.0111958651487,Afluente (m3/seg)_daily_avg
2015-05-25,56.0388045688707,Afluente (m3/seg)_daily_avg
2015-05-26,0.0,Afluente (m3/seg)_daily_avg
2015-05-27,0.0,Afluente (m3/seg)_daily_avg
2015-05-28,53.8879369123145,Afluente (m3/seg)_daily_avg
2015-05-29,109.311211751221,Afluente (m3/seg)_daily_avg
2015-05-30,125.333796090588,Afluente (m3/seg)_daily_avg
2015-05-31,97.4375504746939,Afluente (m3/seg)_daily_avg
2015-06-01,116.924047277858,Afluente (m3/seg)_daily_avg
2015-06-02,101.213512955167,Afluente (m3/seg)_daily_avg
2015-06-03,127.889137008879,Afluente (m3/seg)_daily_avg
2015-06-04,108.891068799763,Afluente (m3/seg)_daily_avg
2015-06-05,76.6171990061826,Afluente (m3/seg)_daily_avg
2015-06-06,125.548259668365,Afluente (m3/seg)_daily_avg
2015-06-07,92.1883342519814,Afluente (m3/seg)_daily_avg
2015-06-08,36.8451575554662,Afluente (m3/seg)_daily_avg
2015-06-09,47.6438692506848,Afluente (m3/seg)_daily_avg
2015-06-10,86.7180540241749,Afluente (m3/seg)_daily_avg
2015-06-11,38.1609079409211,Afluente (m3/seg)_daily_avg
2015-06-12,19.1018851901744,Afluente (m3/seg)_daily_avg
2015-06-13,72.1834692356905,Afluente (m3/seg)_daily_avg
2015-06-14,68.8486698085926,Afluente (m3/seg)_daily_avg
2015-06-15,19.0981302620618,Afluente (m3/seg)_daily_avg
2015-06-16,0.0,Afluente (m3/seg)_daily_avg
2015-06-17,58.4278058701744,Afluente (m3/seg)_daily_avg
2015-06-18,72.0390386027339,Afluente (m3/seg)_daily_avg
2015-06-19,86.9823175636996,Afluente (m3/seg)_daily_avg
2015-06-20,74.3432236287878,Afluente (m3/seg)_daily_avg
2015-06-21,69.0432564718961,Afluente (m3/seg)_daily_avg
2015-06-22,76.3033305389837,Afluente (m3/seg)_daily_avg
2015-06-23,69.4121757197554,Afluente (m3/seg)_daily_avg
2015-06-24,35.3015059699945,Afluente (m3/seg)_daily_avg
2015-06-25,52.9630216145556,Afluente (m3/seg)_daily_avg
2015-06-26,32.4413950849261,Afluente (m3/seg)_daily_avg
2015-06-27,60.54975165837021,Afluente (m3/seg)_daily_avg
2015-06-28,64.8075397085719,Afluente (m3/seg)_daily_avg
2015-06-29,65.5317098608908,Afluente (m3/seg)_daily_avg
2015-06-30,66.2600550843443,Afluente (m3/seg)_daily_avg
2015-07-01,0.0,Afluente (m3/seg)_daily_avg
2015-07-02,51.1092003475904,Afluente (m3/seg)_daily_avg
2015-07-03,64.6632066871933,Afluente (m3/seg)_daily_avg
2015-07-04,65.3865418241737,Afluente (m3/seg)_daily_avg
2015-07-05,79.4245310725341,Afluente (m3/seg)_daily_avg
2015-07-06,87.2338136234787,Afluente (m3/seg)_daily_avg
2015-07-07,95.3390915164905,Afluente (m3/seg)_daily_avg
2015-07-08,71.5028419424131,Afluente (m3/seg)_daily_avg
2015-07-09,77.668142530651,Afluente (m3/seg)_daily_avg
2015-07-10,90.9050572546996,Afluente (m3/seg)_daily_avg
2015-07-11,99.3227238657508,Afluente (m3/seg)_daily_avg
2015-07-12,217.862849043892,Afluente (m3/seg)_daily_avg
2015-07-13,339.860096838088,Afluente (m3/seg)_daily_avg
2015-07-14,179.867724595405,Afluente (m3/seg)_daily_avg
2015-07-15,73.9889296484806,Afluente (m3/seg)_daily_avg
2015-07-16,64.85872155172,Afluente (m3/seg)_daily_avg
2015-07-17,57.80884789666069,Afluente (m3/seg)_daily_avg
2015-07-18,81.0728964160143,Afluente (m3/seg)_daily_avg
2015-07-19,61.56110786547859,Afluente (m3/seg)_daily_avg
2015-07-20,94.8377903524617,Afluente (m3/seg)_daily_avg
2015-07-21,62.1966432184315,Afluente (m3/seg)_daily_avg
2015-07-22,42.8083917922168,Afluente (m3/seg)_daily_avg
2015-07-23,85.7705402279828,Afluente (m3/seg)_daily_avg
2015-07-24,86.8680553826885,Afluente (m3/seg)_daily_avg
2015-07-25,69.3588206380994,Afluente (m3/seg)_daily_avg
2015-07-26,86.275200819064,Afluente (m3/seg)_daily_avg
2015-07-27,88.8989042195371,Afluente (m3/seg)_daily_avg
2015-07-28,97.5689550219377,Afluente (m3/seg)_daily_avg
2015-07-29,106.552098083773,Afluente (m3/seg)_daily_avg
2015-07-30,108.095855308016,Afluente (m3/seg)_daily_avg
2015-07-31,165.063388625034,Afluente (m3/seg)_daily_avg
2015-08-01,191.569318566675,Afluente (m3/seg)_daily_avg
2015-08-02,161.645356596923,Afluente (m3/seg)_daily_avg
2015-08-03,241.594892932382,Afluente (m3/seg)_daily_avg
2015-08-04,166.100546391174,Afluente (m3/seg)_daily_avg
2015-08-05,127.934249040623,Afluente (m3/seg)_daily_avg
2015-08-06,378.741924768158,Afluente (m3/seg)_daily_avg
2015-08-07,1476.52573237714,Afluente (m3/seg)_daily_avg
2015-08-08,860.993869509688,Afluente (m3/seg)_daily_avg
2015-08-09,676.074747253978,Afluente (m3/seg)_daily_avg
2015-08-10,589.457749346948,Afluente (m3/seg)_daily_avg
2015-08-11,430.19952600238,Afluente (m3/seg)_daily_avg
2015-08-12,394.4864809519431,Afluente (m3/seg)_daily_avg
2015-08-13,304.928352570538,Afluente (m3/seg)_daily_avg
2015-08-14,220.800056859471,Afluente (m3/seg)_daily_avg
2015-08-15,188.96613498482,Afluente (m3/seg)_daily_avg
2015-08-16,209.159597867287,Afluente (m3/seg)_daily_avg
2015-08-17,198.979233267,Afluente (m3/seg)_daily_avg
2015-08-18,185.888009665335,Afluente (m3/seg)_daily_avg
2015-08-19,207.325628871168,Afluente (m3/seg)_daily_avg
2015-08-20,260.756644943236,Afluente (m3/seg)_daily_avg
2015-08-21,210.358098533792,Afluente (m3/seg)_daily_avg
2015-08-22,280.126694702217,Afluente (m3/seg)_daily_avg
2015-08-23,258.206366047592,Afluente (m3/seg)_daily_avg
2015-08-24,260.400953328003,Afluente (m3/seg)_daily_avg
2015-08-25,229.577629562493,Afluente (m3/seg)_daily_avg
2015-08-26,229.954715667955,Afluente (m3/seg)_daily_avg
2015-08-27,193.621380871298,Afluente (m3/seg)_daily_avg
2015-08-28,246.25106133813,Afluente (m3/seg)_daily_avg
2015-08-29,252.40386343891,Afluente (m3/seg)_daily_avg
2015-08-30,175.447099427402,Afluente (m3/seg)_daily_avg
2015-08-31,187.717458872814,Afluente (m3/seg)_daily_avg
2015-09-01,196.360634187527,Afluente (m3/seg)_daily_avg
2015-09-02,158.417615752083,Afluente (m3/seg)_daily_avg
2015-09-03,199.330358735607,Afluente (m3/seg)_daily_avg
2015-09-04,176.883928265627,Afluente (m3/seg)_daily_avg
2015-09-05,210.333466268654,Afluente (m3/seg)_daily_avg
2015-09-06,177.259420410273,Afluente (m3/seg)_daily_avg
2015-09-07,198.15238407929,Afluente (m3/seg)_daily_avg
2015-09-08,192.063626145762,Afluente (m3/seg)_daily_avg
2015-09-09,155.192723571909,Afluente (m3/seg)_daily_avg
2015-09-10,139.541704491661,Afluente (m3/seg)_daily_avg
2015-09-11,156.461394902089,Afluente (m3/seg)_daily_avg
2015-09-12,119.172043153607,Afluente (m3/seg)_daily_avg
2015-09-13,120.044639368468,Afluente (m3/seg)_daily_avg
2015-09-14,77.3728610933271,Afluente (m3/seg)_daily_avg
2015-09-15,105.67458569074,Afluente (m3/seg)_daily_avg
2015-09-16,107.967029418583,Afluente (m3/seg)_daily_avg
2015-09-17,137.029938516885,Afluente (m3/seg)_daily_avg
2015-09-18,106.056341845673,Afluente (m3/seg)_daily_avg
2015-09-19,165.859689328264,Afluente (m3/seg)_daily_avg
2015-09-20,134.963734441715,Afluente (m3/seg)_daily_avg
2015-09-21,93.3694335353608,Afluente (m3/seg)_daily_avg
2015-09-22,90.1194587834407,Afluente (m3/seg)_daily_avg
2015-09-23,104.05104449832,Afluente (m3/seg)_daily_avg
2015-09-24,47.0005434780263,Afluente (m3/seg)_daily_avg
2015-09-25,141.3292131026,Afluente (m3/seg)_daily_avg
2015-09-26,177.876276331214,Afluente (m3/seg)_daily_avg
2015-09-27,96.9720676987949,Afluente (m3/seg)_daily_avg
2015-09-28,104.398182414924,Afluente (m3/seg)_daily_avg
2015-09-29,105.612332364149,Afluente (m3/seg)_daily_avg
2015-09-30,115.791862090359,Afluente (m3/seg)_daily_avg
2015-10-01,114.946030279378,Afluente (m3/seg)_daily_avg
2015-10-02,168.144698643073,Afluente (m3/seg)_daily_avg
2015-10-03,138.761060619341,Afluente (m3/seg)_daily_avg
2015-10-04,169.767380082545,Afluente (m3/seg)_daily_avg
2015-10-05,166.926403188435,Afluente (m3/seg)_daily_avg
2015-10-06,175.919792694461,Afluente (m3/seg)_daily_avg
2015-10-07,161.927781517263,Afluente (m3/seg)_daily_avg
2015-10-08,199.877518185686,Afluente (m3/seg)_daily_avg
2015-10-09,179.094324950214,Afluente (m3/seg)_daily_avg
2015-10-10,195.710223684396,Afluente (m3/seg)_daily_avg
2015-10-11,161.781082639233,Afluente (m3/seg)_daily_avg
2015-10-12,127.936647049659,Afluente (m3/seg)_daily_avg
2015-10-13,169.061216315465,Afluente (m3/seg)_daily_avg
2015-10-14,148.626842604256,Afluente (m3/seg)_daily_avg
2015-10-15,291.3115837774029,Afluente (m3/seg)_daily_avg
2015-10-16,285.124430976826,Afluente (m3/seg)_daily_avg
2015-10-17,219.912973438553,Afluente (m3/seg)_daily_avg
2015-10-18,243.383003251175,Afluente (m3/seg)_daily_avg
2015-10-19,218.148009291547,Afluente (m3/seg)_daily_avg
2015-10-20,248.997421154403,Afluente (m3/seg)_daily_avg
2015-10-21,322.415683252183,Afluente (m3/seg)_daily_avg
2015-10-22,212.292155231683,Afluente (m3/seg)_daily_avg
2015-10-23,181.674985844337,Afluente (m3/seg)_daily_avg
2015-10-24,216.169193705992,Afluente (m3/seg)_daily_avg
2015-10-25,225.322124366497,Afluente (m3/seg)_daily_avg
2015-10-26,192.482765094239,Afluente (m3/seg)_daily_avg
2015-10-27,198.228379417594,Afluente (m3/seg)_daily_avg
2015-10-28,190.558859146434,Afluente (m3/seg)_daily_avg
2015-10-29,213.475461754699,Afluente (m3/seg)_daily_avg
2015-10-30,169.528128315679,Afluente (m3/seg)_daily_avg
2015-10-31,200.832143966366,Afluente (m3/seg)_daily_avg
2015-11-01,172.809059597901,Afluente (m3/seg)_daily_avg
2015-11-02,197.487163991963,Afluente (m3/seg)_daily_avg
2015-11-03,118.987722737669,Afluente (m3/seg)_daily_avg
2015-11-04,145.324567247151,Afluente (m3/seg)_daily_avg
2015-11-05,204.069493294254,Afluente (m3/seg)_daily_avg
2015-11-06,211.134276270247,Afluente (m3/seg)_daily_avg
2015-11-07,196.224101682016,Afluente (m3/seg)_daily_avg
2015-11-08,208.798168460412,Afluente (m3/seg)_daily_avg
2015-11-09,174.522044821956,Afluente (m3/seg)_daily_avg
2015-11-10,172.963280033528,Afluente (m3/seg)_daily_avg
2015-11-11,131.211798991418,Afluente (m3/seg)_daily_avg
2015-11-12,178.222051060913,Afluente (m3/seg)_daily_avg
2015-11-13,174.625881820929,Afluente (m3/seg)_daily_avg
2015-11-14,199.720417360025,Afluente (m3/seg)_daily_avg
2015-11-15,197.130053805712,Afluente (m3/seg)_daily_avg
2015-11-16,231.724902101399,Afluente (m3/seg)_daily_avg
2015-11-17,241.491381024969,Afluente (m3/seg)_daily_avg
2015-11-18,196.42459059531,Afluente (m3/seg)_daily_avg
2015-11-19,194.874792379102,Afluente (m3/seg)_daily_avg
2015-11-20,123.975996263399,Afluente (m3/seg)_daily_avg
2015-11-21,141.206289119463,Afluente (m3/seg)_daily_avg
2015-11-22,107.323778992166,Afluente (m3/seg)_daily_avg
2015-11-23,129.95909273039,Afluente (m3/seg)_daily_avg
2015-11-24,137.280134576223,Afluente (m3/seg)_daily_avg
2015-11-25,134.805880929913,Afluente (m3/seg)_daily_avg
2015-11-26,76.4787194668126,Afluente (m3/seg)_daily_avg
2015-11-27,121.550475639555,Afluente (m3/seg)_daily_avg
2015-11-28,93.7941978301195,Afluente (m3/seg)_daily_avg
2015-11-29,83.7731869347389,Afluente (m3/seg)_daily_avg
2015-11-30,147.010606241114,Afluente (m3/seg)_daily_avg
2015-12-01,141.802627363563,Afluente (m3/seg)_daily_avg
2015-12-02,184.629144639092,Afluente (m3/seg)_daily_avg
2015-12-03,194.990615660588,Afluente (m3/seg)_daily_avg
2015-12-04,158.687006625266,Afluente (m3/seg)_daily_avg
2015-12-05,156.163598423378,Afluente (m3/seg)_daily_avg
2015-12-06,165.079046724096,Afluente (m3/seg)_daily_avg
2015-12-07,209.052672695069,Afluente (m3/seg)_daily_avg
2015-12-08,264.083997415197,Afluente (m3/seg)_daily_avg
2015-12-09,256.858765562881,Afluente (m3/seg)_daily_avg
2015-12-10,208.228671243395,Afluente (m3/seg)_daily_avg
2015-12-11,148.909988293813,Afluente (m3/seg)_daily_avg
2015-12-12,247.330738350498,Afluente (m3/seg)_daily_avg
2015-12-13,226.83000774837,Afluente (m3/seg)_daily_avg
2015-12-14,209.635983353227,Afluente (m3/seg)_daily_avg
2015-12-15,179.643125077855,Afluente (m3/seg)_daily_avg
2015-12-16,148.742870849378,Afluente (m3/seg)_daily_avg
2015-12-17,150.976472275211,Afluente (m3/seg)_daily_avg
2015-12-18,169.941181926204,Afluente (m3/seg)_daily_avg
2015-12-19,73.1778354845969,Afluente (m3/seg)_daily_avg
2015-12-20,139.558873346708,Afluente (m3/seg)_daily_avg
2015-12-21,175.852353426038,Afluente (m3/seg)_daily_avg
2015-12-22,113.891549074575,Afluente (m3/seg)_daily_avg
2015-12-23,109.682041972547,Afluente (m3/seg)_daily_avg
2015-12-24,67.9578123184633,Afluente (m3/seg)_daily_avg
2015-12-25,99.5351476101677,Afluente (m3/seg)_daily_avg
2015-12-26,155.666594082043,Afluente (m3/seg)_daily_avg
2015-12-27,171.248736816372,Afluente (m3/seg)_daily_avg
2015-12-28,157.64519379486,Afluente (m3/seg)_daily_avg
2015-12-29,145.944985435577,Afluente (m3/seg)_daily_avg
2015-12-30,169.176218700853,Afluente (m3/seg)_daily_avg
2015-12-31,162.569700766929,Afluente (m3/seg)_daily_avg
2016-01-01,200.969106548891,Afluente (m3/seg)_daily_avg
2016-01-02,179.313447352546,Afluente (m3/seg)_daily_avg
2016-01-03,179.247434288265,Afluente (m3/seg)_daily_avg
2016-01-04,142.760109968972,Afluente (m3/seg)_daily_avg
2016-01-05,89.0973193759193,Afluente (m3/seg)_daily_avg
2016-01-06,58.62724319214159,Afluente (m3/seg)_daily_avg
2016-01-07,62.3645221918031,Afluente (m3/seg)_daily_avg
2016-01-08,69.628767661298,Afluente (m3/seg)_daily_avg
2016-01-09,72.0887218959851,Afluente (m3/seg)_daily_avg
2016-01-10,68.2870139990311,Afluente (m3/seg)_daily_avg
2016-01-11,86.3272211107094,Afluente (m3/seg)_daily_avg
2016-01-12,95.9296134135878,Afluente (m3/seg)_daily_avg
2016-01-13,52.8241618600827,Afluente (m3/seg)_daily_avg
2016-01-14,52.8454423941909,Afluente (m3/seg)_daily_avg
2016-01-15,75.2174992202334,Afluente (m3/seg)_daily_avg
2016-01-16,69.3308714554494,Afluente (m3/seg)_daily_avg
2016-01-17,55.4760499918667,Afluente (m3/seg)_daily_avg
2016-01-18,43.8889846178369,Afluente (m3/seg)_daily_avg
2016-01-19,68.7804204672204,Afluente (m3/seg)_daily_avg
2016-01-20,82.4595050510003,Afluente (m3/seg)_daily_avg
2016-01-21,100.94020221546,Afluente (m3/seg)_daily_avg
2016-01-22,85.1843791568333,Afluente (m3/seg)_daily_avg
2016-01-23,115.655892493031,Afluente (m3/seg)_daily_avg
2016-01-24,175.1768236599,Afluente (m3/seg)_daily_avg
2016-01-25,188.886008075572,Afluente (m3/seg)_daily_avg
2016-01-26,84.2871433655725,Afluente (m3/seg)_daily_avg
2016-01-27,84.5263497808566,Afluente (m3/seg)_daily_avg
2016-01-28,73.5148596444491,Afluente (m3/seg)_daily_avg
2016-01-29,51.6937502236254,Afluente (m3/seg)_daily_avg
2016-01-30,20.9611716928131,Afluente (m3/seg)_daily_avg
2016-01-31,32.514520137244,Afluente (m3/seg)_daily_avg
2016-02-01,29.2133606460836,Afluente (m3/seg)_daily_avg
2016-02-02,35.9553088440574,Afluente (m3/seg)_daily_avg
2016-02-03,45.599351183568,Afluente (m3/seg)_daily_avg
2016-02-04,25.0987563081757,Afluente (m3/seg)_daily_avg
2016-02-05,60.0775634326912,Afluente (m3/seg)_daily_avg
2016-02-06,23.8455194076308,Afluente (m3/seg)_daily_avg
2016-02-07,25.8102775273141,Afluente (m3/seg)_daily_avg
2016-02-08,51.846517265538,Afluente (m3/seg)_daily_avg
2016-02-09,59.1723892956945,Afluente (m3/seg)_daily_avg
2016-02-10,24.1085619037722,Afluente (m3/seg)_daily_avg
2016-02-11,28.6186935771249,Afluente (m3/seg)_daily_avg
2016-02-12,29.3628716291273,Afluente (m3/seg)_daily_avg
2016-02-13,35.0103262803513,Afluente (m3/seg)_daily_avg
2016-02-14,34.4304273938987,Afluente (m3/seg)_daily_avg
2016-02-15,32.079883855816,Afluente (m3/seg)_daily_avg
2016-02-16,34.0968375825536,Afluente (m3/seg)_daily_avg
2016-02-17,34.4719536628151,Afluente (m3/seg)_daily_avg
2016-02-18,21.8627288497683,Afluente (m3/seg)_daily_avg
2016-02-19,17.0883975806149,Afluente (m3/seg)_daily_avg
2016-02-20,18.102538222191,Afluente (m3/seg)_daily_avg
2016-02-21,25.6899887207143,Afluente (m3/seg)_daily_avg
2016-02-22,19.7938914163568,Afluente (m3/seg)_daily_avg
2016-02-23,31.534681494006,Afluente (m3/seg)_daily_avg
2016-02-24,49.1466191847877,Afluente (m3/seg)_daily_avg
2016-02-25,27.524080178294,Afluente (m3/seg)_daily_avg
2016-02-26,26.1444757534126,Afluente (m3/seg)_daily_avg
2016-02-27,25.4853531160498,Afluente (m3/seg)_daily_avg
2016-02-28,30.8607197812401,Afluente (m3/seg)_daily_avg
2016-02-29,30.1860944601714,Afluente (m3/seg)_daily_avg
2016-03-01,27.6545189832787,Afluente (m3/seg)_daily_avg
2016-03-02,15.3807072395113,Afluente (m3/seg)_daily_avg
2016-03-03,14.835824068451,Afluente (m3/seg)_daily_avg
2016-03-04,20.4274009179361,Afluente (m3/seg)_daily_avg
2016-03-05,16.5039158533815,Afluente (m3/seg)_daily_avg
2016-03-06,20.3167671461851,Afluente (m3/seg)_daily_avg
2016-03-07,35.9537369888717,Afluente (m3/seg)_daily_avg
2016-03-08,41.520371289689,Afluente (m3/seg)_daily_avg
2016-03-09,28.6385272469604,Afluente (m3/seg)_daily_avg
2016-03-10,14.4167432915966,Afluente (m3/seg)_daily_avg
2016-03-11,20.6201104231844,Afluente (m3/seg)_daily_avg
2016-03-12,18.694548728835,Afluente (m3/seg)_daily_avg
2016-03-13,23.6042007027545,Afluente (m3/seg)_daily_avg
2016-03-14,31.6386184126934,Afluente (m3/seg)_daily_avg
2016-03-15,54.2515286487636,Afluente (m3/seg)_daily_avg
2016-03-16,22.8163311862974,Afluente (m3/seg)_daily_avg
2016-03-17,48.3354498185438,Afluente (m3/seg)_daily_avg
2016-03-18,26.4961049521594,Afluente (m3/seg)_daily_avg
2016-03-19,35.7419701094482,Afluente (m3/seg)_daily_avg
2016-03-20,36.3017872397625,Afluente (m3/seg)_daily_avg
2016-03-21,53.6753329341366,Afluente (m3/seg)_daily_avg
2016-03-22,23.7811494869214,Afluente (m3/seg)_daily_avg
2016-03-23,19.1425906787066,Afluente (m3/seg)_daily_avg
2016-03-24,16.5209751414449,Afluente (m3/seg)_daily_avg
2016-03-25,25.7326038026252,Afluente (m3/seg)_daily_avg
2016-03-26,55.4781427239133,Afluente (m3/seg)_daily_avg
2016-03-27,53.3882019433646,Afluente (m3/seg)_daily_avg
2016-03-28,22.6185492482525,Afluente (m3/seg)_daily_avg
2016-03-29,13.4088901746064,Afluente (m3/seg)_daily_avg
2016-03-30,24.8982643411686,Afluente (m3/seg)_daily_avg
2016-03-31,19.0977642771215,Afluente (m3/seg)_daily_avg
2016-04-01,47.6328159549655,Afluente (m3/seg)_daily_avg
2016-04-02,51.7963225883221,Afluente (m3/seg)_daily_avg
2016-04-03,46.0356306599831,Afluente (m3/seg)_daily_avg
2016-04-04,48.9922972803886,Afluente (m3/seg)_daily_avg
2016-04-05,23.2522436263438,Afluente (m3/seg)_daily_avg
2016-04-06,22.3621671119582,Afluente (m3/seg)_daily_avg
2016-04-07,21.184772326377,Afluente (m3/seg)_daily_avg
2016-04-08,42.5014519268154,Afluente (m3/seg)_daily_avg
2016-04-09,59.3385750148122,Afluente (m3/seg)_daily_avg
2016-04-10,50.8930498857068,Afluente (m3/seg)_daily_avg
2016-04-11,36.1403629652617,Afluente (m3/seg)_daily_avg
2016-04-12,35.6746549497897,Afluente (m3/seg)_daily_avg
2016-04-13,17.4129710970144,Afluente (m3/seg)_daily_avg
2016-04-14,47.6713420839725,Afluente (m3/seg)_daily_avg
2016-04-15,448.891997318411,Afluente (m3/seg)_daily_avg
2016-04-16,1751.16457803114,Afluente (m3/seg)_daily_avg
2016-04-17,1413.96183868686,Afluente (m3/seg)_daily_avg
2016-04-18,828.7545958840439,Afluente (m3/seg)_daily_avg
2016-04-19,566.568729740524,Afluente (m3/seg)_daily_avg
2016-04-20,410.8881812194459,Afluente (m3/seg)_daily_avg
2016-04-21,313.00285132808,Afluente (m3/seg)_daily_avg
2016-04-22,238.535096725994,Afluente (m3/seg)_daily_avg
2016-04-23,245.465660691334,Afluente (m3/seg)_daily_avg
2016-04-24,757.183512154091,Afluente (m3/seg)_daily_avg
2016-04-25,503.550303385522,Afluente (m3/seg)_daily_avg
2016-04-26,411.697691606088,Afluente (m3/seg)_daily_avg
2016-04-27,219.732855969624,Afluente (m3/seg)_daily_avg
2016-04-28,248.991848166565,Afluente (m3/seg)_daily_avg
2016-04-29,171.158272760597,Afluente (m3/seg)_daily_avg
2016-04-30,368.381172694715,Afluente (m3/seg)_daily_avg
2016-05-01,356.51443275782,Afluente (m3/seg)_daily_avg
2016-05-02,318.504216723297,Afluente (m3/seg)_daily_avg
2016-05-03,335.1737283085831,Afluente (m3/seg)_daily_avg
2016-05-04,289.9135781987881,Afluente (m3/seg)_daily_avg
2016-05-05,297.674064889502,Afluente (m3/seg)_daily_avg
2016-05-06,258.708389371497,Afluente (m3/seg)_daily_avg
2016-05-07,287.023073821232,Afluente (m3/seg)_daily_avg
2016-05-08,212.355092048281,Afluente (m3/seg)_daily_avg
2016-05-09,189.480693211483,Afluente (m3/seg)_daily_avg
2016-05-10,195.964608483724,Afluente (m3/seg)_daily_avg
2016-05-11,182.989153475085,Afluente (m3/seg)_daily_avg
2016-05-12,171.738043088649,Afluente (m3/seg)_daily_avg
2016-05-13,172.682209811177,Afluente (m3/seg)_daily_avg
2016-05-14,239.941948989894,Afluente (m3/seg)_daily_avg
2016-05-15,263.064019561944,Afluente (m3/seg)_daily_avg
2016-05-16,212.836723446175,Afluente (m3/seg)_daily_avg
2016-05-17,164.688159928724,Afluente (m3/seg)_daily_avg
2016-05-18,165.432681140979,Afluente (m3/seg)_daily_avg
2016-05-19,147.442293675958,Afluente (m3/seg)_daily_avg
2016-05-20,185.95909719726,Afluente (m3/seg)_daily_avg
2016-05-21,238.095397893091,Afluente (m3/seg)_daily_avg
2016-05-22,219.354937038449,Afluente (m3/seg)_daily_avg
2016-05-23,112.227027499006,Afluente (m3/seg)_daily_avg
2016-05-24,74.5320030104686,Afluente (m3/seg)_daily_avg
2016-05-25,107.500691337778,Afluente (m3/seg)_daily_avg
2016-05-26,115.310427328792,Afluente (m3/seg)_daily_avg
2016-05-27,156.834469318065,Afluente (m3/seg)_daily_avg
2016-05-28,290.8599975117091,Afluente (m3/seg)_daily_avg
2016-05-29,189.706890869928,Afluente (m3/seg)_daily_avg
2016-05-30,249.559135325213,Afluente (m3/seg)_daily_avg
2016-05-31,221.481429199704,Afluente (m3/seg)_daily_avg
2016-06-01,195.543301236244,Afluente (m3/seg)_daily_avg
2016-06-02,157.147984205081,Afluente (m3/seg)_daily_avg
2016-06-03,153.415118561814,Afluente (m3/seg)_daily_avg
2016-06-04,209.850167223289,Afluente (m3/seg)_daily_avg
2016-06-05,265.452538346401,Afluente (m3/seg)_daily_avg
2016-06-06,146.141034164571,Afluente (m3/seg)_daily_avg
2016-06-07,134.9279881964,Afluente (m3/seg)_daily_avg
2016-06-08,66.4363021292804,Afluente (m3/seg)_daily_avg
2016-06-09,191.314385518266,Afluente (m3/seg)_daily_avg
2016-06-10,220.503900974707,Afluente (m3/seg)_daily_avg
2016-06-11,151.182854306918,Afluente (m3/seg)_daily_avg
2016-06-12,203.705063093628,Afluente (m3/seg)_daily_avg
2016-06-13,254.301417503552,Afluente (m3/seg)_daily_avg
2016-06-14,385.521073954742,Afluente (m3/seg)_daily_avg
2016-06-15,370.545181411179,Afluente (m3/seg)_daily_avg
2016-06-16,244.853567200158,Afluente (m3/seg)_daily_avg
2016-06-17,219.005532380933,Afluente (m3/seg)_daily_avg
2016-06-18,188.156325248791,Afluente (m3/seg)_daily_avg
2016-06-19,213.456913741311,Afluente (m3/seg)_daily_avg
2016-06-20,152.217596712319,Afluente (m3/seg)_daily_avg
2016-06-21,155.915712551139,Afluente (m3/seg)_daily_avg
2016-06-22,154.65745171457,Afluente (m3/seg)_daily_avg
2016-06-23,229.920196130395,Afluente (m3/seg)_daily_avg
2016-06-24,244.298816248665,Afluente (m3/seg)_daily_avg
2016-06-25,243.970811731644,Afluente (m3/seg)_daily_avg
2016-06-26,211.093179170078,Afluente (m3/seg)_daily_avg
2016-06-27,203.801567466575,Afluente (m3/seg)_daily_avg
2016-06-28,187.122585055197,Afluente (m3/seg)_daily_avg
2016-06-29,173.161095073987,Afluente (m3/seg)_daily_avg
2016-06-30,186.994231359125,Afluente (m3/seg)_daily_avg
2016-07-01,201.483783381408,Afluente (m3/seg)_daily_avg
2016-07-02,191.882093077662,Afluente (m3/seg)_daily_avg
2016-07-03,140.158132953363,Afluente (m3/seg)_daily_avg
2016-07-04,129.422258995212,Afluente (m3/seg)_daily_avg
2016-07-05,135.181559844585,Afluente (m3/seg)_daily_avg
2016-07-06,141.595827571084,Afluente (m3/seg)_daily_avg
2016-07-07,100.986229930552,Afluente (m3/seg)_daily_avg
2016-07-08,84.9626682279175,Afluente (m3/seg)_daily_avg
2016-07-09,100.354303969574,Afluente (m3/seg)_daily_avg
2016-07-10,143.994060784813,Afluente (m3/seg)_daily_avg
2016-07-11,152.536605517641,Afluente (m3/seg)_daily_avg
2016-07-12,156.182157653691,Afluente (m3/seg)_daily_avg
2016-07-13,240.16625386314,Afluente (m3/seg)_daily_avg
2016-07-14,684.537887734955,Afluente (m3/seg)_daily_avg
2016-07-15,478.285252437492,Afluente (m3/seg)_daily_avg
2016-07-16,356.508103540265,Afluente (m3/seg)_daily_avg
2016-07-17,192.731924746761,Afluente (m3/seg)_daily_avg
2016-07-18,159.192329818543,Afluente (m3/seg)_daily_avg
2016-07-19,174.412175497106,Afluente (m3/seg)_daily_avg
2016-07-20,168.545281567494,Afluente (m3/seg)_daily_avg
2016-07-21,308.4257534410839,Afluente (m3/seg)_daily_avg
2016-07-22,296.408954528297,Afluente (m3/seg)_daily_avg
2016-07-23,286.813755948391,Afluente (m3/seg)_daily_avg
2016-07-24,330.691937032944,Afluente (m3/seg)_daily_avg
2016-07-25,616.460257071883,Afluente (m3/seg)_daily_avg
2016-07-26,670.745347844365,Afluente (m3/seg)_daily_avg
2016-07-27,376.275874045542,Afluente (m3/seg)_daily_avg
2016-07-28,297.393149859392,Afluente (m3/seg)_daily_avg
2016-07-29,208.051037112667,Afluente (m3/seg)_daily_avg
2016-07-30,217.798881437293,Afluente (m3/seg)_daily_avg
2016-07-31,184.932567206453,Afluente (m3/seg)_daily_avg
2016-08-01,212.049881849512,Afluente (m3/seg)_daily_avg
2016-08-02,266.613880150021,Afluente (m3/seg)_daily_avg
2016-08-03,218.931073985636,Afluente (m3/seg)_daily_avg
2016-08-04,215.830597144963,Afluente (m3/seg)_daily_avg
2016-08-05,166.214348758397,Afluente (m3/seg)_daily_avg
2016-08-06,226.881531029933,Afluente (m3/seg)_daily_avg
2016-08-07,253.27223866071,Afluente (m3/seg)_daily_avg
2016-08-08,185.382246557568,Afluente (m3/seg)_daily_avg
2016-08-09,63.9078316510566,Afluente (m3/seg)_daily_avg
2016-08-10,18.2660076176444,Afluente (m3/seg)_daily_avg
2016-08-11,285.988171703009,Afluente (m3/seg)_daily_avg
2016-08-12,196.672510245562,Afluente (m3/seg)_daily_avg
2016-08-13,229.568998542626,Afluente (m3/seg)_daily_avg
2016-08-14,202.843930500618,Afluente (m3/seg)_daily_avg
2016-08-15,179.519213364336,Afluente (m3/seg)_daily_avg
2016-08-16,268.760064704009,Afluente (m3/seg)_daily_avg
2016-08-17,249.489127964249,Afluente (m3/seg)_daily_avg
2016-08-18,186.63935236014,Afluente (m3/seg)_daily_avg
2016-08-19,172.852843229936,Afluente (m3/seg)_daily_avg
2016-08-20,161.25862536693,Afluente (m3/seg)_daily_avg
2016-08-21,154.117911781071,Afluente (m3/seg)_daily_avg
2016-08-22,104.191222088281,Afluente (m3/seg)_daily_avg
2016-08-23,57.5574195520512,Afluente (m3/seg)_daily_avg
2016-08-24,176.524581018777,Afluente (m3/seg)_daily_avg
2016-08-25,197.153657935677,Afluente (m3/seg)_daily_avg
2016-08-26,114.337350344616,Afluente (m3/seg)_daily_avg
2016-08-27,126.715194580869,Afluente (m3/seg)_daily_avg
2016-08-28,128.805225028646,Afluente (m3/seg)_daily_avg
2016-08-29,99.6353573785529,Afluente (m3/seg)_daily_avg
2016-08-30,113.524074278405,Afluente (m3/seg)_daily_avg
2016-08-31,112.517958270981,Afluente (m3/seg)_daily_avg
2016-09-01,99.0341458384023,Afluente (m3/seg)_daily_avg
2016-09-02,112.639446802328,Afluente (m3/seg)_daily_avg
2016-09-03,91.2420062147281,Afluente (m3/seg)_daily_avg
2016-09-04,83.6161033118356,Afluente (m3/seg)_daily_avg
2016-09-05,93.368772628136,Afluente (m3/seg)_daily_avg
2016-09-06,95.4608268666326,Afluente (m3/seg)_daily_avg
2016-09-07,70.0842198106412,Afluente (m3/seg)_daily_avg
2016-09-08,89.8293765449462,Afluente (m3/seg)_daily_avg
2016-09-09,65.0807532450588,Afluente (m3/seg)_daily_avg
2016-09-10,62.16489852114909,Afluente (m3/seg)_daily_avg
2016-09-11,57.9070207331151,Afluente (m3/seg)_daily_avg
2016-09-12,68.3725396412989,Afluente (m3/seg)_daily_avg
2016-09-13,66.4134810975035,Afluente (m3/seg)_daily_avg
2016-09-14,64.3008417994922,Afluente (m3/seg)_daily_avg
2016-09-15,67.7287035638006,Afluente (m3/seg)_daily_avg
2016-09-16,43.3122970348919,Afluente (m3/seg)_daily_avg
2016-09-17,33.7980346262999,Afluente (m3/seg)_daily_avg
2016-09-18,39.5909053140711,Afluente (m3/seg)_daily_avg
2016-09-19,45.0507822521621,Afluente (m3/seg)_daily_avg
2016-09-20,12.1592507006333,Afluente (m3/seg)_daily_avg
2016-09-21,41.5755202308341,Afluente (m3/seg)_daily_avg
2016-09-22,34.7692405531516,Afluente (m3/seg)_daily_avg
2016-09-23,21.4994244049344,Afluente (m3/seg)_daily_avg
2016-09-24,23.7781837014224,Afluente (m3/seg)_daily_avg
2016-09-25,30.5398951899598,Afluente (m3/seg)_daily_avg
2016-09-26,31.3935254322825,Afluente (m3/seg)_daily_avg
2016-09-27,33.1060883177593,Afluente (m3/seg)_daily_avg
2016-09-28,26.3101139953622,Afluente (m3/seg)_daily_avg
2016-09-29,26.5200576033392,Afluente (m3/seg)_daily_avg
2016-09-30,30.4324905562456,Afluente (m3/seg)_daily_avg
2016-10-01,34.7352510197232,Afluente (m3/seg)_daily_avg
2016-10-02,34.5402345678236,Afluente (m3/seg)_daily_avg
2016-10-03,47.1800031332317,Afluente (m3/seg)_daily_avg
2016-10-04,0.0,Afluente (m3/seg)_daily_avg
2016-10-05,20.1417461545105,Afluente (m3/seg)_daily_avg
2016-10-06,26.5191746816159,Afluente (m3/seg)_daily_avg
2016-10-07,24.5477110017115,Afluente (m3/seg)_daily_avg
2016-10-08,18.6241043924856,Afluente (m3/seg)_daily_avg
2016-10-09,0.0,Afluente (m3/seg)_daily_avg
2016-10-10,25.2181393107595,Afluente (m3/seg)_daily_avg
2016-10-11,21.8549869180406,Afluente (m3/seg)_daily_avg
2016-10-12,41.0759446778549,Afluente (m3/seg)_daily_avg
2016-10-13,24.7436063156985,Afluente (m3/seg)_daily_avg
2016-10-14,24.8172737241879,Afluente (m3/seg)_daily_avg
2016-10-15,41.5261343988715,Afluente (m3/seg)_daily_avg
2016-10-16,125.813290966545,Afluente (m3/seg)_daily_avg
2016-10-17,120.604947871707,Afluente (m3/seg)_daily_avg
2016-10-18,100.682075427062,Afluente (m3/seg)_daily_avg
2016-10-19,98.4944623476377,Afluente (m3/seg)_daily_avg
2016-10-20,68.1615659574278,Afluente (m3/seg)_daily_avg
2016-10-21,78.8145205753078,Afluente (m3/seg)_daily_avg
2016-10-22,70.0509857238275,Afluente (m3/seg)_daily_avg
2016-10-23,65.2633370445534,Afluente (m3/seg)_daily_avg
2016-10-24,96.6580101357118,Afluente (m3/seg)_daily_avg
2016-10-25,50.2756313581158,Afluente (m3/seg)_daily_avg
2016-10-26,48.5053634393212,Afluente (m3/seg)_daily_avg
2016-10-27,30.6798218206558,Afluente (m3/seg)_daily_avg
2016-10-28,35.9651686811264,Afluente (m3/seg)_daily_avg
2016-10-29,31.9028701342468,Afluente (m3/seg)_daily_avg
2016-10-30,40.1970234622346,Afluente (m3/seg)_daily_avg
2016-10-31,76.3814525486884,Afluente (m3/seg)_daily_avg
2016-11-01,98.5039707018005,Afluente (m3/seg)_daily_avg
2016-11-02,93.5737428758432,Afluente (m3/seg)_daily_avg
2016-11-03,64.0034171478574,Afluente (m3/seg)_daily_avg
2016-11-04,48.4954387403771,Afluente (m3/seg)_daily_avg
2016-11-05,27.9674241684013,Afluente (m3/seg)_daily_avg
2016-11-06,81.0484256952997,Afluente (m3/seg)_daily_avg
2016-11-07,99.7494544348715,Afluente (m3/seg)_daily_avg
2016-11-08,95.5603872853954,Afluente (m3/seg)_daily_avg
2016-11-09,84.394463834348,Afluente (m3/seg)_daily_avg
2016-11-10,91.5486107123619,Afluente (m3/seg)_daily_avg
2016-11-11,90.296724022554,Afluente (m3/seg)_daily_avg
2016-11-12,59.7252513150362,Afluente (m3/seg)_daily_avg
2016-11-13,75.4046668873753,Afluente (m3/seg)_daily_avg
2016-11-14,103.229712817781,Afluente (m3/seg)_daily_avg
2016-11-15,62.6929885908198,Afluente (m3/seg)_daily_avg
2016-11-16,44.6087208322963,Afluente (m3/seg)_daily_avg
2016-11-17,25.473723294669,Afluente (m3/seg)_daily_avg
2016-11-18,30.4357821285302,Afluente (m3/seg)_daily_avg
2016-11-19,55.3786421933483,Afluente (m3/seg)_daily_avg
2016-11-20,50.9956503170812,Afluente (m3/seg)_daily_avg
2016-11-21,89.5024663251328,Afluente (m3/seg)_daily_avg
2016-11-22,55.6319855560459,Afluente (m3/seg)_daily_avg
2016-11-23,83.0819444010314,Afluente (m3/seg)_daily_avg
2016-11-24,59.94264040579591,Afluente (m3/seg)_daily_avg
2016-11-25,76.0829501971077,Afluente (m3/seg)_daily_avg
2016-11-26,59.6403935627744,Afluente (m3/seg)_daily_avg
2016-11-27,62.99150457742639,Afluente (m3/seg)_daily_avg
2016-11-28,69.0617267875698,Afluente (m3/seg)_daily_avg
2016-11-29,31.4055268533017,Afluente (m3/seg)_daily_avg
2016-11-30,35.460354510942,Afluente (m3/seg)_daily_avg
2016-12-01,43.9951251269795,Afluente (m3/seg)_daily_avg
2016-12-02,27.670106962998,Afluente (m3/seg)_daily_avg
2016-12-03,57.1694183186676,Afluente (m3/seg)_daily_avg
2016-12-04,110.761618355744,Afluente (m3/seg)_daily_avg
2016-12-05,120.506934261829,Afluente (m3/seg)_daily_avg
2016-12-06,69.5986769416642,Afluente (m3/seg)_daily_avg
2016-12-07,44.9178350231708,Afluente (m3/seg)_daily_avg
2016-12-08,52.6539465301068,Afluente (m3/seg)_daily_avg
2016-12-09,91.8615393132266,Afluente (m3/seg)_daily_avg
2016-12-10,40.7283841824004,Afluente (m3/seg)_daily_avg
2016-12-11,91.3502508010137,Afluente (m3/seg)_daily_avg
2016-12-12,47.003321441135,Afluente (m3/seg)_daily_avg
2016-12-13,81.020137322177,Afluente (m3/seg)_daily_avg
2016-12-14,9.16323330418524,Afluente (m3/seg)_daily_avg
2016-12-15,47.7764213719487,Afluente (m3/seg)_daily_avg
2016-12-16,65.1918890481859,Afluente (m3/seg)_daily_avg
2016-12-17,64.5373095185418,Afluente (m3/seg)_daily_avg
2016-12-18,111.30227158699,Afluente (m3/seg)_daily_avg
2016-12-19,120.837929686895,Afluente (m3/seg)_daily_avg
2016-12-20,79.941287826108,Afluente (m3/seg)_daily_avg
2016-12-21,85.151732557698,Afluente (m3/seg)_daily_avg
2016-12-22,57.4707398283101,Afluente (m3/seg)_daily_avg
2016-12-23,62.53403890478251,Afluente (m3/seg)_daily_avg
2016-12-24,62.4828941953786,Afluente (m3/seg)_daily_avg
2016-12-25,44.9855340656521,Afluente (m3/seg)_daily_avg
2016-12-26,80.2112327030377,Afluente (m3/seg)_daily_avg
2016-12-27,56.6151915487302,Afluente (m3/seg)_daily_avg
2016-12-28,14.5345887944931,Afluente (m3/seg)_daily_avg
2016-12-29,35.8200015759003,Afluente (m3/seg)_daily_avg
2016-12-30,1.58644059908357,Afluente (m3/seg)_daily_avg
2016-12-31,29.9223157291489,Afluente (m3/seg)_daily_avg
2017-01-01,62.00901204133739,Afluente (m3/seg)_daily_avg
2017-01-02,99.5813899171367,Afluente (m3/seg)_daily_avg
2017-01-03,85.4811092213142,Afluente (m3/seg)_daily_avg
2017-01-04,59.1284722732283,Afluente (m3/seg)_daily_avg
2017-01-05,9.81668892099779,Afluente (m3/seg)_daily_avg
2017-01-06,34.9314051966374,Afluente (m3/seg)_daily_avg
2017-01-07,33.099749568626,Afluente (m3/seg)_daily_avg
2017-01-08,38.6060285375323,Afluente (m3/seg)_daily_avg
2017-01-09,37.759039018036,Afluente (m3/seg)_daily_avg
2017-01-10,30.9193537613091,Afluente (m3/seg)_daily_avg
2017-01-11,0.0,Afluente (m3/seg)_daily_avg
2017-01-12,24.6368894256356,Afluente (m3/seg)_daily_avg
2017-01-13,0.0,Afluente (m3/seg)_daily_avg
2017-01-14,24.9104370214572,Afluente (m3/seg)_daily_avg
2017-01-15,33.9970862941536,Afluente (m3/seg)_daily_avg
2017-01-16,44.248357796684,Afluente (m3/seg)_daily_avg
2017-01-17,48.421422675921,Afluente (m3/seg)_daily_avg
2017-01-18,32.9821622876353,Afluente (m3/seg)_daily_avg
2017-01-19,30.8883860308095,Afluente (m3/seg)_daily_avg
2017-01-20,7.60576971423706,Afluente (m3/seg)_daily_avg
2017-01-21,13.7588204741257,Afluente (m3/seg)_daily_avg
2017-01-22,37.9244468937304,Afluente (m3/seg)_daily_avg
2017-01-23,43.0149474854082,Afluente (m3/seg)_daily_avg
2017-01-24,71.9012249059956,Afluente (m3/seg)_daily_avg
2017-01-25,30.5883637435924,Afluente (m3/seg)_daily_avg
2017-01-26,20.0481737717,Afluente (m3/seg)_daily_avg
2017-01-27,32.1376745129484,Afluente (m3/seg)_daily_avg
2017-01-28,34.1301214125956,Afluente (m3/seg)_daily_avg
2017-01-29,34.263423734181,Afluente (m3/seg)_daily_avg
2017-01-30,79.6539152085582,Afluente (m3/seg)_daily_avg
2017-01-31,78.7031595315617,Afluente (m3/seg)_daily_avg
2017-02-01,22.1479479691516,Afluente (m3/seg)_daily_avg
2017-02-02,24.2465405268352,Afluente (m3/seg)_daily_avg
2017-02-03,34.8665908423182,Afluente (m3/seg)_daily_avg
2017-02-04,26.2383726094076,Afluente (m3/seg)_daily_avg
2017-02-05,18.1812043926453,Afluente (m3/seg)_daily_avg
2017-02-06,17.774305137773,Afluente (m3/seg)_daily_avg
2017-02-07,3.88152674980066,Afluente (m3/seg)_daily_avg
2017-02-08,7.54664091119766,Afluente (m3/seg)_daily_avg
2017-02-09,5.50453412085786,Afluente (m3/seg)_daily_avg
2017-02-10,0.740170372165611,Afluente (m3/seg)_daily_avg
2017-02-11,8.66203647176546,Afluente (m3/seg)_daily_avg
2017-02-12,8.6704263178574,Afluente (m3/seg)_daily_avg
2017-02-13,9.87365164747807,Afluente (m3/seg)_daily_avg
2017-02-14,22.1077391441056,Afluente (m3/seg)_daily_avg
2017-02-15,5.47656965803694,Afluente (m3/seg)_daily_avg
2017-02-16,32.2639516325243,Afluente (m3/seg)_daily_avg
2017-02-17,8.60342445085499,Afluente (m3/seg)_daily_avg
2017-02-18,25.8604537758502,Afluente (m3/seg)_daily_avg
2017-02-19,17.2821612886764,Afluente (m3/seg)_daily_avg
2017-02-20,30.6706259543033,Afluente (m3/seg)_daily_avg
2017-02-21,4.25658908610976,Afluente (m3/seg)_daily_avg
2017-02-22,33.992804751613,Afluente (m3/seg)_daily_avg
2017-02-23,20.3967132350704,Afluente (m3/seg)_daily_avg
2017-02-24,32.8443937859402,Afluente (m3/seg)_daily_avg
2017-02-25,34.030320023501,Afluente (m3/seg)_daily_avg
2017-02-26,111.519159240237,Afluente (m3/seg)_daily_avg
2017-02-27,138.037495512003,Afluente (m3/seg)_daily_avg
2017-02-28,116.370847705571,Afluente (m3/seg)_daily_avg
2017-03-01,77.431293207671,Afluente (m3/seg)_daily_avg
2017-03-02,88.4561359410831,Afluente (m3/seg)_daily_avg
2017-03-03,39.8058901989524,Afluente (m3/seg)_daily_avg
2017-03-04,10.5595409662916,Afluente (m3/seg)_daily_avg
2017-03-05,21.4799238227858,Afluente (m3/seg)_daily_avg
2017-03-06,15.1677866280469,Afluente (m3/seg)_daily_avg
2017-03-07,19.2251217283418,Afluente (m3/seg)_daily_avg
2017-03-08,12.9462607667323,Afluente (m3/seg)_daily_avg
2017-03-09,31.8363701283626,Afluente (m3/seg)_daily_avg
2017-03-10,32.2530331338917,Afluente (m3/seg)_daily_avg
2017-03-11,24.9609441986974,Afluente (m3/seg)_daily_avg
2017-03-12,27.6125921411532,Afluente (m3/seg)_daily_avg
2017-03-13,15.0805262956672,Afluente (m3/seg)_daily_avg
2017-03-14,33.5879345364081,Afluente (m3/seg)_daily_avg
2017-03-15,32.8090004926246,Afluente (m3/seg)_daily_avg
2017-03-16,25.3528639873836,Afluente (m3/seg)_daily_avg
2017-03-17,3.86134607345761,Afluente (m3/seg)_daily_avg
2017-03-18,11.4193252958469,Afluente (m3/seg)_daily_avg
2017-03-19,0.0,Afluente (m3/seg)_daily_avg
2017-03-20,0.0,Afluente (m3/seg)_daily_avg
2017-03-21,0.8637474623564,Afluente (m3/seg)_daily_avg
2017-03-22,5.01953777221087,Afluente (m3/seg)_daily_avg
2017-03-23,19.8545593833504,Afluente (m3/seg)_daily_avg
2017-03-24,22.3788923363789,Afluente (m3/seg)_daily_avg
2017-03-25,30.2038956664429,Afluente (m3/seg)_daily_avg
2017-03-26,36.7514986409232,Afluente (m3/seg)_daily_avg
2017-03-27,48.4241536593394,Afluente (m3/seg)_daily_avg
2017-03-28,21.2800146567727,Afluente (m3/seg)_daily_avg
2017-03-29,34.3743464862865,Afluente (m3/seg)_daily_avg
2017-03-30,12.7393439580475,Afluente (m3/seg)_daily_avg
2017-03-31,13.1096536639146,Afluente (m3/seg)_daily_avg
2017-04-01,8.46684018002325,Afluente (m3/seg)_daily_avg
2017-04-02,13.768395010124,Afluente (m3/seg)_daily_avg
2017-04-03,16.3903473773216,Afluente (m3/seg)_daily_avg
2017-04-04,13.768395010124,Afluente (m3/seg)_daily_avg
2017-04-05,27.6262789830744,Afluente (m3/seg)_daily_avg
2017-04-06,32.2119799808624,Afluente (m3/seg)_daily_avg
2017-04-07,110.444654209382,Afluente (m3/seg)_daily_avg
2017-04-08,70.7286940310587,Afluente (m3/seg)_daily_avg
2017-04-09,57.1802488169245,Afluente (m3/seg)_daily_avg
2017-04-10,27.2320305524801,Afluente (m3/seg)_daily_avg
2017-04-11,23.4038853307019,Afluente (m3/seg)_daily_avg
2017-04-12,19.5629762629239,Afluente (m3/seg)_daily_avg
2017-04-13,8.7220980881927,Afluente (m3/seg)_daily_avg
2017-04-14,18.8768284852744,Afluente (m3/seg)_daily_avg
2017-04-15,14.2810244593206,Afluente (m3/seg)_daily_avg
2017-04-16,18.0130541754294,Afluente (m3/seg)_daily_avg
2017-04-17,15.2848925734684,Afluente (m3/seg)_daily_avg
2017-04-18,33.5077297817356,Afluente (m3/seg)_daily_avg
2017-04-19,28.8669335428906,Afluente (m3/seg)_daily_avg
2017-04-20,38.246093265844,Afluente (m3/seg)_daily_avg
2017-04-21,376.458813908143,Afluente (m3/seg)_daily_avg
2017-04-22,108.366221320975,Afluente (m3/seg)_daily_avg
2017-04-23,64.3458781430541,Afluente (m3/seg)_daily_avg
2017-04-24,55.8828365129258,Afluente (m3/seg)_daily_avg
2017-04-25,69.255849682162,Afluente (m3/seg)_daily_avg
2017-04-26,48.1674833102476,Afluente (m3/seg)_daily_avg
2017-04-27,53.2178377044105,Afluente (m3/seg)_daily_avg
2017-04-28,20.7054000960127,Afluente (m3/seg)_daily_avg
2017-04-29,53.652683997486,Afluente (m3/seg)_daily_avg
2017-04-30,33.6076972113529,Afluente (m3/seg)_daily_avg
2017-05-01,54.3525169898526,Afluente (m3/seg)_daily_avg
2017-05-02,88.9241108340434,Afluente (m3/seg)_daily_avg
2017-05-03,101.64513203123,Afluente (m3/seg)_daily_avg
2017-05-04,21.6354266706359,Afluente (m3/seg)_daily_avg
2017-05-05,33.7448677474913,Afluente (m3/seg)_daily_avg
2017-05-06,83.6921775969023,Afluente (m3/seg)_daily_avg
2017-05-07,87.6549774611493,Afluente (m3/seg)_daily_avg
2017-05-08,137.826746048487,Afluente (m3/seg)_daily_avg
2017-05-09,90.7388005839766,Afluente (m3/seg)_daily_avg
2017-05-10,105.568332745579,Afluente (m3/seg)_daily_avg
2017-05-11,85.2127424952438,Afluente (m3/seg)_daily_avg
2017-05-12,166.559649669448,Afluente (m3/seg)_daily_avg
2017-05-13,208.636454338429,Afluente (m3/seg)_daily_avg
2017-05-14,172.056295618792,Afluente (m3/seg)_daily_avg
2017-05-15,212.312634232961,Afluente (m3/seg)_daily_avg
2017-05-16,125.316223170929,Afluente (m3/seg)_daily_avg
2017-05-17,162.775527403553,Afluente (m3/seg)_daily_avg
2017-05-18,149.692010345514,Afluente (m3/seg)_daily_avg
2017-05-19,173.214490225372,Afluente (m3/seg)_daily_avg
2017-05-20,156.595566310696,Afluente (m3/seg)_daily_avg
2017-05-21,141.550261643497,Afluente (m3/seg)_daily_avg
2017-05-22,120.864284551533,Afluente (m3/seg)_daily_avg
2017-05-23,116.715438681034,Afluente (m3/seg)_daily_avg
2017-05-24,106.293247676418,Afluente (m3/seg)_daily_avg
2017-05-25,102.452833872654,Afluente (m3/seg)_daily_avg
2017-05-26,95.2926814514435,Afluente (m3/seg)_daily_avg
2017-05-27,72.7107378460264,Afluente (m3/seg)_daily_avg
2017-05-28,91.5488968598843,Afluente (m3/seg)_daily_avg
2017-05-29,65.0476525259757,Afluente (m3/seg)_daily_avg
2017-05-30,98.5614325198159,Afluente (m3/seg)_daily_avg
2017-05-31,81.3073283962403,Afluente (m3/seg)_daily_avg
2017-06-01,83.5903306596976,Afluente (m3/seg)_daily_avg
2017-06-02,99.482857102448,Afluente (m3/seg)_daily_avg
2017-06-03,149.080712045494,Afluente (m3/seg)_daily_avg
2017-06-04,192.465671061887,Afluente (m3/seg)_daily_avg
2017-06-05,134.749159216224,Afluente (m3/seg)_daily_avg
2017-06-06,105.853961709129,Afluente (m3/seg)_daily_avg
2017-06-07,134.595982353411,Afluente (m3/seg)_daily_avg
2017-06-08,200.858213996803,Afluente (m3/seg)_daily_avg
2017-06-09,188.408425179413,Afluente (m3/seg)_daily_avg
2017-06-10,181.121173208384,Afluente (m3/seg)_daily_avg
2017-06-11,176.639801369988,Afluente (m3/seg)_daily_avg
2017-06-12,86.095467668335,Afluente (m3/seg)_daily_avg
2017-06-13,11.746694153603,Afluente (m3/seg)_daily_avg
2017-06-14,20.1736092178387,Afluente (m3/seg)_daily_avg
2017-06-15,146.742537616657,Afluente (m3/seg)_daily_avg
2017-06-16,241.43307696157,Afluente (m3/seg)_daily_avg
2017-06-17,447.41008244345,Afluente (m3/seg)_daily_avg
2017-06-18,308.79295265681,Afluente (m3/seg)_daily_avg
2017-06-19,157.480841056771,Afluente (m3/seg)_daily_avg
2017-06-20,169.744384282516,Afluente (m3/seg)_daily_avg
2017-06-21,120.931160691579,Afluente (m3/seg)_daily_avg
2017-06-22,108.499981002941,Afluente (m3/seg)_daily_avg
2017-06-23,406.756284173296,Afluente (m3/seg)_daily_avg
2017-06-24,434.733010721825,Afluente (m3/seg)_daily_avg
2017-06-25,406.7864288822599,Afluente (m3/seg)_daily_avg
2017-06-26,764.259076539794,Afluente (m3/seg)_daily_avg
2017-06-27,588.7876032323151,Afluente (m3/seg)_daily_avg
2017-06-28,278.17719127437,Afluente (m3/seg)_daily_avg
2017-06-29,122.118567564253,Afluente (m3/seg)_daily_avg
2017-06-30,164.284509762105,Afluente (m3/seg)_daily_avg
2017-07-01,163.269548224098,Afluente (m3/seg)_daily_avg
2017-07-02,150.666269906478,Afluente (m3/seg)_daily_avg
2017-07-03,115.64276061195,Afluente (m3/seg)_daily_avg
2017-07-04,156.359124947468,Afluente (m3/seg)_daily_avg
2017-07-05,119.540296731176,Afluente (m3/seg)_daily_avg
2017-07-06,186.720012188272,Afluente (m3/seg)_daily_avg
2017-07-07,210.435036623932,Afluente (m3/seg)_daily_avg
2017-07-08,123.188943865022,Afluente (m3/seg)_daily_avg
2017-07-09,92.0708243317032,Afluente (m3/seg)_daily_avg
2017-07-10,129.362346423776,Afluente (m3/seg)_daily_avg
2017-07-11,136.59784725424,Afluente (m3/seg)_daily_avg
2017-07-12,100.295774239514,Afluente (m3/seg)_daily_avg
2017-07-13,160.553984136547,Afluente (m3/seg)_daily_avg
2017-07-14,257.445854682735,Afluente (m3/seg)_daily_avg
2017-07-15,410.5397587878,Afluente (m3/seg)_daily_avg
2017-07-16,412.555914992187,Afluente (m3/seg)_daily_avg
2017-07-17,172.416786201885,Afluente (m3/seg)_daily_avg
2017-07-18,192.986387271071,Afluente (m3/seg)_daily_avg
2017-07-19,214.635290542054,Afluente (m3/seg)_daily_avg
2017-07-20,131.084291020225,Afluente (m3/seg)_daily_avg
2017-07-21,155.866824084955,Afluente (m3/seg)_daily_avg
2017-07-22,153.915224929092,Afluente (m3/seg)_daily_avg
2017-07-23,185.741609874679,Afluente (m3/seg)_daily_avg
2017-07-24,167.994604645288,Afluente (m3/seg)_daily_avg
2017-07-25,158.363098105218,Afluente (m3/seg)_daily_avg
2017-07-26,107.234221397309,Afluente (m3/seg)_daily_avg
2017-07-27,148.112631772982,Afluente (m3/seg)_daily_avg
2017-07-28,130.816504722477,Afluente (m3/seg)_daily_avg
2017-07-29,74.2245043769804,Afluente (m3/seg)_daily_avg
2017-07-30,119.627233513115,Afluente (m3/seg)_daily_avg
2017-07-31,67.3713351432716,Afluente (m3/seg)_daily_avg
2017-08-01,100.343417721993,Afluente (m3/seg)_daily_avg
2017-08-02,88.0301906109765,Afluente (m3/seg)_daily_avg
2017-08-03,107.457923377772,Afluente (m3/seg)_daily_avg
2017-08-04,140.916626369291,Afluente (m3/seg)_daily_avg
2017-08-05,159.634978656211,Afluente (m3/seg)_daily_avg
2017-08-06,167.495806602789,Afluente (m3/seg)_daily_avg
2017-08-07,167.132836038753,Afluente (m3/seg)_daily_avg
2017-08-08,151.300123464377,Afluente (m3/seg)_daily_avg
2017-08-09,170.358290252058,Afluente (m3/seg)_daily_avg
2017-08-10,313.429535326282,Afluente (m3/seg)_daily_avg
2017-08-11,277.099646736653,Afluente (m3/seg)_daily_avg
2017-08-12,282.50184342535,Afluente (m3/seg)_daily_avg
2017-08-13,256.000227685826,Afluente (m3/seg)_daily_avg
2017-08-14,225.98195972058,Afluente (m3/seg)_daily_avg
2017-08-15,257.230969743531,Afluente (m3/seg)_daily_avg
2017-08-16,200.765667188844,Afluente (m3/seg)_daily_avg
2017-08-17,66.5927205524031,Afluente (m3/seg)_daily_avg
2017-08-18,174.824128870997,Afluente (m3/seg)_daily_avg
2017-08-19,302.958747631824,Afluente (m3/seg)_daily_avg
2017-08-20,416.848205024551,Afluente (m3/seg)_daily_avg
2017-08-21,224.013915634154,Afluente (m3/seg)_daily_avg
2017-08-22,122.053214599449,Afluente (m3/seg)_daily_avg
2017-08-23,229.879350529162,Afluente (m3/seg)_daily_avg
2017-08-24,292.959384932096,Afluente (m3/seg)_daily_avg
2017-08-25,232.638513875386,Afluente (m3/seg)_daily_avg
2017-08-26,234.193992019207,Afluente (m3/seg)_daily_avg
2017-08-27,315.691840912046,Afluente (m3/seg)_daily_avg
2017-08-28,183.758157366443,Afluente (m3/seg)_daily_avg
2017-08-29,204.283888216697,Afluente (m3/seg)_daily_avg
2017-08-30,213.883536442102,Afluente (m3/seg)_daily_avg
2017-08-31,147.27406989875,Afluente (m3/seg)_daily_avg
2017-09-01,150.524677949307,Afluente (m3/seg)_daily_avg
2017-09-02,283.264236558167,Afluente (m3/seg)_daily_avg
2017-09-03,263.9402599164,Afluente (m3/seg)_daily_avg
2017-09-04,215.776428913387,Afluente (m3/seg)_daily_avg
2017-09-05,182.490199258149,Afluente (m3/seg)_daily_avg
2017-09-06,149.229990410338,Afluente (m3/seg)_daily_avg
2017-09-07,160.057545389129,Afluente (m3/seg)_daily_avg
2017-09-08,173.887515853256,Afluente (m3/seg)_daily_avg
2017-09-09,29.7384990741906,Afluente (m3/seg)_daily_avg
2017-09-10,65.6752471319167,Afluente (m3/seg)_daily_avg
2017-09-11,89.9461652234128,Afluente (m3/seg)_daily_avg
2017-09-12,182.482537531594,Afluente (m3/seg)_daily_avg
2017-09-13,152.893921846156,Afluente (m3/seg)_daily_avg
2017-09-14,188.166033382273,Afluente (m3/seg)_daily_avg
2017-09-15,184.658901905971,Afluente (m3/seg)_daily_avg
2017-09-16,147.50726823439,Afluente (m3/seg)_daily_avg
2017-09-17,167.010010624869,Afluente (m3/seg)_daily_avg
2017-09-18,178.922612737585,Afluente (m3/seg)_daily_avg
2017-09-19,185.62213274163,Afluente (m3/seg)_daily_avg
2017-09-20,177.966598079906,Afluente (m3/seg)_daily_avg
2017-09-21,146.679070532675,Afluente (m3/seg)_daily_avg
2017-09-22,159.585164011169,Afluente (m3/seg)_daily_avg
2017-09-23,130.394160414047,Afluente (m3/seg)_daily_avg
2017-09-24,124.728337773868,Afluente (m3/seg)_daily_avg
2017-09-25,140.430937729478,Afluente (m3/seg)_daily_avg
2017-09-26,116.398031152345,Afluente (m3/seg)_daily_avg
2017-09-27,79.71174534961,Afluente (m3/seg)_daily_avg
2017-09-28,116.70446340834,Afluente (m3/seg)_daily_avg
2017-09-29,85.8553908068865,Afluente (m3/seg)_daily_avg
2017-09-30,137.724719361828,Afluente (m3/seg)_daily_avg
2017-10-01,258.012341863883,Afluente (m3/seg)_daily_avg
2017-10-02,202.579257634304,Afluente (m3/seg)_daily_avg
2017-10-03,116.292209765599,Afluente (m3/seg)_daily_avg
2017-10-04,109.008834101928,Afluente (m3/seg)_daily_avg
2017-10-05,326.067298147131,Afluente (m3/seg)_daily_avg
2017-10-06,266.191327994639,Afluente (m3/seg)_daily_avg
2017-10-07,276.797331557522,Afluente (m3/seg)_daily_avg
2017-10-08,345.7345043825879,Afluente (m3/seg)_daily_avg
2017-10-09,270.572118450348,Afluente (m3/seg)_daily_avg
2017-10-10,226.628669683173,Afluente (m3/seg)_daily_avg
2017-10-11,208.059153637945,Afluente (m3/seg)_daily_avg
2017-10-12,197.103408667737,Afluente (m3/seg)_daily_avg
2017-10-13,159.583395139621,Afluente (m3/seg)_daily_avg
2017-10-14,117.168427852863,Afluente (m3/seg)_daily_avg
2017-10-15,136.512839076947,Afluente (m3/seg)_daily_avg
2017-10-16,86.5703199494126,Afluente (m3/seg)_daily_avg
2017-10-17,116.548276180386,Afluente (m3/seg)_daily_avg
2017-10-18,142.821965727614,Afluente (m3/seg)_daily_avg
2017-10-19,88.7876738274574,Afluente (m3/seg)_daily_avg
2017-10-20,102.382232683476,Afluente (m3/seg)_daily_avg
2017-10-21,85.9548762894891,Afluente (m3/seg)_daily_avg
2017-10-22,80.3066613437514,Afluente (m3/seg)_daily_avg
2017-10-23,73.6354539724974,Afluente (m3/seg)_daily_avg
2017-10-24,83.0622078712414,Afluente (m3/seg)_daily_avg
2017-10-25,73.5404047516667,Afluente (m3/seg)_daily_avg
2017-10-26,96.2075805551245,Afluente (m3/seg)_daily_avg
2017-10-27,113.067523914902,Afluente (m3/seg)_daily_avg
2017-10-28,123.45326381034,Afluente (m3/seg)_daily_avg
2017-10-29,104.206085068735,Afluente (m3/seg)_daily_avg
2017-10-30,114.453722989148,Afluente (m3/seg)_daily_avg
2017-10-31,75.4996749250366,Afluente (m3/seg)_daily_avg
2017-11-01,62.023434704646,Afluente (m3/seg)_daily_avg
2017-11-02,73.9588069158901,Afluente (m3/seg)_daily_avg
2017-11-03,117.577565176674,Afluente (m3/seg)_daily_avg
2017-11-04,126.102590784948,Afluente (m3/seg)_daily_avg
2017-11-05,143.06161097177,Afluente (m3/seg)_daily_avg
2017-11-06,94.3046197311579,Afluente (m3/seg)_daily_avg
2017-11-07,90.48640301312,Afluente (m3/seg)_daily_avg
2017-11-08,75.7069310243466,Afluente (m3/seg)_daily_avg
2017-11-09,114.63923043815,Afluente (m3/seg)_daily_avg
2017-11-10,111.136356548335,Afluente (m3/seg)_daily_avg
2017-11-11,120.366159923916,Afluente (m3/seg)_daily_avg
2017-11-12,96.1332805724796,Afluente (m3/seg)_daily_avg
2017-11-13,114.403058136233,Afluente (m3/seg)_daily_avg
2017-11-14,126.363583111749,Afluente (m3/seg)_daily_avg
2017-11-15,173.168192496989,Afluente (m3/seg)_daily_avg
2017-11-16,169.147755627294,Afluente (m3/seg)_daily_avg
2017-11-17,140.027044290514,Afluente (m3/seg)_daily_avg
2017-11-18,119.217521809183,Afluente (m3/seg)_daily_avg
2017-11-19,117.03687848245,Afluente (m3/seg)_daily_avg
2017-11-20,125.316422332279,Afluente (m3/seg)_daily_avg
2017-11-21,107.194067397639,Afluente (m3/seg)_daily_avg
2017-11-22,67.2560986169181,Afluente (m3/seg)_daily_avg
2017-11-23,52.4562463007615,Afluente (m3/seg)_daily_avg
2017-11-24,75.5953469724874,Afluente (m3/seg)_daily_avg
2017-11-25,91.3693469982579,Afluente (m3/seg)_daily_avg
2017-11-26,84.5780665112114,Afluente (m3/seg)_daily_avg
2017-11-27,149.32954490306,Afluente (m3/seg)_daily_avg
2017-11-28,145.266140852645,Afluente (m3/seg)_daily_avg
2017-11-29,146.244405149645,Afluente (m3/seg)_daily_avg
2017-11-30,140.952094647286,Afluente (m3/seg)_daily_avg
2017-12-01,138.383438539801,Afluente (m3/seg)_daily_avg
2017-12-02,105.274000120257,Afluente (m3/seg)_daily_avg
2017-12-03,158.167674536179,Afluente (m3/seg)_daily_avg
2017-12-04,141.620438670357,Afluente (m3/seg)_daily_avg
2017-12-05,115.441708550675,Afluente (m3/seg)_daily_avg
2017-12-06,133.551214767939,Afluente (m3/seg)_daily_avg
2017-12-07,91.7574137077611,Afluente (m3/seg)_daily_avg
2017-12-08,136.613598601129,Afluente (m3/seg)_daily_avg
2017-12-09,122.245763876483,Afluente (m3/seg)_daily_avg
2017-12-10,98.8030879787386,Afluente (m3/seg)_daily_avg
2017-12-11,115.907750350853,Afluente (m3/seg)_daily_avg
2017-12-12,159.501305624206,Afluente (m3/seg)_daily_avg
2017-12-13,140.847347210361,Afluente (m3/seg)_daily_avg
2017-12-14,113.525510263658,Afluente (m3/seg)_daily_avg
2017-12-15,68.4938062878145,Afluente (m3/seg)_daily_avg
2017-12-16,126.344974203455,Afluente (m3/seg)_daily_avg
2017-12-17,114.545177692792,Afluente (m3/seg)_daily_avg
2017-12-18,109.037340091412,Afluente (m3/seg)_daily_avg
2017-12-19,53.0238206977166,Afluente (m3/seg)_daily_avg
2017-12-20,67.5619558655991,Afluente (m3/seg)_daily_avg
2017-12-21,69.8576518062372,Afluente (m3/seg)_daily_avg
2017-12-22,70.1377647311785,Afluente (m3/seg)_daily_avg
2017-12-23,61.81444506014319,Afluente (m3/seg)_daily_avg
2017-12-24,71.1543159369049,Afluente (m3/seg)_daily_avg
2017-12-25,53.7234295321738,Afluente (m3/seg)_daily_avg
2017-12-26,56.3429338198658,Afluente (m3/seg)_daily_avg
2017-12-27,46.5053261225044,Afluente (m3/seg)_daily_avg
2017-12-28,18.9025110819531,Afluente (m3/seg)_daily_avg
2017-12-29,35.2717082990205,Afluente (m3/seg)_daily_avg
2017-12-30,35.4072818601236,Afluente (m3/seg)_daily_avg
2017-12-31,53.3657077272033,Afluente (m3/seg)_daily_avg
2018-01-01,104.2526470402,Afluente (m3/seg)_daily_avg
2018-01-02,95.6762371318544,Afluente (m3/seg)_daily_avg
2018-01-03,26.3345776423868,Afluente (m3/seg)_daily_avg
2018-01-04,31.8272996376705,Afluente (m3/seg)_daily_avg
2018-01-05,0.0,Afluente (m3/seg)_daily_avg
2018-01-06,10.146845625567,Afluente (m3/seg)_daily_avg
2018-01-07,0.0,Afluente (m3/seg)_daily_avg
2018-01-08,0.0,Afluente (m3/seg)_daily_avg
2018-01-09,0.0,Afluente (m3/seg)_daily_avg
2018-01-10,4.45154847834946,Afluente (m3/seg)_daily_avg
2018-01-11,13.8262228898369,Afluente (m3/seg)_daily_avg
2018-01-12,26.1878206043144,Afluente (m3/seg)_daily_avg
2018-01-13,17.5006772197203,Afluente (m3/seg)_daily_avg
2018-01-14,26.3142945572394,Afluente (m3/seg)_daily_avg
2018-01-15,26.390329231213,Afluente (m3/seg)_daily_avg
2018-01-16,17.6358499740875,Afluente (m3/seg)_daily_avg
2018-01-17,15.1631325438476,Afluente (m3/seg)_daily_avg
2018-01-18,0.0,Afluente (m3/seg)_daily_avg
2018-01-19,0.0,Afluente (m3/seg)_daily_avg
2018-01-20,15.7377470880292,Afluente (m3/seg)_daily_avg
2018-01-21,0.0,Afluente (m3/seg)_daily_avg
2018-01-22,14.3729287184246,Afluente (m3/seg)_daily_avg
2018-01-23,17.5175445887093,Afluente (m3/seg)_daily_avg
2018-01-24,8.77143012715991,Afluente (m3/seg)_daily_avg
2018-01-25,9.40205800736587,Afluente (m3/seg)_daily_avg
2018-01-26,8.77143012715991,Afluente (m3/seg)_daily_avg
2018-01-27,10.1791965405268,Afluente (m3/seg)_daily_avg
2018-01-28,8.73769538968729,Afluente (m3/seg)_daily_avg
2018-01-29,0.0,Afluente (m3/seg)_daily_avg
2018-01-30,1.03642340712765,Afluente (m3/seg)_daily_avg
2018-01-31,0.0,Afluente (m3/seg)_daily_avg
2018-02-01,0.0,Afluente (m3/seg)_daily_avg
2018-02-02,0.0,Afluente (m3/seg)_daily_avg
2018-02-03,8.56168397351414,Afluente (m3/seg)_daily_avg
2018-02-04,8.57002371874303,Afluente (m3/seg)_daily_avg
2018-02-05,68.8609215896779,Afluente (m3/seg)_daily_avg
2018-02-06,34.631382894885,Afluente (m3/seg)_daily_avg
2018-02-07,52.1989784808991,Afluente (m3/seg)_daily_avg
2018-02-08,44.4423216288089,Afluente (m3/seg)_daily_avg
2018-02-09,35.1364019413975,Afluente (m3/seg)_daily_avg
2018-02-10,8.80523166668152,Afluente (m3/seg)_daily_avg
2018-02-11,26.466476632339,Afluente (m3/seg)_daily_avg
2018-02-12,8.65818862212619,Afluente (m3/seg)_daily_avg
2018-02-13,17.3334869252691,Afluente (m3/seg)_daily_avg
2018-02-14,0.0,Afluente (m3/seg)_daily_avg
2018-02-15,0.0,Afluente (m3/seg)_daily_avg
2018-02-16,13.7881013089395,Afluente (m3/seg)_daily_avg
2018-02-17,8.76299018037335,Afluente (m3/seg)_daily_avg
2018-02-18,8.77143012715991,Afluente (m3/seg)_daily_avg
2018-02-19,46.5898006313955,Afluente (m3/seg)_daily_avg
2018-02-20,39.0299854547704,Afluente (m3/seg)_daily_avg
2018-02-21,20.0426090935813,Afluente (m3/seg)_daily_avg
2018-02-22,4.12506855685573,Afluente (m3/seg)_daily_avg
2018-02-23,1.9484822083505,Afluente (m3/seg)_daily_avg
2018-02-24,8.49511631410375,Afluente (m3/seg)_daily_avg
2018-02-25,8.50342265797129,Afluente (m3/seg)_daily_avg
2018-02-26,9.22437739767912,Afluente (m3/seg)_daily_avg
2018-02-27,10.0315921165534,Afluente (m3/seg)_daily_avg
2018-02-28,14.2916947269812,Afluente (m3/seg)_daily_avg
2018-03-01,0.0,Afluente (m3/seg)_daily_avg
2018-03-02,18.4584447480235,Afluente (m3/seg)_daily_avg
2018-03-03,8.35454723932748,Afluente (m3/seg)_daily_avg
2018-03-04,8.36278260774432,Afluente (m3/seg)_daily_avg
2018-03-05,21.3795639414894,Afluente (m3/seg)_daily_avg
2018-03-06,0.0,Afluente (m3/seg)_daily_avg
2018-03-07,10.7699189642848,Afluente (m3/seg)_daily_avg
2018-03-08,20.6150905034561,Afluente (m3/seg)_daily_avg
2018-03-09,19.1613702220439,Afluente (m3/seg)_daily_avg
2018-03-10,21.4149728752789,Afluente (m3/seg)_daily_avg
2018-03-11,31.9692107517834,Afluente (m3/seg)_daily_avg
2018-03-12,18.2669001837657,Afluente (m3/seg)_daily_avg
2018-03-13,7.65365998696529,Afluente (m3/seg)_daily_avg
2018-03-14,4.73906543607193,Afluente (m3/seg)_daily_avg
2018-03-15,8.69661136753574,Afluente (m3/seg)_daily_avg
2018-03-16,8.43029511868472,Afluente (m3/seg)_daily_avg
2018-03-17,30.0674985926367,Afluente (m3/seg)_daily_avg
2018-03-18,34.4816224335051,Afluente (m3/seg)_daily_avg
2018-03-19,38.3947940217278,Afluente (m3/seg)_daily_avg
2018-03-20,30.3243071734965,Afluente (m3/seg)_daily_avg
2018-03-21,29.5288048220855,Afluente (m3/seg)_daily_avg
2018-03-22,44.8033504925701,Afluente (m3/seg)_daily_avg
2018-03-23,44.8215906776231,Afluente (m3/seg)_daily_avg
2018-03-24,39.6846400920401,Afluente (m3/seg)_daily_avg
2018-03-25,25.1803307334875,Afluente (m3/seg)_daily_avg
2018-03-26,24.0608868945677,Afluente (m3/seg)_daily_avg
2018-03-27,0.0,Afluente (m3/seg)_daily_avg
2018-03-28,0.0,Afluente (m3/seg)_daily_avg
2018-03-29,27.8956226352252,Afluente (m3/seg)_daily_avg
2018-03-30,30.30653355006489,Afluente (m3/seg)_daily_avg
2018-03-31,28.0759365829942,Afluente (m3/seg)_daily_avg
2018-04-01,56.5137702838675,Afluente (m3/seg)_daily_avg
2018-04-02,15.1627990815705,Afluente (m3/seg)_daily_avg
2018-04-03,0.0,Afluente (m3/seg)_daily_avg
2018-04-04,0.0,Afluente (m3/seg)_daily_avg
2018-04-05,3.92629168495304,Afluente (m3/seg)_daily_avg
2018-04-06,14.3479906860023,Afluente (m3/seg)_daily_avg
2018-04-07,30.2576092169855,Afluente (m3/seg)_daily_avg
2018-04-08,48.7752827966351,Afluente (m3/seg)_daily_avg
2018-04-09,27.8142399010806,Afluente (m3/seg)_daily_avg
2018-04-10,37.096240943294,Afluente (m3/seg)_daily_avg
2018-04-11,51.2663400203266,Afluente (m3/seg)_daily_avg
2018-04-12,61.74118299339981,Afluente (m3/seg)_daily_avg
2018-04-13,26.7170361886696,Afluente (m3/seg)_daily_avg
2018-04-14,28.0523118551073,Afluente (m3/seg)_daily_avg
2018-04-15,35.6036229023676,Afluente (m3/seg)_daily_avg
2018-04-16,11.6531023449041,Afluente (m3/seg)_daily_avg
2018-04-17,10.6008655411383,Afluente (m3/seg)_daily_avg
2018-04-18,14.5168563270375,Afluente (m3/seg)_daily_avg
2018-04-19,35.4967716484648,Afluente (m3/seg)_daily_avg
2018-04-20,37.6934039434497,Afluente (m3/seg)_daily_avg
2018-04-21,37.7625340897278,Afluente (m3/seg)_daily_avg
2018-04-22,42.9606593348685,Afluente (m3/seg)_daily_avg
2018-04-23,22.1247326659958,Afluente (m3/seg)_daily_avg
2018-04-24,6.66141236602212,Afluente (m3/seg)_daily_avg
2018-04-25,14.2255365284707,Afluente (m3/seg)_daily_avg
2018-04-26,32.7823553669829,Afluente (m3/seg)_daily_avg
2018-04-27,41.4391821645613,Afluente (m3/seg)_daily_avg
2018-04-28,49.329520843265,Afluente (m3/seg)_daily_avg
2018-04-29,17.7183202263391,Afluente (m3/seg)_daily_avg
2018-04-30,32.1646084196061,Afluente (m3/seg)_daily_avg
2018-05-01,48.2189546364435,Afluente (m3/seg)_daily_avg
2018-05-02,25.9904367358953,Afluente (m3/seg)_daily_avg
2018-05-03,14.4010092035686,Afluente (m3/seg)_daily_avg
2018-05-04,12.682052547418,Afluente (m3/seg)_daily_avg
2018-05-05,50.3753886842833,Afluente (m3/seg)_daily_avg
2018-05-06,63.4496158026895,Afluente (m3/seg)_daily_avg
2018-05-07,54.3490977633635,Afluente (m3/seg)_daily_avg
2018-05-08,30.3373912223435,Afluente (m3/seg)_daily_avg
2018-05-09,23.6884360796595,Afluente (m3/seg)_daily_avg
2018-05-10,64.8161080615258,Afluente (m3/seg)_daily_avg
2018-05-11,30.365331137648,Afluente (m3/seg)_daily_avg
2018-05-12,41.1023416977177,Afluente (m3/seg)_daily_avg
2018-05-13,63.9211218231254,Afluente (m3/seg)_daily_avg
2018-05-14,21.4448093648991,Afluente (m3/seg)_daily_avg
2018-05-15,34.8046747214174,Afluente (m3/seg)_daily_avg
2018-05-16,51.7758075937167,Afluente (m3/seg)_daily_avg
2018-05-17,53.4651682034093,Afluente (m3/seg)_daily_avg
2018-05-18,66.1078471786688,Afluente (m3/seg)_daily_avg
2018-05-19,46.5695766854937,Afluente (m3/seg)_daily_avg
2018-05-20,39.4664190435747,Afluente (m3/seg)_daily_avg
2018-05-21,44.5515258320691,Afluente (m3/seg)_daily_avg
2018-05-22,23.7440436607457,Afluente (m3/seg)_daily_avg
2018-05-23,38.7690732087036,Afluente (m3/seg)_daily_avg
2018-05-24,49.6372037472554,Afluente (m3/seg)_daily_avg
2018-05-25,43.3414359101054,Afluente (m3/seg)_daily_avg
2018-05-26,41.8812943959557,Afluente (m3/seg)_daily_avg
2018-05-27,28.1968128412873,Afluente (m3/seg)_daily_avg
2018-05-28,47.3166615946555,Afluente (m3/seg)_daily_avg
2018-05-29,166.436137788305,Afluente (m3/seg)_daily_avg
2018-05-30,190.639122379758,Afluente (m3/seg)_daily_avg
2018-05-31,145.838774337537,Afluente (m3/seg)_daily_avg
2018-06-01,74.6007560872492,Afluente (m3/seg)_daily_avg
2018-06-02,22.303360756322,Afluente (m3/seg)_daily_avg
2018-06-03,40.4657100506532,Afluente (m3/seg)_daily_avg
2018-06-04,6.586287868979599,Afluente (m3/seg)_daily_avg
2018-06-05,58.4898827717846,Afluente (m3/seg)_daily_avg
2018-06-06,112.740748558769,Afluente (m3/seg)_daily_avg
2018-06-07,99.8869670123595,Afluente (m3/seg)_daily_avg
2018-06-08,81.6578845938298,Afluente (m3/seg)_daily_avg
2018-06-09,88.0749390684275,Afluente (m3/seg)_daily_avg
2018-06-10,195.021552735852,Afluente (m3/seg)_daily_avg
2018-06-11,329.133610065229,Afluente (m3/seg)_daily_avg
2018-06-12,248.042061830378,Afluente (m3/seg)_daily_avg
2018-06-13,180.045438754496,Afluente (m3/seg)_daily_avg
2018-06-14,128.368094676178,Afluente (m3/seg)_daily_avg
2018-06-15,64.8069776526225,Afluente (m3/seg)_daily_avg
2018-06-16,95.8848988375314,Afluente (m3/seg)_daily_avg
2018-06-17,144.07266881773,Afluente (m3/seg)_daily_avg
2018-06-18,82.2920309105981,Afluente (m3/seg)_daily_avg
2018-06-19,1.88683146721951,Afluente (m3/seg)_daily_avg
2018-06-20,0.405261756480968,Afluente (m3/seg)_daily_avg
2018-06-21,93.8220759519739,Afluente (m3/seg)_daily_avg
2018-06-22,142.411612084743,Afluente (m3/seg)_daily_avg
2018-06-23,118.908425342365,Afluente (m3/seg)_daily_avg
2018-06-24,58.46638439561149,Afluente (m3/seg)_daily_avg
2018-06-25,66.7273586209915,Afluente (m3/seg)_daily_avg
2018-06-26,114.032744831224,Afluente (m3/seg)_daily_avg
2018-06-27,101.704091137843,Afluente (m3/seg)_daily_avg
2018-06-28,102.181044182225,Afluente (m3/seg)_daily_avg
2018-06-29,37.0420806792249,Afluente (m3/seg)_daily_avg
2018-06-30,42.4365785353094,Afluente (m3/seg)_daily_avg
2018-07-01,49.1792569379462,Afluente (m3/seg)_daily_avg
2018-07-02,87.1156809749767,Afluente (m3/seg)_daily_avg
2018-07-03,98.3076137465613,Afluente (m3/seg)_daily_avg
2018-07-04,142.966533800223,Afluente (m3/seg)_daily_avg
2018-07-05,241.902445206112,Afluente (m3/seg)_daily_avg
2018-07-06,528.834092910722,Afluente (m3/seg)_daily_avg
2018-07-07,605.661916619091,Afluente (m3/seg)_daily_avg
2018-07-08,287.49349397138,Afluente (m3/seg)_daily_avg
2018-07-09,202.172295046357,Afluente (m3/seg)_daily_avg
2018-07-10,47.313899613471,Afluente (m3/seg)_daily_avg
2018-07-11,82.2693150946246,Afluente (m3/seg)_daily_avg
2018-07-12,0.0,Afluente (m3/seg)_daily_avg
2018-07-13,130.960115545276,Afluente (m3/seg)_daily_avg
2018-07-14,187.591185104029,Afluente (m3/seg)_daily_avg
2018-07-15,188.469491672634,Afluente (m3/seg)_daily_avg
2018-07-16,150.256372439712,Afluente (m3/seg)_daily_avg
2018-07-17,67.0140162851666,Afluente (m3/seg)_daily_avg
2018-07-18,50.0360406634167,Afluente (m3/seg)_daily_avg
2018-07-19,82.3177492599047,Afluente (m3/seg)_daily_avg
2018-07-20,161.465646605712,Afluente (m3/seg)_daily_avg
2018-07-21,124.869929524168,Afluente (m3/seg)_daily_avg
2018-07-22,127.405371351865,Afluente (m3/seg)_daily_avg
2018-07-23,59.241760105899,Afluente (m3/seg)_daily_avg
2018-07-24,66.352312299308,Afluente (m3/seg)_daily_avg
2018-07-25,74.0458794254301,Afluente (m3/seg)_daily_avg
2018-07-26,56.361386591697,Afluente (m3/seg)_daily_avg
2018-07-27,105.89049614309,Afluente (m3/seg)_daily_avg
2018-07-28,142.648463667685,Afluente (m3/seg)_daily_avg
2018-07-29,117.15111350992,Afluente (m3/seg)_daily_avg
2018-07-30,90.1237796474102,Afluente (m3/seg)_daily_avg
2018-07-31,59.5946841200501,Afluente (m3/seg)_daily_avg
2018-08-01,119.314073307343,Afluente (m3/seg)_daily_avg
2018-08-02,50.0887348551446,Afluente (m3/seg)_daily_avg
2018-08-03,94.7385599108805,Afluente (m3/seg)_daily_avg
2018-08-04,137.495084920246,Afluente (m3/seg)_daily_avg
2018-08-05,120.544476620176,Afluente (m3/seg)_daily_avg
2018-08-06,129.583807353002,Afluente (m3/seg)_daily_avg
2018-08-07,149.046755969693,Afluente (m3/seg)_daily_avg
2018-08-08,106.883628420348,Afluente (m3/seg)_daily_avg
2018-08-09,54.4202355263854,Afluente (m3/seg)_daily_avg
2018-08-10,67.7581058695881,Afluente (m3/seg)_daily_avg
2018-08-11,59.4672575750406,Afluente (m3/seg)_daily_avg
2018-08-12,112.627717857799,Afluente (m3/seg)_daily_avg
2018-08-13,127.681074432689,Afluente (m3/seg)_daily_avg
2018-08-14,99.4758520089676,Afluente (m3/seg)_daily_avg
2018-08-15,95.6192197807651,Afluente (m3/seg)_daily_avg
2018-08-16,0.0,Afluente (m3/seg)_daily_avg
2018-08-17,141.996741883506,Afluente (m3/seg)_daily_avg
2018-08-18,145.992408557773,Afluente (m3/seg)_daily_avg
2018-08-19,121.672658668876,Afluente (m3/seg)_daily_avg
2018-08-20,96.6461684219439,Afluente (m3/seg)_daily_avg
2018-08-21,79.407213655067,Afluente (m3/seg)_daily_avg
2018-08-22,14.4941628150567,Afluente (m3/seg)_daily_avg
2018-08-23,16.1869039276167,Afluente (m3/seg)_daily_avg
2018-08-24,79.3544867506607,Afluente (m3/seg)_daily_avg
2018-08-25,149.207700330273,Afluente (m3/seg)_daily_avg
2018-08-26,116.307956437443,Afluente (m3/seg)_daily_avg
2018-08-27,137.853644923106,Afluente (m3/seg)_daily_avg
2018-08-28,128.319756284378,Afluente (m3/seg)_daily_avg
2018-08-29,131.209756777682,Afluente (m3/seg)_daily_avg
2018-08-30,107.071050961588,Afluente (m3/seg)_daily_avg
2018-08-31,136.4959271061,Afluente (m3/seg)_daily_avg
2018-09-01,132.434102468374,Afluente (m3/seg)_daily_avg
2018-09-02,92.1790014924934,Afluente (m3/seg)_daily_avg
2018-09-03,115.213485921265,Afluente (m3/seg)_daily_avg
2018-09-04,87.6959262793914,Afluente (m3/seg)_daily_avg
2018-09-05,103.715514899755,Afluente (m3/seg)_daily_avg
2018-09-06,105.237995960831,Afluente (m3/seg)_daily_avg
2018-09-07,91.4244513271317,Afluente (m3/seg)_daily_avg
2018-09-08,92.5586403085348,Afluente (m3/seg)_daily_avg
2018-09-09,93.7000438130377,Afluente (m3/seg)_daily_avg
2018-09-10,86.9005598114772,Afluente (m3/seg)_daily_avg
2018-09-11,87.8712750362091,Afluente (m3/seg)_daily_avg
2018-09-12,64.5192603289817,Afluente (m3/seg)_daily_avg
2018-09-13,73.2040594502231,Afluente (m3/seg)_daily_avg
2018-09-14,57.3921379590401,Afluente (m3/seg)_daily_avg
2018-09-15,54.8468929171511,Afluente (m3/seg)_daily_avg
2018-09-16,51.4023225464431,Afluente (m3/seg)_daily_avg
2018-09-17,66.4747064114703,Afluente (m3/seg)_daily_avg
2018-09-18,100.699969832897,Afluente (m3/seg)_daily_avg
2018-09-19,127.551924386319,Afluente (m3/seg)_daily_avg
2018-09-20,129.42836707764,Afluente (m3/seg)_daily_avg
2018-09-21,104.903201462279,Afluente (m3/seg)_daily_avg
2018-09-22,90.6693470489286,Afluente (m3/seg)_daily_avg
2018-09-23,83.1845609038791,Afluente (m3/seg)_daily_avg
2018-09-24,90.9484000809257,Afluente (m3/seg)_daily_avg
2018-09-25,91.1147549428286,Afluente (m3/seg)_daily_avg
2018-09-26,76.9084796630895,Afluente (m3/seg)_daily_avg
2018-09-27,91.1003350428774,Afluente (m3/seg)_daily_avg
2018-09-28,99.2020009930357,Afluente (m3/seg)_daily_avg
2018-09-29,199.475410945861,Afluente (m3/seg)_daily_avg
2018-09-30,255.562867439768,Afluente (m3/seg)_daily_avg
2018-10-01,185.15137312087,Afluente (m3/seg)_daily_avg
2018-10-02,166.362314821738,Afluente (m3/seg)_daily_avg
2018-10-03,111.458422828208,Afluente (m3/seg)_daily_avg
2018-10-04,53.7654212440826,Afluente (m3/seg)_daily_avg
2018-10-05,68.5999136014103,Afluente (m3/seg)_daily_avg
2018-10-06,92.852677718672,Afluente (m3/seg)_daily_avg
2018-10-07,130.14127927264,Afluente (m3/seg)_daily_avg
2018-10-08,76.7577534220991,Afluente (m3/seg)_daily_avg
2018-10-09,43.8989260167833,Afluente (m3/seg)_daily_avg
2018-10-10,79.2039665452027,Afluente (m3/seg)_daily_avg
2018-10-11,67.194300425471,Afluente (m3/seg)_daily_avg
2018-10-12,118.403146442988,Afluente (m3/seg)_daily_avg
2018-10-13,96.1747271700436,Afluente (m3/seg)_daily_avg
2018-10-14,100.065756909889,Afluente (m3/seg)_daily_avg
2018-10-15,87.3655854631348,Afluente (m3/seg)_daily_avg
2018-10-16,10.9466562648017,Afluente (m3/seg)_daily_avg
2018-10-17,44.8972266569317,Afluente (m3/seg)_daily_avg
2018-10-18,83.5995499665126,Afluente (m3/seg)_daily_avg
2018-10-19,69.0558744557189,Afluente (m3/seg)_daily_avg
2018-10-20,51.5173837767441,Afluente (m3/seg)_daily_avg
2018-10-21,37.9917301664938,Afluente (m3/seg)_daily_avg
2018-10-22,51.3829009740467,Afluente (m3/seg)_daily_avg
2018-10-23,0.0,Afluente (m3/seg)_daily_avg
2018-10-24,30.0078935383006,Afluente (m3/seg)_daily_avg
2018-10-25,34.7896393711276,Afluente (m3/seg)_daily_avg
2018-10-26,47.9550439059427,Afluente (m3/seg)_daily_avg
2018-10-27,51.9884158928125,Afluente (m3/seg)_daily_avg
2018-10-28,30.0973376344507,Afluente (m3/seg)_daily_avg
2018-10-29,33.63842054559,Afluente (m3/seg)_daily_avg
2018-10-30,160.315638332341,Afluente (m3/seg)_daily_avg
2018-10-31,289.68057914988,Afluente (m3/seg)_daily_avg
2018-11-01,186.94099405843,Afluente (m3/seg)_daily_avg
2018-11-02,166.578082081388,Afluente (m3/seg)_daily_avg
2018-11-03,175.772145633792,Afluente (m3/seg)_daily_avg
2018-11-04,139.148612475799,Afluente (m3/seg)_daily_avg
2018-11-05,143.998117794785,Afluente (m3/seg)_daily_avg
2018-11-06,66.8769063104075,Afluente (m3/seg)_daily_avg
2018-11-07,32.1961921268655,Afluente (m3/seg)_daily_avg
2018-11-08,34.8686017452669,Afluente (m3/seg)_daily_avg
2018-11-09,34.44209463459,Afluente (m3/seg)_daily_avg
2018-11-10,119.387514358651,Afluente (m3/seg)_daily_avg
2018-11-11,130.386681680369,Afluente (m3/seg)_daily_avg
2018-11-12,98.7498038487414,Afluente (m3/seg)_daily_avg
2018-11-13,45.1114465434839,Afluente (m3/seg)_daily_avg
2018-11-14,70.9914587176526,Afluente (m3/seg)_daily_avg
2018-11-15,39.8161702113787,Afluente (m3/seg)_daily_avg
2018-11-16,24.2038553518482,Afluente (m3/seg)_daily_avg
2018-11-17,21.0682387595356,Afluente (m3/seg)_daily_avg
2018-11-18,21.1360443679748,Afluente (m3/seg)_daily_avg
2018-11-19,5.43243387864059,Afluente (m3/seg)_daily_avg
2018-11-20,7.03027464261915,Afluente (m3/seg)_daily_avg
2018-11-21,14.0831553303374,Afluente (m3/seg)_daily_avg
2018-11-22,49.5288455075145,Afluente (m3/seg)_daily_avg
2018-11-23,59.51646125573529,Afluente (m3/seg)_daily_avg
2018-11-24,57.5454859912733,Afluente (m3/seg)_daily_avg
2018-11-25,72.6195579906946,Afluente (m3/seg)_daily_avg
2018-11-26,52.6786256067759,Afluente (m3/seg)_daily_avg
2018-11-27,44.2174964627561,Afluente (m3/seg)_daily_avg
2018-11-28,14.8009624326227,Afluente (m3/seg)_daily_avg
2018-11-29,26.0266378720175,Afluente (m3/seg)_daily_avg
2018-11-30,39.1037722052523,Afluente (m3/seg)_daily_avg
2018-12-01,29.9432554198507,Afluente (m3/seg)_daily_avg
2018-12-02,30.06787359414311,Afluente (m3/seg)_daily_avg
2018-12-03,30.1927589718313,Afluente (m3/seg)_daily_avg
2018-12-04,30.3179115558628,Afluente (m3/seg)_daily_avg
2018-12-05,15.2059714980202,Afluente (m3/seg)_daily_avg
2018-12-06,22.8678208356912,Afluente (m3/seg)_daily_avg
2018-12-07,30.6004818341737,Afluente (m3/seg)_daily_avg
2018-12-08,23.0330480427357,Afluente (m3/seg)_daily_avg
2018-12-09,30.8211939335268,Afluente (m3/seg)_daily_avg
2018-12-10,7.922300126927801,Afluente (m3/seg)_daily_avg
2018-12-11,15.4738370944566,Afluente (m3/seg)_daily_avg
2018-12-12,7.74879355453272,Afluente (m3/seg)_daily_avg
2018-12-13,0.0,Afluente (m3/seg)_daily_avg
2018-12-14,7.75671579268183,Afluente (m3/seg)_daily_avg
2018-12-15,0.0,Afluente (m3/seg)_daily_avg
2018-12-16,7.76464220558005,Afluente (m3/seg)_daily_avg
2018-12-17,0.0,Afluente (m3/seg)_daily_avg
2018-12-18,3.745005723440999,Afluente (m3/seg)_daily_avg
2018-12-19,0.0,Afluente (m3/seg)_daily_avg
2018-12-20,7.77257279390108,Afluente (m3/seg)_daily_avg
2018-12-21,0.0,Afluente (m3/seg)_daily_avg
2018-12-22,7.78050755747649,Afluente (m3/seg)_daily_avg
2018-12-23,0.0,Afluente (m3/seg)_daily_avg
2018-12-24,7.78844649630628,Afluente (m3/seg)_daily_avg
2018-12-25,15.6007265070878,Afluente (m3/seg)_daily_avg
2018-12-26,78.4813883683455,Afluente (m3/seg)_daily_avg
2018-12-27,47.4722401063614,Afluente (m3/seg)_daily_avg
2018-12-28,31.808469698936,Afluente (m3/seg)_daily_avg
2018-12-29,31.9370291403916,Afluente (m3/seg)_daily_avg
2018-12-30,32.0658557863377,Afluente (m3/seg)_daily_avg
2018-12-31,24.1340950665121,Afluente (m3/seg)_daily_avg
2019-01-01,16.1297942066893,Afluente (m3/seg)_daily_avg
2019-01-02,32.3566927063776,Afluente (m3/seg)_daily_avg
2019-01-03,32.4863877673394,Afluente (m3/seg)_daily_avg
2019-01-04,8.1418931080811,Afluente (m3/seg)_daily_avg
2019-01-05,8.15001992443151,Afluente (m3/seg)_daily_avg
2019-01-06,8.15815091671,Afluente (m3/seg)_daily_avg
2019-01-07,8.16628608306389,Afluente (m3/seg)_daily_avg
2019-01-08,24.5477110017115,Afluente (m3/seg)_daily_avg
2019-01-09,8.19886850085486,Afluente (m3/seg)_daily_avg
2019-01-10,8.20702454348066,Afluente (m3/seg)_daily_avg
2019-01-11,0.0,Afluente (m3/seg)_daily_avg
2019-01-12,0.0,Afluente (m3/seg)_daily_avg
2019-01-13,0.0,Afluente (m3/seg)_daily_avg
2019-01-14,0.0,Afluente (m3/seg)_daily_avg
2019-01-15,0.0,Afluente (m3/seg)_daily_avg
2019-01-16,0.0,Afluente (m3/seg)_daily_avg
2019-01-17,0.0,Afluente (m3/seg)_daily_avg
2019-01-18,0.0,Afluente (m3/seg)_daily_avg
2019-01-19,0.0,Afluente (m3/seg)_daily_avg
2019-01-20,0.0,Afluente (m3/seg)_daily_avg
2019-01-21,0.0,Afluente (m3/seg)_daily_avg
2019-01-22,0.0,Afluente (m3/seg)_daily_avg
2019-01-23,0.0,Afluente (m3/seg)_daily_avg
2019-01-24,0.0,Afluente (m3/seg)_daily_avg
2019-01-25,0.0,Afluente (m3/seg)_daily_avg
2019-01-26,0.0,Afluente (m3/seg)_daily_avg
2019-01-27,0.0,Afluente (m3/seg)_daily_avg
2019-01-28,0.0,Afluente (m3/seg)_daily_avg
2019-01-29,0.0,Afluente (m3/seg)_daily_avg
2019-01-30,0.0,Afluente (m3/seg)_daily_avg
2019-01-31,0.0,Afluente (m3/seg)_daily_avg
2019-02-01,0.0,Afluente (m3/seg)_daily_avg
2019-02-02,0.0,Afluente (m3/seg)_daily_avg
2019-02-03,0.0,Afluente (m3/seg)_daily_avg
2019-02-04,0.0,Afluente (m3/seg)_daily_avg
2019-02-05,0.0,Afluente (m3/seg)_daily_avg
2019-02-06,0.0,Afluente (m3/seg)_daily_avg
2019-02-07,0.0,Afluente (m3/seg)_daily_avg
2019-02-08,0.0,Afluente (m3/seg)_daily_avg
2019-02-09,0.0,Afluente (m3/seg)_daily_avg
2019-02-10,0.0,Afluente (m3/seg)_daily_avg
2019-02-11,0.0,Afluente (m3/seg)_daily_avg
2019-02-12,0.0,Afluente (m3/seg)_daily_avg
2019-02-13,0.0,Afluente (m3/seg)_daily_avg
2019-02-14,0.0,Afluente (m3/seg)_daily_avg
2019-02-15,0.0,Afluente (m3/seg)_daily_avg
2019-02-16,0.0,Afluente (m3/seg)_daily_avg
2019-02-17,8.10942759236005,Afluente (m3/seg)_daily_avg
2019-02-18,0.0,Afluente (m3/seg)_daily_avg
2019-02-19,32.5188532830604,Afluente (m3/seg)_daily_avg
2019-02-20,16.3081708411415,Afluente (m3/seg)_daily_avg
2019-02-21,16.3407115084098,Afluente (m3/seg)_daily_avg
2019-02-22,8.18256894170325,Afluente (m3/seg)_daily_avg
2019-02-23,16.3895851355173,Afluente (m3/seg)_daily_avg
2019-02-24,0.0,Afluente (m3/seg)_daily_avg
2019-02-25,8.20702454348066,Afluente (m3/seg)_daily_avg
2019-02-26,8.21518476018186,Afluente (m3/seg)_daily_avg
2019-02-27,8.22334915281115,Afluente (m3/seg)_daily_avg
2019-02-28,0.0,Afluente (m3/seg)_daily_avg
2019-03-01,0.0,Afluente (m3/seg)_daily_avg
2019-03-02,8.23151772052639,Afluente (m3/seg)_daily_avg
2019-03-03,8.23969046231704,Afluente (m3/seg)_daily_avg
2019-03-04,8.2478673802042,Afluente (m3/seg)_daily_avg
2019-03-05,41.3621367909366,Afluente (m3/seg)_daily_avg
2019-03-06,17.5476060392093,Afluente (m3/seg)_daily_avg
2019-03-07,0.0,Afluente (m3/seg)_daily_avg
2019-03-08,0.0,Afluente (m3/seg)_daily_avg
2019-03-09,0.0,Afluente (m3/seg)_daily_avg
2019-03-10,8.07702887767745,Afluente (m3/seg)_daily_avg
2019-03-11,5.49371037969479,Afluente (m3/seg)_daily_avg
2019-03-12,40.7593965785467,Afluente (m3/seg)_daily_avg
2019-03-13,0.0,Afluente (m3/seg)_daily_avg
2019-03-14,8.02049186673954,Afluente (m3/seg)_daily_avg
2019-03-15,8.87905992587097,Afluente (m3/seg)_daily_avg
2019-03-16,8.36369879460498,Afluente (m3/seg)_daily_avg
2019-03-17,16.0974706432171,Afluente (m3/seg)_daily_avg
2019-03-18,16.1297942066893,Afluente (m3/seg)_daily_avg
2019-03-19,15.2026241744069,Afluente (m3/seg)_daily_avg
2019-03-20,4.29070509808241,Afluente (m3/seg)_daily_avg
2019-03-21,3.08265408536655,Afluente (m3/seg)_daily_avg
2019-03-22,0.0,Afluente (m3/seg)_daily_avg
2019-03-23,15.8240689020035,Afluente (m3/seg)_daily_avg
2019-03-24,15.8561085604729,Afluente (m3/seg)_daily_avg
2019-03-25,0.0,Afluente (m3/seg)_daily_avg
2019-03-26,0.0,Afluente (m3/seg)_daily_avg
2019-03-27,0.0,Afluente (m3/seg)_daily_avg
2019-03-28,0.0,Afluente (m3/seg)_daily_avg
2019-03-29,0.0,Afluente (m3/seg)_daily_avg
2019-03-30,5.772701196444131,Afluente (m3/seg)_daily_avg
2019-03-31,18.6757793264263,Afluente (m3/seg)_daily_avg
2019-04-01,4.28390684968184,Afluente (m3/seg)_daily_avg
2019-04-02,10.9522462137159,Afluente (m3/seg)_daily_avg
2019-04-03,0.0,Afluente (m3/seg)_daily_avg
2019-04-04,12.6281731116637,Afluente (m3/seg)_daily_avg
2019-04-05,6.46783455341264,Afluente (m3/seg)_daily_avg
2019-04-06,33.1117040973873,Afluente (m3/seg)_daily_avg
2019-04-07,39.9754092075421,Afluente (m3/seg)_daily_avg
2019-04-08,37.7633728874969,Afluente (m3/seg)_daily_avg
2019-04-09,30.4291131149258,Afluente (m3/seg)_daily_avg
2019-04-10,13.6696799202037,Afluente (m3/seg)_daily_avg
2019-04-11,3.59063611607405,Afluente (m3/seg)_daily_avg
2019-04-12,0.0,Afluente (m3/seg)_daily_avg
2019-04-13,0.0,Afluente (m3/seg)_daily_avg
2019-04-14,28.8346191862365,Afluente (m3/seg)_daily_avg
2019-04-15,14.2040224868389,Afluente (m3/seg)_daily_avg
2019-04-16,0.0,Afluente (m3/seg)_daily_avg
2019-04-17,47.6627033413024,Afluente (m3/seg)_daily_avg
2019-04-18,25.7291319403417,Afluente (m3/seg)_daily_avg
2019-04-19,29.9795478549135,Afluente (m3/seg)_daily_avg
2019-04-20,54.4010889457577,Afluente (m3/seg)_daily_avg
2019-04-21,54.9666995610736,Afluente (m3/seg)_daily_avg
2019-04-22,55.5353538019248,Afluente (m3/seg)_daily_avg
2019-04-23,0.0,Afluente (m3/seg)_daily_avg
2019-04-24,0.0,Afluente (m3/seg)_daily_avg
2019-04-25,27.0359075908332,Afluente (m3/seg)_daily_avg
2019-04-26,64.7405367399019,Afluente (m3/seg)_daily_avg
2019-04-27,59.57844180245419,Afluente (m3/seg)_daily_avg
2019-04-28,54.2132284359738,Afluente (m3/seg)_daily_avg
2019-04-29,54.1444639869568,Afluente (m3/seg)_daily_avg
2019-04-30,0.0,Afluente (m3/seg)_daily_avg
2019-05-01,40.9584198799469,Afluente (m3/seg)_daily_avg
2019-05-02,34.1222109393041,Afluente (m3/seg)_daily_avg
2019-05-03,54.2656313969625,Afluente (m3/seg)_daily_avg
2019-05-04,65.7265461351623,Afluente (m3/seg)_daily_avg
2019-05-05,72.6603262064095,Afluente (m3/seg)_daily_avg
2019-05-06,14.7000489779066,Afluente (m3/seg)_daily_avg
2019-05-07,29.7850383993752,Afluente (m3/seg)_daily_avg
2019-05-08,0.0243833745703199,Afluente (m3/seg)_daily_avg
2019-05-09,25.3541135483209,Afluente (m3/seg)_daily_avg
2019-05-10,81.9651351797027,Afluente (m3/seg)_daily_avg
2019-05-11,53.4030740931047,Afluente (m3/seg)_daily_avg
2019-05-12,59.99390556814469,Afluente (m3/seg)_daily_avg
2019-05-13,67.527282936858,Afluente (m3/seg)_daily_avg
2019-05-14,5.91987481584511,Afluente (m3/seg)_daily_avg
2019-05-15,5.13201014184784,Afluente (m3/seg)_daily_avg
2019-05-16,20.0848808360915,Afluente (m3/seg)_daily_avg
2019-05-17,35.4931450297466,Afluente (m3/seg)_daily_avg
2019-05-18,70.2557216023976,Afluente (m3/seg)_daily_avg
2019-05-19,65.2705004339354,Afluente (m3/seg)_daily_avg
2019-05-20,72.1593648466768,Afluente (m3/seg)_daily_avg
2019-05-21,58.7602332061178,Afluente (m3/seg)_daily_avg
2019-05-22,70.5721598744306,Afluente (m3/seg)_daily_avg
2019-05-23,2.85263525601627,Afluente (m3/seg)_daily_avg
2019-05-24,0.0,Afluente (m3/seg)_daily_avg
2019-05-25,50.6702905276543,Afluente (m3/seg)_daily_avg
2019-05-26,88.6954044460287,Afluente (m3/seg)_daily_avg
2019-05-27,5.20310832663466,Afluente (m3/seg)_daily_avg
2019-05-28,68.3329736934439,Afluente (m3/seg)_daily_avg
2019-05-29,78.4066975251468,Afluente (m3/seg)_daily_avg
2019-05-30,114.470613403595,Afluente (m3/seg)_daily_avg
2019-05-31,80.907006822473,Afluente (m3/seg)_daily_avg
2019-06-01,147.505663514949,Afluente (m3/seg)_daily_avg
2019-06-02,113.300327377433,Afluente (m3/seg)_daily_avg
2019-06-03,92.5878275209656,Afluente (m3/seg)_daily_avg
2019-06-04,62.3896211946224,Afluente (m3/seg)_daily_avg
2019-06-05,56.6306157397445,Afluente (m3/seg)_daily_avg
2019-06-06,109.621701875329,Afluente (m3/seg)_daily_avg
2019-06-07,84.3311571406737,Afluente (m3/seg)_daily_avg
2019-06-08,64.9663213148581,Afluente (m3/seg)_daily_avg
2019-06-09,77.7559776239546,Afluente (m3/seg)_daily_avg
2019-06-10,63.9443984495562,Afluente (m3/seg)_daily_avg
2019-06-11,62.3169552206732,Afluente (m3/seg)_daily_avg
2019-06-12,62.6030608161977,Afluente (m3/seg)_daily_avg
2019-06-13,44.1766636806464,Afluente (m3/seg)_daily_avg
2019-06-14,53.7187848460607,Afluente (m3/seg)_daily_avg
2019-06-15,73.2730790577096,Afluente (m3/seg)_daily_avg
2019-06-16,89.2425811699647,Afluente (m3/seg)_daily_avg
2019-06-17,64.3345235210573,Afluente (m3/seg)_daily_avg
2019-06-18,80.4024071767424,Afluente (m3/seg)_daily_avg
2019-06-19,54.6862545329682,Afluente (m3/seg)_daily_avg
2019-06-20,59.8519324445791,Afluente (m3/seg)_daily_avg
2019-06-21,44.1713834392722,Afluente (m3/seg)_daily_avg
2019-06-22,74.9930102184117,Afluente (m3/seg)_daily_avg
2019-06-23,75.7341346317826,Afluente (m3/seg)_daily_avg
2019-06-24,0.0,Afluente (m3/seg)_daily_avg
2019-06-25,56.3219865723022,Afluente (m3/seg)_daily_avg
2019-06-26,108.352182769781,Afluente (m3/seg)_daily_avg
2019-06-27,105.667039537854,Afluente (m3/seg)_daily_avg
2019-06-28,95.1946859169836,Afluente (m3/seg)_daily_avg
2019-06-29,166.664196665592,Afluente (m3/seg)_daily_avg
2019-06-30,177.102316635539,Afluente (m3/seg)_daily_avg
2019-07-01,92.4959639345468,Afluente (m3/seg)_daily_avg
2019-07-02,96.3090689498996,Afluente (m3/seg)_daily_avg
2019-07-03,53.2994412066999,Afluente (m3/seg)_daily_avg
2019-07-04,68.5661686811955,Afluente (m3/seg)_daily_avg
2019-07-05,39.9906341116195,Afluente (m3/seg)_daily_avg
2019-07-06,85.0361512256478,Afluente (m3/seg)_daily_avg
2019-07-07,79.9227316466261,Afluente (m3/seg)_daily_avg
2019-07-08,39.5757134828608,Afluente (m3/seg)_daily_avg
2019-07-09,91.7165975270277,Afluente (m3/seg)_daily_avg
2019-07-10,119.192281173581,Afluente (m3/seg)_daily_avg
2019-07-11,91.6889893757274,Afluente (m3/seg)_daily_avg
2019-07-12,89.4215381439338,Afluente (m3/seg)_daily_avg
2019-07-13,97.3741747836559,Afluente (m3/seg)_daily_avg
2019-07-14,105.666215223395,Afluente (m3/seg)_daily_avg
2019-07-15,93.9956464293135,Afluente (m3/seg)_daily_avg
2019-07-16,57.85766628179131,Afluente (m3/seg)_daily_avg
2019-07-17,75.4880881569123,Afluente (m3/seg)_daily_avg
2019-07-18,95.5466521411465,Afluente (m3/seg)_daily_avg
2019-07-19,81.4107934290013,Afluente (m3/seg)_daily_avg
2019-07-20,83.9573805782729,Afluente (m3/seg)_daily_avg
2019-07-21,116.776047384013,Afluente (m3/seg)_daily_avg
2019-07-22,83.214297977983,Afluente (m3/seg)_daily_avg
2019-07-23,89.3668035860003,Afluente (m3/seg)_daily_avg
2019-07-24,1.22310205967844,Afluente (m3/seg)_daily_avg
2019-07-25,0.0,Afluente (m3/seg)_daily_avg
2019-07-26,0.0,Afluente (m3/seg)_daily_avg
2019-07-27,7.929856952519539,Afluente (m3/seg)_daily_avg
2019-07-28,70.1568519631862,Afluente (m3/seg)_daily_avg
2019-07-29,42.6076182228358,Afluente (m3/seg)_daily_avg
2019-07-30,95.3259410915861,Afluente (m3/seg)_daily_avg
2019-07-31,113.236308510236,Afluente (m3/seg)_daily_avg
2019-08-01,113.629543252242,Afluente (m3/seg)_daily_avg
2019-08-02,59.88200878687131,Afluente (m3/seg)_daily_avg
2019-08-03,56.8730671068235,Afluente (m3/seg)_daily_avg
2019-08-04,49.7731570955822,Afluente (m3/seg)_daily_avg
2019-08-05,46.9992997296713,Afluente (m3/seg)_daily_avg
2019-08-06,72.7971289533358,Afluente (m3/seg)_daily_avg
2019-08-07,116.174806383882,Afluente (m3/seg)_daily_avg
2019-08-08,93.5121285414829,Afluente (m3/seg)_daily_avg
2019-08-09,71.3431665145201,Afluente (m3/seg)_daily_avg
2019-08-10,77.2582780352021,Afluente (m3/seg)_daily_avg
2019-08-11,60.88999002226049,Afluente (m3/seg)_daily_avg
2019-08-12,44.3253346102941,Afluente (m3/seg)_daily_avg
2019-08-13,59.2870542486976,Afluente (m3/seg)_daily_avg
2019-08-14,82.8014810889289,Afluente (m3/seg)_daily_avg
2019-08-15,84.0154504266543,Afluente (m3/seg)_daily_avg
2019-08-16,85.2385923963084,Afluente (m3/seg)_daily_avg
2019-08-17,86.470906998565,Afluente (m3/seg)_daily_avg
2019-08-18,65.8072314593059,Afluente (m3/seg)_daily_avg
2019-08-19,67.9510934938426,Afluente (m3/seg)_daily_avg
2019-08-20,14.038558136606,Afluente (m3/seg)_daily_avg
2019-08-21,67.434091589786,Afluente (m3/seg)_daily_avg
2019-08-22,64.548636721227,Afluente (m3/seg)_daily_avg
2019-08-23,52.01237137981,Afluente (m3/seg)_daily_avg
2019-08-24,48.372152489096,Afluente (m3/seg)_daily_avg
2019-08-25,55.7313243247235,Afluente (m3/seg)_daily_avg
2019-08-26,49.159272480884,Afluente (m3/seg)_daily_avg
2019-08-27,49.5288455075145,Afluente (m3/seg)_daily_avg
2019-08-28,49.8998505831541,Afluente (m3/seg)_daily_avg
2019-08-29,43.0676757727505,Afluente (m3/seg)_daily_avg
2019-08-30,43.3422048641424,Afluente (m3/seg)_daily_avg
2019-08-31,36.3288643906243,Afluente (m3/seg)_daily_avg
2019-09-01,36.5206577381556,Afluente (m3/seg)_daily_avg
2019-09-02,30.8259522000332,Afluente (m3/seg)_daily_avg
2019-09-03,13.2527391156145,Afluente (m3/seg)_daily_avg
2019-09-04,22.1434776996695,Afluente (m3/seg)_daily_avg
2019-09-05,22.2130493638259,Afluente (m3/seg)_daily_avg
2019-09-06,22.2827337542926,Afluente (m3/seg)_daily_avg
2019-09-07,14.893925054501,Afluente (m3/seg)_daily_avg
2019-09-08,22.3991249100032,Afluente (m3/seg)_daily_avg
2019-09-09,22.469109905985,Afluente (m3/seg)_daily_avg
2019-09-10,15.0183428250885,Afluente (m3/seg)_daily_avg
2019-09-11,15.0495307690545,Afluente (m3/seg)_daily_avg
2019-09-12,7.53647130076624,Afluente (m3/seg)_daily_avg
2019-09-13,7.54428081260509,Afluente (m3/seg)_daily_avg
2019-09-14,7.55209449843514,Afluente (m3/seg)_daily_avg
2019-09-15,15.1276467566411,Afluente (m3/seg)_daily_avg
2019-09-16,7.575560608125271,Afluente (m3/seg)_daily_avg
2019-09-17,15.1746165511213,Afluente (m3/seg)_daily_avg
2019-09-18,7.599064292999509,Afluente (m3/seg)_daily_avg
2019-09-19,15.2216614963065,Afluente (m3/seg)_daily_avg
2019-09-20,7.62260555398421,Afluente (m3/seg)_daily_avg
2019-09-21,15.2687815933758,Afluente (m3/seg)_daily_avg
2019-09-22,7.64618438973196,Afluente (m3/seg)_daily_avg
2019-09-23,7.65405235176365,Afluente (m3/seg)_daily_avg
2019-09-24,7.66192448972342,Afluente (m3/seg)_daily_avg
2019-09-25,7.66980080175859,Afluente (m3/seg)_daily_avg
2019-09-26,7.67768128904815,Afluente (m3/seg)_daily_avg
2019-09-27,7.685565951928929,Afluente (m3/seg)_daily_avg
2019-09-28,7.69345478922198,Afluente (m3/seg)_daily_avg
2019-09-29,7.70134780210625,Afluente (m3/seg)_daily_avg
2019-09-30,7.70924498990806,Afluente (m3/seg)_daily_avg
2019-10-01,23.1751598458787,Afluente (m3/seg)_daily_avg
2019-10-02,15.4896690460023,Afluente (m3/seg)_daily_avg
2019-10-03,15.5213579982619,Afluente (m3/seg)_daily_avg
2019-10-04,7.77257279390108,Afluente (m3/seg)_daily_avg
2019-10-05,7.78050755747649,Afluente (m3/seg)_daily_avg
2019-10-06,7.78844649630628,Afluente (m3/seg)_daily_avg
2019-10-07,15.6007265070878,Afluente (m3/seg)_daily_avg
2019-10-08,7.812288362300829,Afluente (m3/seg)_daily_avg
2019-10-09,0.656501167302142,Afluente (m3/seg)_daily_avg
2019-10-10,0.0,Afluente (m3/seg)_daily_avg
2019-10-11,0.0,Afluente (m3/seg)_daily_avg
2019-10-12,7.82024399995862,Afluente (m3/seg)_daily_avg
2019-10-13,0.0,Afluente (m3/seg)_daily_avg
2019-10-14,0.0,Afluente (m3/seg)_daily_avg
2019-10-15,0.0,Afluente (m3/seg)_daily_avg
2019-10-16,0.393849048929929,Afluente (m3/seg)_daily_avg
2019-10-17,0.0,Afluente (m3/seg)_daily_avg
2019-10-18,0.0,Afluente (m3/seg)_daily_avg
2019-10-19,0.0,Afluente (m3/seg)_daily_avg
2019-10-20,7.82820381438661,Afluente (m3/seg)_daily_avg
2019-10-21,7.83616780305844,Afluente (m3/seg)_daily_avg
2019-10-22,7.84413596681622,Afluente (m3/seg)_daily_avg
2019-10-23,0.0,Afluente (m3/seg)_daily_avg
2019-10-24,7.85210830616523,Afluente (m3/seg)_daily_avg
2019-10-25,7.86008482026335,Afluente (m3/seg)_daily_avg
2019-10-26,0.0,Afluente (m3/seg)_daily_avg
2019-10-27,7.868065509110581,Afluente (m3/seg)_daily_avg
2019-10-28,7.8760503733806,Afluente (m3/seg)_daily_avg
2019-10-29,7.88403941290502,Afluente (m3/seg)_daily_avg
2019-10-30,7.89203262751538,Afluente (m3/seg)_daily_avg
2019-10-31,0.0,Afluente (m3/seg)_daily_avg
2019-11-01,7.90003001636958,Afluente (m3/seg)_daily_avg
2019-11-02,7.90803158115186,Afluente (m3/seg)_daily_avg
2019-11-03,1.11430044699316,Afluente (m3/seg)_daily_avg
2019-11-04,15.8400845563207,Afluente (m3/seg)_daily_avg
2019-11-05,0.0,Afluente (m3/seg)_daily_avg
2019-11-06,7.93206132500388,Afluente (m3/seg)_daily_avg
2019-11-07,0.0,Afluente (m3/seg)_daily_avg
2019-11-08,0.0,Afluente (m3/seg)_daily_avg
2019-11-09,7.93206132500388,Afluente (m3/seg)_daily_avg
2019-11-10,7.940079589456289,Afluente (m3/seg)_daily_avg
2019-11-11,0.0,Afluente (m3/seg)_daily_avg
2019-11-12,0.0,Afluente (m3/seg)_daily_avg
2019-11-13,0.0,Afluente (m3/seg)_daily_avg
2019-11-14,0.0,Afluente (m3/seg)_daily_avg
2019-11-15,0.0,Afluente (m3/seg)_daily_avg
2019-11-16,0.0,Afluente (m3/seg)_daily_avg
2019-11-17,0.0,Afluente (m3/seg)_daily_avg
2019-11-18,0.0,Afluente (m3/seg)_daily_avg
2019-11-19,0.0,Afluente (m3/seg)_daily_avg
2019-11-20,0.0,Afluente (m3/seg)_daily_avg
2019-11-21,0.0,Afluente (m3/seg)_daily_avg
2019-11-22,0.0,Afluente (m3/seg)_daily_avg
2019-11-23,0.0,Afluente (m3/seg)_daily_avg
2019-11-24,0.0,Afluente (m3/seg)_daily_avg
2019-11-25,0.0,Afluente (m3/seg)_daily_avg
2019-11-26,0.0,Afluente (m3/seg)_daily_avg
2019-11-27,0.0,Afluente (m3/seg)_daily_avg
2019-11-28,0.0,Afluente (m3/seg)_daily_avg
2019-11-29,0.0,Afluente (m3/seg)_daily_avg
2019-11-30,0.0,Afluente (m3/seg)_daily_avg
2019-12-01,0.0,Afluente (m3/seg)_daily_avg
2019-12-02,0.0,Afluente (m3/seg)_daily_avg
2019-12-03,0.0,Afluente (m3/seg)_daily_avg
2019-12-04,0.0,Afluente (m3/seg)_daily_avg
2019-12-05,0.0,Afluente (m3/seg)_daily_avg
2019-12-06,0.0,Afluente (m3/seg)_daily_avg
2019-12-07,0.0,Afluente (m3/seg)_daily_avg
2019-12-08,0.0,Afluente (m3/seg)_daily_avg
2019-12-09,0.0,Afluente (m3/seg)_daily_avg
2019-12-10,0.0,Afluente (m3/seg)_daily_avg
2019-12-11,0.0,Afluente (m3/seg)_daily_avg
2019-12-12,0.0,Afluente (m3/seg)_daily_avg
2019-12-13,0.0,Afluente (m3/seg)_daily_avg
2019-12-14,0.0,Afluente (m3/seg)_daily_avg
2019-12-15,0.0,Afluente (m3/seg)_daily_avg
2019-12-16,0.0,Afluente (m3/seg)_daily_avg
2019-12-17,0.0,Afluente (m3/seg)_daily_avg
2019-12-18,0.0,Afluente (m3/seg)_daily_avg
2019-12-19,0.0,Afluente (m3/seg)_daily_avg
2019-12-20,0.0,Afluente (m3/seg)_daily_avg
2019-12-21,0.0,Afluente (m3/seg)_daily_avg
2019-12-22,0.0,Afluente (m3/seg)_daily_avg
2019-12-23,0.0,Afluente (m3/seg)_daily_avg
2019-12-24,0.0,Afluente (m3/seg)_daily_avg
2019-12-25,0.0,Afluente (m3/seg)_daily_avg
2019-12-26,0.0,Afluente (m3/seg)_daily_avg
2019-12-27,0.0,Afluente (m3/seg)_daily_avg
2019-12-28,0.0,Afluente (m3/seg)_daily_avg
2019-12-29,0.0,Afluente (m3/seg)_daily_avg
2019-12-30,0.0,Afluente (m3/seg)_daily_avg
2019-12-31,0.0,Afluente (m3/seg)_daily_avg
2020-01-01,0.0,Afluente (m3/seg)_daily_avg
2020-01-02,0.0,Afluente (m3/seg)_daily_avg
2020-01-03,0.0,Afluente (m3/seg)_daily_avg
2020-01-04,0.0,Afluente (m3/seg)_daily_avg
2020-01-05,0.0,Afluente (m3/seg)_daily_avg
2020-01-06,0.0,Afluente (m3/seg)_daily_avg
2020-01-07,0.0,Afluente (m3/seg)_daily_avg
2020-01-08,0.0,Afluente (m3/seg)_daily_avg
2020-01-09,0.0,Afluente (m3/seg)_daily_avg
2020-01-10,0.0,Afluente (m3/seg)_daily_avg
2020-01-11,0.0,Afluente (m3/seg)_daily_avg
2020-01-12,0.0,Afluente (m3/seg)_daily_avg
2020-01-13,0.0,Afluente (m3/seg)_daily_avg
2020-01-14,0.0,Afluente (m3/seg)_daily_avg
2020-01-15,0.0,Afluente (m3/seg)_daily_avg
2020-01-16,0.0,Afluente (m3/seg)_daily_avg
2020-01-17,0.0,Afluente (m3/seg)_daily_avg
2020-01-18,0.0,Afluente (m3/seg)_daily_avg
2020-01-19,0.0,Afluente (m3/seg)_daily_avg
2020-01-20,0.0,Afluente (m3/seg)_daily_avg
2020-01-21,0.0,Afluente (m3/seg)_daily_avg
2020-01-22,0.0,Afluente (m3/seg)_daily_avg
2020-01-23,0.0,Afluente (m3/seg)_daily_avg
2020-01-24,0.0,Afluente (m3/seg)_daily_avg
2020-01-25,0.0,Afluente (m3/seg)_daily_avg
2020-01-26,0.0,Afluente (m3/seg)_daily_avg
2020-01-27,0.0,Afluente (m3/seg)_daily_avg
2020-01-28,0.0,Afluente (m3/seg)_daily_avg
2020-01-29,0.0,Afluente (m3/seg)_daily_avg
2020-01-30,0.0,Afluente (m3/seg)_daily_avg
2020-01-31,0.0,Afluente (m3/seg)_daily_avg
2020-02-01,0.0,Afluente (m3/seg)_daily_avg
2020-02-02,0.0,Afluente (m3/seg)_daily_avg
2020-02-03,0.0,Afluente (m3/seg)_daily_avg
2020-02-04,0.0,Afluente (m3/seg)_daily_avg
2020-02-05,0.0,Afluente (m3/seg)_daily_avg
2020-02-06,0.0,Afluente (m3/seg)_daily_avg
2020-02-07,0.0,Afluente (m3/seg)_daily_avg
2020-02-08,0.0,Afluente (m3/seg)_daily_avg
2020-02-09,0.0,Afluente (m3/seg)_daily_avg
2020-02-10,0.0,Afluente (m3/seg)_daily_avg
2020-02-11,0.0,Afluente (m3/seg)_daily_avg
2020-02-12,0.0,Afluente (m3/seg)_daily_avg
2020-02-13,0.0,Afluente (m3/seg)_daily_avg
2020-02-14,0.0,Afluente (m3/seg)_daily_avg
2020-02-15,0.0,Afluente (m3/seg)_daily_avg
2020-02-16,0.0,Afluente (m3/seg)_daily_avg
2020-02-17,0.0,Afluente (m3/seg)_daily_avg
2020-02-18,0.0,Afluente (m3/seg)_daily_avg
2020-02-19,0.0,Afluente (m3/seg)_daily_avg
2020-02-20,0.0,Afluente (m3/seg)_daily_avg
2020-02-21,0.0,Afluente (m3/seg)_daily_avg
2020-02-22,0.0,Afluente (m3/seg)_daily_avg
2020-02-23,0.0,Afluente (m3/seg)_daily_avg
2020-02-24,0.0,Afluente (m3/seg)_daily_avg
2020-02-25,0.0,Afluente (m3/seg)_daily_avg
2020-02-26,0.0,Afluente (m3/seg)_daily_avg
2020-02-27,0.0,Afluente (m3/seg)_daily_avg
2020-02-28,0.0,Afluente (m3/seg)_daily_avg
2020-02-29,0.0,Afluente (m3/seg)_daily_avg
2020-03-01,0.0,Afluente (m3/seg)_daily_avg
2020-03-02,0.0,Afluente (m3/seg)_daily_avg
2020-03-03,0.0,Afluente (m3/seg)_daily_avg
2020-03-04,0.0,Afluente (m3/seg)_daily_avg
2020-03-05,0.0,Afluente (m3/seg)_daily_avg
2020-03-06,0.0,Afluente (m3/seg)_daily_avg
2020-03-07,0.0,Afluente (m3/seg)_daily_avg
2020-03-08,0.0,Afluente (m3/seg)_daily_avg
2020-03-09,0.0,Afluente (m3/seg)_daily_avg
2020-03-10,0.0,Afluente (m3/seg)_daily_avg
2020-03-11,0.0,Afluente (m3/seg)_daily_avg
2020-03-12,0.0,Afluente (m3/seg)_daily_avg
2020-03-13,0.0,Afluente (m3/seg)_daily_avg
2020-03-14,0.0,Afluente (m3/seg)_daily_avg
2020-03-15,0.0,Afluente (m3/seg)_daily_avg
2020-03-16,0.0,Afluente (m3/seg)_daily_avg
2020-03-17,0.0,Afluente (m3/seg)_daily_avg
2020-03-18,0.0,Afluente (m3/seg)_daily_avg
2020-03-19,0.0,Afluente (m3/seg)_daily_avg
2020-03-20,0.0,Afluente (m3/seg)_daily_avg
2020-03-21,0.0,Afluente (m3/seg)_daily_avg
2020-03-22,0.0,Afluente (m3/seg)_daily_avg
2020-03-23,0.0,Afluente (m3/seg)_daily_avg
2020-03-24,0.0,Afluente (m3/seg)_daily_avg
2020-03-25,0.0,Afluente (m3/seg)_daily_avg
2020-03-26,0.0,Afluente (m3/seg)_daily_avg
2020-03-27,0.0,Afluente (m3/seg)_daily_avg
2020-03-28,0.0,Afluente (m3/seg)_daily_avg
2020-03-29,0.0,Afluente (m3/seg)_daily_avg
2020-03-30,0.0,Afluente (m3/seg)_daily_avg
2020-03-31,0.0,Afluente (m3/seg)_daily_avg
2020-04-01,0.0,Afluente (m3/seg)_daily_avg
2020-04-02,0.0,Afluente (m3/seg)_daily_avg
2020-04-03,0.0,Afluente (m3/seg)_daily_avg
2020-04-04,0.0,Afluente (m3/seg)_daily_avg
2020-04-05,6.71026412992096,Afluente (m3/seg)_daily_avg
2020-04-06,0.0,Afluente (m3/seg)_daily_avg
2020-04-07,0.0,Afluente (m3/seg)_daily_avg
2020-04-08,0.0,Afluente (m3/seg)_daily_avg
2020-04-09,0.0,Afluente (m3/seg)_daily_avg
2020-04-10,0.0,Afluente (m3/seg)_daily_avg
2020-04-11,0.0,Afluente (m3/seg)_daily_avg
2020-04-12,0.0,Afluente (m3/seg)_daily_avg
2020-04-13,6.71761855856959,Afluente (m3/seg)_daily_avg
2020-04-14,13.4573171024183,Afluente (m3/seg)_daily_avg
2020-04-15,6.73970689469435,Afluente (m3/seg)_daily_avg
2020-04-16,0.0,Afluente (m3/seg)_daily_avg
2020-04-17,6.74707802309732,Afluente (m3/seg)_daily_avg
2020-04-18,6.75445332692309,Afluente (m3/seg)_daily_avg
2020-04-19,6.76183280583481,Afluente (m3/seg)_daily_avg
2020-04-20,6.769216459327221,Afluente (m3/seg)_daily_avg
2020-04-21,0.0,Afluente (m3/seg)_daily_avg
2020-04-22,0.0,Afluente (m3/seg)_daily_avg
2020-04-23,6.74707802309732,Afluente (m3/seg)_daily_avg
2020-04-24,11.6483570112315,Afluente (m3/seg)_daily_avg
2020-04-25,0.0,Afluente (m3/seg)_daily_avg
2020-04-26,13.5015313500204,Afluente (m3/seg)_daily_avg
2020-04-27,13.531049265162,Afluente (m3/seg)_daily_avg
2020-04-28,0.0,Afluente (m3/seg)_daily_avg
2020-04-29,0.0,Afluente (m3/seg)_daily_avg
2020-04-30,0.0,Afluente (m3/seg)_daily_avg
2020-05-01,0.0,Afluente (m3/seg)_daily_avg
2020-05-02,4.4890766169019,Afluente (m3/seg)_daily_avg
2020-05-03,3.34913020475907,Afluente (m3/seg)_daily_avg
2020-05-04,0.0,Afluente (m3/seg)_daily_avg
2020-05-05,0.0,Afluente (m3/seg)_daily_avg
2020-05-06,0.0,Afluente (m3/seg)_daily_avg
2020-05-07,4.08367655500136,Afluente (m3/seg)_daily_avg
2020-05-08,3.30350676448026,Afluente (m3/seg)_daily_avg
2020-05-09,3.26814222506938,Afluente (m3/seg)_daily_avg
2020-05-10,4.75950902163741,Afluente (m3/seg)_daily_avg
2020-05-11,5.6457786434989,Afluente (m3/seg)_daily_avg
2020-05-12,23.4734903168491,Afluente (m3/seg)_daily_avg
2020-05-13,12.1100056585251,Afluente (m3/seg)_daily_avg
2020-05-14,18.2173276523288,Afluente (m3/seg)_daily_avg
2020-05-15,13.2654777199988,Afluente (m3/seg)_daily_avg
2020-05-16,13.1809084017833,Afluente (m3/seg)_daily_avg
2020-05-17,0.0,Afluente (m3/seg)_daily_avg
2020-05-18,5.6932299252321,Afluente (m3/seg)_daily_avg
2020-05-19,1.4810941728446,Afluente (m3/seg)_daily_avg
2020-05-20,28.8876007258334,Afluente (m3/seg)_daily_avg
2020-05-21,16.8387227705391,Afluente (m3/seg)_daily_avg
2020-05-22,18.3126108108935,Afluente (m3/seg)_daily_avg
2020-05-23,31.82546868085,Afluente (m3/seg)_daily_avg
2020-05-24,34.8774365300197,Afluente (m3/seg)_daily_avg
2020-05-25,4.97764454479152,Afluente (m3/seg)_daily_avg
2020-05-26,21.1369042592737,Afluente (m3/seg)_daily_avg
2020-05-27,0.0,Afluente (m3/seg)_daily_avg
2020-05-28,0.0,Afluente (m3/seg)_daily_avg
2020-05-29,19.9750455857065,Afluente (m3/seg)_daily_avg
2020-05-30,15.7224378340284,Afluente (m3/seg)_daily_avg
2020-05-31,29.7336532759107,Afluente (m3/seg)_daily_avg
2020-06-01,24.6629604895284,Afluente (m3/seg)_daily_avg
2020-06-02,9.82214247863413,Afluente (m3/seg)_daily_avg
2020-06-03,29.3298580545213,Afluente (m3/seg)_daily_avg
2020-06-04,19.9523944709982,Afluente (m3/seg)_daily_avg
2020-06-05,34.9635666021573,Afluente (m3/seg)_daily_avg
2020-06-06,19.0745293520721,Afluente (m3/seg)_daily_avg
2020-06-07,46.0026528887539,Afluente (m3/seg)_daily_avg
2020-06-08,29.5649608539053,Afluente (m3/seg)_daily_avg
2020-06-09,30.0458004804665,Afluente (m3/seg)_daily_avg
2020-06-10,0.0,Afluente (m3/seg)_daily_avg
2020-06-11,13.5458085208279,Afluente (m3/seg)_daily_avg
2020-06-12,72.885548233103,Afluente (m3/seg)_daily_avg
2020-06-13,63.09386227510049,Afluente (m3/seg)_daily_avg
2020-06-14,72.6784433281241,Afluente (m3/seg)_daily_avg
2020-06-15,70.2688353775777,Afluente (m3/seg)_daily_avg
2020-06-16,37.6416677997585,Afluente (m3/seg)_daily_avg
2020-06-17,78.4176560037705,Afluente (m3/seg)_daily_avg
2020-06-18,69.5763682353953,Afluente (m3/seg)_daily_avg
2020-06-19,201.937481752823,Afluente (m3/seg)_daily_avg
2020-06-20,225.498772636581,Afluente (m3/seg)_daily_avg
2020-06-21,182.955865596779,Afluente (m3/seg)_daily_avg
2020-06-22,197.737573861153,Afluente (m3/seg)_daily_avg
2020-06-23,273.369345231844,Afluente (m3/seg)_daily_avg
2020-06-24,326.652395387138,Afluente (m3/seg)_daily_avg
2020-06-25,252.366266649585,Afluente (m3/seg)_daily_avg
2020-06-26,85.9712908140311,Afluente (m3/seg)_daily_avg
2020-06-27,99.9603036879671,Afluente (m3/seg)_daily_avg
2020-06-28,196.68066245652,Afluente (m3/seg)_daily_avg
2020-06-29,497.943854628551,Afluente (m3/seg)_daily_avg
2020-06-30,781.103235077956,Afluente (m3/seg)_daily_avg
2020-07-01,437.057908536518,Afluente (m3/seg)_daily_avg
2020-07-02,288.979243734234,Afluente (m3/seg)_daily_avg
2020-07-03,142.927456220708,Afluente (m3/seg)_daily_avg
2020-07-04,417.43105512074,Afluente (m3/seg)_daily_avg
2020-07-05,964.234381988336,Afluente (m3/seg)_daily_avg
2020-07-06,445.34261000524,Afluente (m3/seg)_daily_avg
2020-07-07,267.806536862724,Afluente (m3/seg)_daily_avg
2020-07-08,218.945215443578,Afluente (m3/seg)_daily_avg
2020-07-09,246.730078685363,Afluente (m3/seg)_daily_avg
2020-07-10,146.075586158117,Afluente (m3/seg)_daily_avg
2020-07-11,101.219796765162,Afluente (m3/seg)_daily_avg
2020-07-12,60.927795439026,Afluente (m3/seg)_daily_avg
2020-07-13,65.555523504259,Afluente (m3/seg)_daily_avg
2020-07-14,147.546830168958,Afluente (m3/seg)_daily_avg
2020-07-15,76.5312956744526,Afluente (m3/seg)_daily_avg
2020-07-16,102.555040667261,Afluente (m3/seg)_daily_avg
2020-07-17,73.7495700607832,Afluente (m3/seg)_daily_avg
2020-07-18,145.55548889587,Afluente (m3/seg)_daily_avg
2020-07-19,210.038417419437,Afluente (m3/seg)_daily_avg
2020-07-20,147.088543722728,Afluente (m3/seg)_daily_avg
2020-07-21,237.690112992681,Afluente (m3/seg)_daily_avg
2020-07-22,202.51728400707,Afluente (m3/seg)_daily_avg
2020-07-23,183.281712220586,Afluente (m3/seg)_daily_avg
2020-07-24,174.24743768182,Afluente (m3/seg)_daily_avg
2020-07-25,244.984658214475,Afluente (m3/seg)_daily_avg
2020-07-26,176.628909227507,Afluente (m3/seg)_daily_avg
2020-07-27,205.177921879368,Afluente (m3/seg)_daily_avg
2020-07-28,132.842852793781,Afluente (m3/seg)_daily_avg
2020-07-29,55.6522514858393,Afluente (m3/seg)_daily_avg
2020-07-30,152.672243410105,Afluente (m3/seg)_daily_avg
2020-07-31,192.115588376374,Afluente (m3/seg)_daily_avg
2020-08-01,121.74832623593,Afluente (m3/seg)_daily_avg
2020-08-02,170.509740372299,Afluente (m3/seg)_daily_avg
2020-08-03,151.353347314386,Afluente (m3/seg)_daily_avg
2020-08-04,143.890808975517,Afluente (m3/seg)_daily_avg
2020-08-05,156.906707730856,Afluente (m3/seg)_daily_avg
2020-08-06,198.024015832005,Afluente (m3/seg)_daily_avg
2020-08-07,212.744186229275,Afluente (m3/seg)_daily_avg
2020-08-08,197.882183601786,Afluente (m3/seg)_daily_avg
2020-08-09,186.635170096907,Afluente (m3/seg)_daily_avg
2020-08-10,224.305801837956,Afluente (m3/seg)_daily_avg
2020-08-11,205.352272445152,Afluente (m3/seg)_daily_avg
2020-08-12,126.297162249359,Afluente (m3/seg)_daily_avg
2020-08-13,115.893368492494,Afluente (m3/seg)_daily_avg
2020-08-14,121.359600066321,Afluente (m3/seg)_daily_avg
2020-08-15,126.280914211992,Afluente (m3/seg)_daily_avg
2020-08-16,184.062595065459,Afluente (m3/seg)_daily_avg
2020-08-17,108.400140582034,Afluente (m3/seg)_daily_avg
2020-08-18,141.260888299844,Afluente (m3/seg)_daily_avg
2020-08-19,156.597731960624,Afluente (m3/seg)_daily_avg
2020-08-20,131.646401429377,Afluente (m3/seg)_daily_avg
2020-08-21,139.19439309314,Afluente (m3/seg)_daily_avg
2020-08-22,186.581496387353,Afluente (m3/seg)_daily_avg
2020-08-23,150.772573536966,Afluente (m3/seg)_daily_avg
2020-08-24,143.588561973304,Afluente (m3/seg)_daily_avg
2020-08-25,152.444049283891,Afluente (m3/seg)_daily_avg
2020-08-26,181.684714984714,Afluente (m3/seg)_daily_avg
2020-08-27,106.225770889021,Afluente (m3/seg)_daily_avg
2020-08-28,145.130993046593,Afluente (m3/seg)_daily_avg
2020-08-29,114.118116917712,Afluente (m3/seg)_daily_avg
2020-08-30,108.864668576464,Afluente (m3/seg)_daily_avg
2020-08-31,105.71817193429,Afluente (m3/seg)_daily_avg
2020-09-01,94.8270456348621,Afluente (m3/seg)_daily_avg
2020-09-02,110.671661230704,Afluente (m3/seg)_daily_avg
2020-09-03,102.903142741409,Afluente (m3/seg)_daily_avg
2020-09-04,90.8619413858592,Afluente (m3/seg)_daily_avg
2020-09-05,90.952102484379,Afluente (m3/seg)_daily_avg
2020-09-06,76.8714856657395,Afluente (m3/seg)_daily_avg
2020-09-07,72.9980793489968,Afluente (m3/seg)_daily_avg
2020-09-08,81.2522332376707,Afluente (m3/seg)_daily_avg
2020-09-09,84.1843111592988,Afluente (m3/seg)_daily_avg
2020-09-10,77.8481746216662,Afluente (m3/seg)_daily_avg
2020-09-11,103.638907128664,Afluente (m3/seg)_daily_avg
2020-09-12,68.5917954072488,Afluente (m3/seg)_daily_avg
2020-09-13,78.6865530694469,Afluente (m3/seg)_daily_avg
2020-09-14,87.5785830432127,Afluente (m3/seg)_daily_avg
2020-09-15,83.9025499968175,Afluente (m3/seg)_daily_avg
2020-09-16,67.583968909158,Afluente (m3/seg)_daily_avg
2020-09-17,82.6946788128932,Afluente (m3/seg)_daily_avg
2020-09-18,70.4838542626805,Afluente (m3/seg)_daily_avg
2020-09-19,86.4981429162721,Afluente (m3/seg)_daily_avg
2020-09-20,86.8098708267009,Afluente (m3/seg)_daily_avg
2020-09-21,95.0847885321436,Afluente (m3/seg)_daily_avg
2020-09-22,79.9403261624113,Afluente (m3/seg)_daily_avg
2020-09-23,77.4421728814812,Afluente (m3/seg)_daily_avg
2020-09-24,60.33520334975751,Afluente (m3/seg)_daily_avg
2020-09-25,25.778881418993,Afluente (m3/seg)_daily_avg
2020-09-26,97.8460658494975,Afluente (m3/seg)_daily_avg
2020-09-27,56.6702201506027,Afluente (m3/seg)_daily_avg
2020-09-28,55.0233639747204,Afluente (m3/seg)_daily_avg
2020-09-29,66.2304894601978,Afluente (m3/seg)_daily_avg
2020-09-30,47.4722401063614,Afluente (m3/seg)_daily_avg
2020-10-01,33.707682914136,Afluente (m3/seg)_daily_avg
2020-10-02,25.2371792589816,Afluente (m3/seg)_daily_avg
2020-10-03,16.3531318444716,Afluente (m3/seg)_daily_avg
2020-10-04,18.6088036082424,Afluente (m3/seg)_daily_avg
2020-10-05,11.3595276209428,Afluente (m3/seg)_daily_avg
2020-10-06,15.9846012005531,Afluente (m3/seg)_daily_avg
2020-10-07,8.00437601103315,Afluente (m3/seg)_daily_avg
2020-10-08,8.01243185109073,Afluente (m3/seg)_daily_avg
2020-10-09,8.02049186673954,Afluente (m3/seg)_daily_avg
2020-10-10,16.0651804807693,Afluente (m3/seg)_daily_avg
2020-10-11,0.0,Afluente (m3/seg)_daily_avg
2020-10-12,8.04469696403329,Afluente (m3/seg)_daily_avg
2020-10-13,10.0676949714998,Afluente (m3/seg)_daily_avg
2020-10-14,24.2068230843668,Afluente (m3/seg)_daily_avg
2020-10-15,32.3890914210602,Afluente (m3/seg)_daily_avg
2020-10-16,81.5410212089773,Afluente (m3/seg)_daily_avg
2020-10-17,90.6368247177414,Afluente (m3/seg)_daily_avg
2020-10-18,133.607607693496,Afluente (m3/seg)_daily_avg
2020-10-19,144.276692162748,Afluente (m3/seg)_daily_avg
2020-10-20,95.9783193367851,Afluente (m3/seg)_daily_avg
2020-10-21,89.0061173118778,Afluente (m3/seg)_daily_avg
2020-10-22,72.3413580345052,Afluente (m3/seg)_daily_avg
2020-10-23,95.8874798160779,Afluente (m3/seg)_daily_avg
2020-10-24,70.1128695520813,Afluente (m3/seg)_daily_avg
2020-10-25,111.854355003253,Afluente (m3/seg)_daily_avg
2020-10-26,99.0023704673909,Afluente (m3/seg)_daily_avg
2020-10-27,69.89378516787,Afluente (m3/seg)_daily_avg
2020-10-28,64.0829145527345,Afluente (m3/seg)_daily_avg
2020-10-29,58.2187072452563,Afluente (m3/seg)_daily_avg
2020-10-30,75.2192643750017,Afluente (m3/seg)_daily_avg
2020-10-31,90.7144376567995,Afluente (m3/seg)_daily_avg
2020-11-01,88.6633791385519,Afluente (m3/seg)_daily_avg
2020-11-02,118.10490660917,Afluente (m3/seg)_daily_avg
2020-11-03,93.2788054688971,Afluente (m3/seg)_daily_avg
2020-11-04,117.647693646779,Afluente (m3/seg)_daily_avg
2020-11-05,102.868458038945,Afluente (m3/seg)_daily_avg
2020-11-06,124.605232222947,Afluente (m3/seg)_daily_avg
2020-11-07,114.939593871588,Afluente (m3/seg)_daily_avg
2020-11-08,148.871344162796,Afluente (m3/seg)_daily_avg
2020-11-09,131.499595091114,Afluente (m3/seg)_daily_avg
2020-11-10,119.074231998495,Afluente (m3/seg)_daily_avg
2020-11-11,131.437979753271,Afluente (m3/seg)_daily_avg
2020-11-12,127.310077159015,Afluente (m3/seg)_daily_avg
2020-11-13,132.358193608781,Afluente (m3/seg)_daily_avg
2020-11-14,141.893843474494,Afluente (m3/seg)_daily_avg
2020-11-15,123.242414438543,Afluente (m3/seg)_daily_avg
2020-11-16,93.8025043821708,Afluente (m3/seg)_daily_avg
2020-11-17,87.8002838982105,Afluente (m3/seg)_daily_avg
2020-11-18,102.574421004269,Afluente (m3/seg)_daily_avg
2020-11-19,86.2786384050342,Afluente (m3/seg)_daily_avg
2020-11-20,98.7544307552212,Afluente (m3/seg)_daily_avg
2020-11-21,68.4231489462989,Afluente (m3/seg)_daily_avg
2020-11-22,62.80821371364879,Afluente (m3/seg)_daily_avg
2020-11-23,80.4476432436104,Afluente (m3/seg)_daily_avg
2020-11-24,82.8339322563896,Afluente (m3/seg)_daily_avg
2020-11-25,44.1392907065682,Afluente (m3/seg)_daily_avg
2020-11-26,19.5471836256772,Afluente (m3/seg)_daily_avg
2020-11-27,39.4757013586271,Afluente (m3/seg)_daily_avg
2020-11-28,35.5514595191516,Afluente (m3/seg)_daily_avg
2020-11-29,45.9224545740371,Afluente (m3/seg)_daily_avg
2020-11-30,46.8763278438374,Afluente (m3/seg)_daily_avg
2020-12-01,34.6394603380346,Afluente (m3/seg)_daily_avg
2020-12-02,35.5741429370823,Afluente (m3/seg)_daily_avg
2020-12-03,36.7578060783083,Afluente (m3/seg)_daily_avg
2020-12-04,17.4623551106364,Afluente (m3/seg)_daily_avg
2020-12-05,13.1983352697513,Afluente (m3/seg)_daily_avg
2020-12-06,35.33386292243,Afluente (m3/seg)_daily_avg
2020-12-07,42.6152593897508,Afluente (m3/seg)_daily_avg
2020-12-08,45.1059442955241,Afluente (m3/seg)_daily_avg
2020-12-09,53.448502621367,Afluente (m3/seg)_daily_avg
2020-12-10,35.1180904227935,Afluente (m3/seg)_daily_avg
2020-12-11,18.7046204547681,Afluente (m3/seg)_daily_avg
2020-12-12,33.8311681535844,Afluente (m3/seg)_daily_avg
2020-12-13,25.460446607684,Afluente (m3/seg)_daily_avg
2020-12-14,20.2566497453438,Afluente (m3/seg)_daily_avg
2020-12-15,8.52004787332219,Afluente (m3/seg)_daily_avg
2020-12-16,17.5570738971427,Afluente (m3/seg)_daily_avg
2020-12-17,0.0,Afluente (m3/seg)_daily_avg
2020-12-18,11.1873312886678,Afluente (m3/seg)_daily_avg
2020-12-19,7.18673802459156,Afluente (m3/seg)_daily_avg
2020-12-20,0.0,Afluente (m3/seg)_daily_avg
2020-12-21,7.16088796833958,Afluente (m3/seg)_daily_avg
2020-12-22,0.0,Afluente (m3/seg)_daily_avg
2020-12-23,0.0,Afluente (m3/seg)_daily_avg
2020-12-24,0.0,Afluente (m3/seg)_daily_avg
2020-12-25,0.0,Afluente (m3/seg)_daily_avg
2020-12-26,16.9155799017904,Afluente (m3/seg)_daily_avg
2020-12-27,16.9487384794222,Afluente (m3/seg)_daily_avg
2020-12-28,10.8826468592662,Afluente (m3/seg)_daily_avg
2020-12-29,17.9142903274543,Afluente (m3/seg)_daily_avg
2020-12-30,0.0,Afluente (m3/seg)_daily_avg
2020-12-31,9.19748722243783,Afluente (m3/seg)_daily_avg
2021-01-01,0.0,Afluente (m3/seg)_daily_avg
2021-01-02,8.44536592197713,Afluente (m3/seg)_daily_avg
2021-01-03,8.45364721600264,Afluente (m3/seg)_daily_avg
2021-01-04,7.572396430434379,Afluente (m3/seg)_daily_avg
2021-01-05,0.0,Afluente (m3/seg)_daily_avg
2021-01-06,0.0,Afluente (m3/seg)_daily_avg
2021-01-07,0.0,Afluente (m3/seg)_daily_avg
2021-01-08,2.99072428631029,Afluente (m3/seg)_daily_avg
2021-01-09,0.0,Afluente (m3/seg)_daily_avg
2021-01-10,0.0,Afluente (m3/seg)_daily_avg
2021-01-11,0.0,Afluente (m3/seg)_daily_avg
2021-01-12,0.0,Afluente (m3/seg)_daily_avg
2021-01-13,0.0,Afluente (m3/seg)_daily_avg
2021-01-14,0.0,Afluente (m3/seg)_daily_avg
2021-01-15,0.0,Afluente (m3/seg)_daily_avg
2021-01-16,0.0,Afluente (m3/seg)_daily_avg
2021-01-17,0.0,Afluente (m3/seg)_daily_avg
2021-01-18,0.0,Afluente (m3/seg)_daily_avg
2021-01-19,0.0,Afluente (m3/seg)_daily_avg
2021-01-20,0.0,Afluente (m3/seg)_daily_avg
2021-01-21,0.0,Afluente (m3/seg)_daily_avg
2021-01-22,0.0,Afluente (m3/seg)_daily_avg
2021-01-23,0.0,Afluente (m3/seg)_daily_avg
2021-01-24,0.0,Afluente (m3/seg)_daily_avg
2021-01-25,0.0,Afluente (m3/seg)_daily_avg
2021-01-26,8.28061680092813,Afluente (m3/seg)_daily_avg
2021-01-27,8.28881459357136,Afluente (m3/seg)_daily_avg
2021-01-28,0.0,Afluente (m3/seg)_daily_avg
2021-01-29,16.6022392669321,Afluente (m3/seg)_daily_avg
2021-01-30,248.921663379173,Afluente (m3/seg)_daily_avg
2021-01-31,312.454636780224,Afluente (m3/seg)_daily_avg
2021-02-01,247.418426290647,Afluente (m3/seg)_daily_avg
2021-02-02,142.275498641948,Afluente (m3/seg)_daily_avg
2021-02-03,127.022793719611,Afluente (m3/seg)_daily_avg
2021-02-04,79.8241219006534,Afluente (m3/seg)_daily_avg
2021-02-05,100.950094583563,Afluente (m3/seg)_daily_avg
2021-02-06,89.7206057773191,Afluente (m3/seg)_daily_avg
2021-02-07,88.4335546761913,Afluente (m3/seg)_daily_avg
2021-02-08,98.2586358530305,Afluente (m3/seg)_daily_avg
2021-02-09,72.2587112550768,Afluente (m3/seg)_daily_avg
2021-02-10,51.9829304261004,Afluente (m3/seg)_daily_avg
2021-02-11,19.1394764984205,Afluente (m3/seg)_daily_avg
2021-02-12,43.4038359454115,Afluente (m3/seg)_daily_avg
2021-02-13,51.6014647453772,Afluente (m3/seg)_daily_avg
2021-02-14,41.8863458507926,Afluente (m3/seg)_daily_avg
2021-02-15,25.6722508926805,Afluente (m3/seg)_daily_avg
2021-02-16,39.5584767697669,Afluente (m3/seg)_daily_avg
2021-02-17,35.0961480753077,Afluente (m3/seg)_daily_avg
2021-02-18,23.6655699019404,Afluente (m3/seg)_daily_avg
2021-02-19,25.4853531160498,Afluente (m3/seg)_daily_avg
2021-02-20,20.4084638807989,Afluente (m3/seg)_daily_avg
2021-02-21,17.2268988698406,Afluente (m3/seg)_daily_avg
2021-02-22,26.2919112657893,Afluente (m3/seg)_daily_avg
2021-02-23,10.2172686042356,Afluente (m3/seg)_daily_avg
2021-02-24,8.47851614960544,Afluente (m3/seg)_daily_avg
2021-02-25,10.9368618882279,Afluente (m3/seg)_daily_avg
2021-02-26,20.6274494483384,Afluente (m3/seg)_daily_avg
2021-02-27,1.24167241291317,Afluente (m3/seg)_daily_avg
2021-02-28,5.26528594953425,Afluente (m3/seg)_daily_avg
2021-03-01,22.4030394881863,Afluente (m3/seg)_daily_avg
2021-03-02,0.6766722578028921,Afluente (m3/seg)_daily_avg
2021-03-03,0.0,Afluente (m3/seg)_daily_avg
2021-03-04,24.174508747312,Afluente (m3/seg)_daily_avg
2021-03-05,15.5478521877627,Afluente (m3/seg)_daily_avg
2021-03-06,22.667230626163,Afluente (m3/seg)_daily_avg
2021-03-07,31.1557643754627,Afluente (m3/seg)_daily_avg
2021-03-08,27.9808692545212,Afluente (m3/seg)_daily_avg
2021-03-09,23.0386708159673,Afluente (m3/seg)_daily_avg
2021-03-10,21.4068675436893,Afluente (m3/seg)_daily_avg
2021-03-11,23.4284846936837,Afluente (m3/seg)_daily_avg
2021-03-12,9.24548679965132,Afluente (m3/seg)_daily_avg
2021-03-13,16.8419437918006,Afluente (m3/seg)_daily_avg
2021-03-14,18.9098437634179,Afluente (m3/seg)_daily_avg
2021-03-15,27.4013567601986,Afluente (m3/seg)_daily_avg
2021-03-16,15.7281503293739,Afluente (m3/seg)_daily_avg
2021-03-17,27.8414885349827,Afluente (m3/seg)_daily_avg
2021-03-18,6.730907233363101,Afluente (m3/seg)_daily_avg
2021-03-19,6.429230901150859,Afluente (m3/seg)_daily_avg
2021-03-20,39.3683486513972,Afluente (m3/seg)_daily_avg
2021-03-21,18.7288045057527,Afluente (m3/seg)_daily_avg
2021-03-22,21.5235361284803,Afluente (m3/seg)_daily_avg
2021-03-23,4.36157406039655,Afluente (m3/seg)_daily_avg
2021-03-24,17.295125231024,Afluente (m3/seg)_daily_avg
2021-03-25,5.34021390117243,Afluente (m3/seg)_daily_avg
2021-03-26,20.8016550598705,Afluente (m3/seg)_daily_avg
2021-03-27,11.9514292194108,Afluente (m3/seg)_daily_avg
2021-03-28,6.85172931354943,Afluente (m3/seg)_daily_avg
2021-03-29,23.9630849269998,Afluente (m3/seg)_daily_avg
2021-03-30,29.5783093202568,Afluente (m3/seg)_daily_avg
2021-03-31,31.0736397869948,Afluente (m3/seg)_daily_avg
2021-04-01,14.2099020469066,Afluente (m3/seg)_daily_avg
2021-04-02,14.5012037973321,Afluente (m3/seg)_daily_avg
2021-04-03,0.0,Afluente (m3/seg)_daily_avg
2021-04-04,24.2888208173339,Afluente (m3/seg)_daily_avg
2021-04-05,6.8251385150237,Afluente (m3/seg)_daily_avg
2021-04-06,26.2178365272216,Afluente (m3/seg)_daily_avg
2021-04-07,0.0,Afluente (m3/seg)_daily_avg
2021-04-08,32.289831315022,Afluente (m3/seg)_daily_avg
2021-04-09,27.406003913294,Afluente (m3/seg)_daily_avg
2021-04-10,0.0,Afluente (m3/seg)_daily_avg
2021-04-11,28.0506487433816,Afluente (m3/seg)_daily_avg
2021-04-12,25.8525541138817,Afluente (m3/seg)_daily_avg
2021-04-13,2.33562564955866,Afluente (m3/seg)_daily_avg
2021-04-14,7.7303774999052,Afluente (m3/seg)_daily_avg
2021-04-15,0.0,Afluente (m3/seg)_daily_avg
2021-04-16,2.30327032826693,Afluente (m3/seg)_daily_avg
2021-04-17,18.2570817244245,Afluente (m3/seg)_daily_avg
2021-04-18,21.7216294848968,Afluente (m3/seg)_daily_avg
2021-04-19,16.7844799399133,Afluente (m3/seg)_daily_avg
2021-04-20,25.5031629946132,Afluente (m3/seg)_daily_avg
2021-04-21,33.8830423191683,Afluente (m3/seg)_daily_avg
2021-04-22,26.6476271790622,Afluente (m3/seg)_daily_avg
2021-04-23,0.0,Afluente (m3/seg)_daily_avg
2021-04-24,41.7144619023699,Afluente (m3/seg)_daily_avg
2021-04-25,19.3552957227711,Afluente (m3/seg)_daily_avg
2021-04-26,0.0,Afluente (m3/seg)_daily_avg
2021-04-27,18.8236953645562,Afluente (m3/seg)_daily_avg
2021-04-28,27.9639361224322,Afluente (m3/seg)_daily_avg
2021-04-29,38.7619872827258,Afluente (m3/seg)_daily_avg
2021-04-30,39.2742936542128,Afluente (m3/seg)_daily_avg
2021-05-01,6.28126132650614,Afluente (m3/seg)_daily_avg
2021-05-02,36.31042764443,Afluente (m3/seg)_daily_avg
2021-05-03,19.306394394084,Afluente (m3/seg)_daily_avg
2021-05-04,4.23283894176601,Afluente (m3/seg)_daily_avg
2021-05-05,23.2267416972161,Afluente (m3/seg)_daily_avg
2021-05-06,4.41164429601429,Afluente (m3/seg)_daily_avg
2021-05-07,12.7413907187228,Afluente (m3/seg)_daily_avg
2021-05-08,41.1510120364424,Afluente (m3/seg)_daily_avg
2021-05-09,43.5112227510605,Afluente (m3/seg)_daily_avg
2021-05-10,21.3365016189776,Afluente (m3/seg)_daily_avg
2021-05-11,0.0,Afluente (m3/seg)_daily_avg
2021-05-12,0.0,Afluente (m3/seg)_daily_avg
2021-05-13,14.6875755162149,Afluente (m3/seg)_daily_avg
2021-05-14,38.3323299912408,Afluente (m3/seg)_daily_avg
2021-05-15,21.7187614953671,Afluente (m3/seg)_daily_avg
2021-05-16,47.6731841276738,Afluente (m3/seg)_daily_avg
2021-05-17,20.3255707385026,Afluente (m3/seg)_daily_avg
2021-05-18,0.0,Afluente (m3/seg)_daily_avg
2021-05-19,28.479440309896,Afluente (m3/seg)_daily_avg
2021-05-20,52.4768845463614,Afluente (m3/seg)_daily_avg
2021-05-21,51.1692737915996,Afluente (m3/seg)_daily_avg
2021-05-22,38.8846952075082,Afluente (m3/seg)_daily_avg
2021-05-23,46.3312557572248,Afluente (m3/seg)_daily_avg
2021-05-24,29.5742045795001,Afluente (m3/seg)_daily_avg
2021-05-25,44.5271141031007,Afluente (m3/seg)_daily_avg
2021-05-26,53.8768109269991,Afluente (m3/seg)_daily_avg
2021-05-27,62.3086013306508,Afluente (m3/seg)_daily_avg
2021-05-28,38.2102278521159,Afluente (m3/seg)_daily_avg
2021-05-29,19.0574093533504,Afluente (m3/seg)_daily_avg
2021-05-30,57.1642493843412,Afluente (m3/seg)_daily_avg
2021-05-31,43.8946723187932,Afluente (m3/seg)_daily_avg
2021-06-01,71.4942220140445,Afluente (m3/seg)_daily_avg
2021-06-02,72.4931386830745,Afluente (m3/seg)_daily_avg
2021-06-03,82.9688513329116,Afluente (m3/seg)_daily_avg
2021-06-04,0.0,Afluente (m3/seg)_daily_avg
2021-06-05,22.4866319796907,Afluente (m3/seg)_daily_avg
2021-06-06,17.9128676530124,Afluente (m3/seg)_daily_avg
2021-06-07,39.1963107797625,Afluente (m3/seg)_daily_avg
2021-06-08,43.6438311456768,Afluente (m3/seg)_daily_avg
2021-06-09,75.7991134081816,Afluente (m3/seg)_daily_avg
2021-06-10,82.9269520029272,Afluente (m3/seg)_daily_avg
2021-06-11,60.32145091431239,Afluente (m3/seg)_daily_avg
2021-06-12,15.4077048859422,Afluente (m3/seg)_daily_avg
2021-06-13,62.2144714042351,Afluente (m3/seg)_daily_avg
2021-06-14,39.0501847654966,Afluente (m3/seg)_daily_avg
2021-06-15,53.0931671722909,Afluente (m3/seg)_daily_avg
2021-06-16,81.6960019918415,Afluente (m3/seg)_daily_avg
2021-06-17,69.9230245628925,Afluente (m3/seg)_daily_avg
2021-06-18,0.0,Afluente (m3/seg)_daily_avg
2021-06-19,57.0033782089419,Afluente (m3/seg)_daily_avg
2021-06-20,52.6191223208664,Afluente (m3/seg)_daily_avg
2021-06-21,48.5332142399566,Afluente (m3/seg)_daily_avg
2021-06-22,57.218022821796,Afluente (m3/seg)_daily_avg
2021-06-23,95.6580114988928,Afluente (m3/seg)_daily_avg
2021-06-24,40.8542563142687,Afluente (m3/seg)_daily_avg
2021-06-25,0.0,Afluente (m3/seg)_daily_avg
2021-06-26,109.831756940237,Afluente (m3/seg)_daily_avg
2021-06-27,55.3679707642921,Afluente (m3/seg)_daily_avg
2021-06-28,71.0544238456152,Afluente (m3/seg)_daily_avg
2021-06-29,65.85627206613,Afluente (m3/seg)_daily_avg
2021-06-30,95.1921483871726,Afluente (m3/seg)_daily_avg
2021-07-01,64.2036182305692,Afluente (m3/seg)_daily_avg
2021-07-02,80.1718657058996,Afluente (m3/seg)_daily_avg
2021-07-03,21.6864773602158,Afluente (m3/seg)_daily_avg
2021-07-04,20.4571670491574,Afluente (m3/seg)_daily_avg
2021-07-05,79.2049613458904,Afluente (m3/seg)_daily_avg
2021-07-06,72.7972655060777,Afluente (m3/seg)_daily_avg
2021-07-07,95.9906831160508,Afluente (m3/seg)_daily_avg
2021-07-08,59.5419664833621,Afluente (m3/seg)_daily_avg
2021-07-09,74.4481980689164,Afluente (m3/seg)_daily_avg
2021-07-10,68.0355050384132,Afluente (m3/seg)_daily_avg
2021-07-11,38.5058277681112,Afluente (m3/seg)_daily_avg
2021-07-12,0.0,Afluente (m3/seg)_daily_avg
2021-07-13,47.6218683511214,Afluente (m3/seg)_daily_avg
2021-07-14,72.1741358998616,Afluente (m3/seg)_daily_avg
2021-07-15,9.83977378451473,Afluente (m3/seg)_daily_avg
2021-07-16,77.2457722383404,Afluente (m3/seg)_daily_avg
2021-07-17,54.9767947455223,Afluente (m3/seg)_daily_avg
2021-07-18,62.3454573909116,Afluente (m3/seg)_daily_avg
2021-07-19,17.2160134456138,Afluente (m3/seg)_daily_avg
2021-07-20,35.0250777487473,Afluente (m3/seg)_daily_avg
2021-07-21,70.701982235053,Afluente (m3/seg)_daily_avg
2021-07-22,70.0828124039655,Afluente (m3/seg)_daily_avg
2021-07-23,45.9330472399401,Afluente (m3/seg)_daily_avg
2021-07-24,39.8780777811115,Afluente (m3/seg)_daily_avg
2021-07-25,51.5318739456969,Afluente (m3/seg)_daily_avg
2021-07-26,74.2083680011337,Afluente (m3/seg)_daily_avg
2021-07-27,38.3714013745847,Afluente (m3/seg)_daily_avg
2021-07-28,11.0539523058994,Afluente (m3/seg)_daily_avg
2021-07-29,28.903736688371,Afluente (m3/seg)_daily_avg
2021-07-30,36.1487196752226,Afluente (m3/seg)_daily_avg
2021-07-31,40.6888147770803,Afluente (m3/seg)_daily_avg
2021-08-01,27.0088741860767,Afluente (m3/seg)_daily_avg
2021-08-02,24.0119383449982,Afluente (m3/seg)_daily_avg
2021-08-03,56.6637921885836,Afluente (m3/seg)_daily_avg
2021-08-04,38.1022834873993,Afluente (m3/seg)_daily_avg
2021-08-05,43.6579044977105,Afluente (m3/seg)_daily_avg
2021-08-06,19.7886326643443,Afluente (m3/seg)_daily_avg
2021-08-07,31.8341005164342,Afluente (m3/seg)_daily_avg
2021-08-08,47.0015685775454,Afluente (m3/seg)_daily_avg
2021-08-09,46.0921795591531,Afluente (m3/seg)_daily_avg
2021-08-10,31.724040735157,Afluente (m3/seg)_daily_avg
2021-08-11,10.2133612941966,Afluente (m3/seg)_daily_avg
2021-08-12,0.0,Afluente (m3/seg)_daily_avg
2021-08-13,29.3469428746458,Afluente (m3/seg)_daily_avg
2021-08-14,37.3593853740572,Afluente (m3/seg)_daily_avg
2021-08-15,72.6995809247522,Afluente (m3/seg)_daily_avg
2021-08-16,14.9368964989249,Afluente (m3/seg)_daily_avg
2021-08-17,130.182175394815,Afluente (m3/seg)_daily_avg
2021-08-18,241.456658411401,Afluente (m3/seg)_daily_avg
2021-08-19,813.973185955311,Afluente (m3/seg)_daily_avg
2021-08-20,574.909519218299,Afluente (m3/seg)_daily_avg
2021-08-21,305.310261180609,Afluente (m3/seg)_daily_avg
2021-08-22,342.48444688442,Afluente (m3/seg)_daily_avg
2021-08-23,145.279744710655,Afluente (m3/seg)_daily_avg
2021-08-24,276.853090377973,Afluente (m3/seg)_daily_avg
2021-08-25,184.710419200274,Afluente (m3/seg)_daily_avg
2021-08-26,150.140291535956,Afluente (m3/seg)_daily_avg
2021-08-27,102.865827253027,Afluente (m3/seg)_daily_avg
2021-08-28,124.427884873396,Afluente (m3/seg)_daily_avg
2021-08-29,85.7309433190196,Afluente (m3/seg)_daily_avg
2021-08-30,101.16794290231,Afluente (m3/seg)_daily_avg
2021-08-31,159.983603047878,Afluente (m3/seg)_daily_avg
2021-09-01,96.1202491102182,Afluente (m3/seg)_daily_avg
2021-09-02,111.083289650109,Afluente (m3/seg)_daily_avg
2021-09-03,116.116355291519,Afluente (m3/seg)_daily_avg
2021-09-04,130.160618711069,Afluente (m3/seg)_daily_avg
2021-09-05,109.944666080679,Afluente (m3/seg)_daily_avg
2021-09-06,77.2419093554739,Afluente (m3/seg)_daily_avg
2021-09-07,119.065535202056,Afluente (m3/seg)_daily_avg
2021-09-08,79.7697910893719,Afluente (m3/seg)_daily_avg
2021-09-09,83.7069218990149,Afluente (m3/seg)_daily_avg
2021-09-10,90.7782053150972,Afluente (m3/seg)_daily_avg
2021-09-11,110.976434427109,Afluente (m3/seg)_daily_avg
2021-09-12,117.363919266843,Afluente (m3/seg)_daily_avg
2021-09-13,149.633624074243,Afluente (m3/seg)_daily_avg
2021-09-14,200.845387993623,Afluente (m3/seg)_daily_avg
2021-09-15,182.949386660156,Afluente (m3/seg)_daily_avg
2021-09-16,129.383226733242,Afluente (m3/seg)_daily_avg
2021-09-17,130.879482024232,Afluente (m3/seg)_daily_avg
2021-09-18,139.627707299494,Afluente (m3/seg)_daily_avg
2021-09-19,120.426316360517,Afluente (m3/seg)_daily_avg
2021-09-20,134.75356878873,Afluente (m3/seg)_daily_avg
2021-09-21,88.6830314619064,Afluente (m3/seg)_daily_avg
2021-09-22,94.5126339872841,Afluente (m3/seg)_daily_avg
2021-09-23,135.535487929599,Afluente (m3/seg)_daily_avg
2021-09-24,70.3439396415122,Afluente (m3/seg)_daily_avg
2021-09-25,110.879751306691,Afluente (m3/seg)_daily_avg
2021-09-26,113.442722066493,Afluente (m3/seg)_daily_avg
2021-09-27,121.157496098576,Afluente (m3/seg)_daily_avg
2021-09-28,48.8111160997749,Afluente (m3/seg)_daily_avg
2021-09-29,56.6553499029785,Afluente (m3/seg)_daily_avg
2021-09-30,91.9138803281789,Afluente (m3/seg)_daily_avg
2021-10-01,59.6899782959386,Afluente (m3/seg)_daily_avg
2021-10-02,49.7020588372265,Afluente (m3/seg)_daily_avg
2021-10-03,35.1963329606497,Afluente (m3/seg)_daily_avg
2021-10-04,52.451488004408,Afluente (m3/seg)_daily_avg
2021-10-05,46.2046653787874,Afluente (m3/seg)_daily_avg
2021-10-06,27.5741584095799,Afluente (m3/seg)_daily_avg
2021-10-07,36.0932018932632,Afluente (m3/seg)_daily_avg
2021-10-08,22.1022824602451,Afluente (m3/seg)_daily_avg
2021-10-09,34.3168669125722,Afluente (m3/seg)_daily_avg
2021-10-10,19.8406489424172,Afluente (m3/seg)_daily_avg
2021-10-11,20.383041901213,Afluente (m3/seg)_daily_avg
2021-10-12,33.7874781143898,Afluente (m3/seg)_daily_avg
2021-10-13,42.8918590713928,Afluente (m3/seg)_daily_avg
2021-10-14,58.5895522990982,Afluente (m3/seg)_daily_avg
2021-10-15,37.1722328859748,Afluente (m3/seg)_daily_avg
2021-10-16,49.0101904216575,Afluente (m3/seg)_daily_avg
2021-10-17,26.7870798762707,Afluente (m3/seg)_daily_avg
2021-10-18,20.216392852688,Afluente (m3/seg)_daily_avg
2021-10-19,0.0,Afluente (m3/seg)_daily_avg
2021-10-20,17.1229492322499,Afluente (m3/seg)_daily_avg
2021-10-21,17.1984924561373,Afluente (m3/seg)_daily_avg
2021-10-22,21.4812595576909,Afluente (m3/seg)_daily_avg
2021-10-23,24.1248436049978,Afluente (m3/seg)_daily_avg
2021-10-24,29.70483486026779,Afluente (m3/seg)_daily_avg
2021-10-25,29.6847664757942,Afluente (m3/seg)_daily_avg
2021-10-26,5.34792697836656,Afluente (m3/seg)_daily_avg
2021-10-27,12.6490734520938,Afluente (m3/seg)_daily_avg
2021-10-28,69.014025238687,Afluente (m3/seg)_daily_avg
2021-10-29,22.3013626743268,Afluente (m3/seg)_daily_avg
2021-10-30,60.3996903158043,Afluente (m3/seg)_daily_avg
2021-10-31,54.8823093863293,Afluente (m3/seg)_daily_avg
2021-11-01,52.3504090433899,Afluente (m3/seg)_daily_avg
2021-11-02,76.8954443806858,Afluente (m3/seg)_daily_avg
2021-11-03,35.5918968038752,Afluente (m3/seg)_daily_avg
2021-11-04,44.1955209052375,Afluente (m3/seg)_daily_avg
2021-11-05,27.410001688544,Afluente (m3/seg)_daily_avg
2021-11-06,27.1135982894228,Afluente (m3/seg)_daily_avg
2021-11-07,29.8971936767438,Afluente (m3/seg)_daily_avg
2021-11-08,20.828679237125,Afluente (m3/seg)_daily_avg
2021-11-09,21.7007066905248,Afluente (m3/seg)_daily_avg
2021-11-10,17.2319349377614,Afluente (m3/seg)_daily_avg
2021-11-11,18.0812268734091,Afluente (m3/seg)_daily_avg
2021-11-12,30.8971482455964,Afluente (m3/seg)_daily_avg
2021-11-13,25.8102775273141,Afluente (m3/seg)_daily_avg
2021-11-14,0.0,Afluente (m3/seg)_daily_avg
2021-11-15,38.319189368985,Afluente (m3/seg)_daily_avg
2021-11-16,0.0,Afluente (m3/seg)_daily_avg
2021-11-17,16.1396705046493,Afluente (m3/seg)_daily_avg
2021-11-18,0.0,Afluente (m3/seg)_daily_avg
2021-11-19,0.969817013635378,Afluente (m3/seg)_daily_avg
2021-11-20,8.48681414397477,Afluente (m3/seg)_daily_avg
2021-11-21,8.49511631410375,Afluente (m3/seg)_daily_avg
2021-11-22,2.01317510315255,Afluente (m3/seg)_daily_avg
2021-11-23,8.50342265797129,Afluente (m3/seg)_daily_avg
2021-11-24,8.51173317810376,Afluente (m3/seg)_daily_avg
2021-11-25,8.52004787332219,Afluente (m3/seg)_daily_avg
2021-11-26,8.5283667431213,Afluente (m3/seg)_daily_avg
2021-11-27,0.0,Afluente (m3/seg)_daily_avg
2021-11-28,8.53668978800636,Afluente (m3/seg)_daily_avg
2021-11-29,8.46814388646088,Afluente (m3/seg)_daily_avg
2021-11-30,0.0,Afluente (m3/seg)_daily_avg
2021-12-01,1.88233412547146,Afluente (m3/seg)_daily_avg
2021-12-02,0.0,Afluente (m3/seg)_daily_avg
2021-12-03,0.0364440288815919,Afluente (m3/seg)_daily_avg
2021-12-04,0.0,Afluente (m3/seg)_daily_avg
2021-12-05,0.0,Afluente (m3/seg)_daily_avg
2021-12-06,0.0,Afluente (m3/seg)_daily_avg
2021-12-07,0.0,Afluente (m3/seg)_daily_avg
2021-12-08,0.0,Afluente (m3/seg)_daily_avg
2021-12-09,0.0,Afluente (m3/seg)_daily_avg
2021-12-10,3.76966968824822,Afluente (m3/seg)_daily_avg
2021-12-11,10.4515325541966,Afluente (m3/seg)_daily_avg
2021-12-12,17.0317810514259,Afluente (m3/seg)_daily_avg
2021-12-13,21.2191732218233,Afluente (m3/seg)_daily_avg
2021-12-14,3.12135426272144,Afluente (m3/seg)_daily_avg
2021-12-15,0.0,Afluente (m3/seg)_daily_avg
2021-12-16,7.145345400820841,Afluente (m3/seg)_daily_avg
2021-12-17,0.0,Afluente (m3/seg)_daily_avg
2021-12-18,0.0,Afluente (m3/seg)_daily_avg
2021-12-19,0.0,Afluente (m3/seg)_daily_avg
2021-12-20,0.0,Afluente (m3/seg)_daily_avg
2021-12-21,0.0,Afluente (m3/seg)_daily_avg
2021-12-22,0.0,Afluente (m3/seg)_daily_avg
2021-12-23,0.0,Afluente (m3/seg)_daily_avg
2021-12-24,8.43708880253231,Afluente (m3/seg)_daily_avg
2021-12-25,0.0,Afluente (m3/seg)_daily_avg
2021-12-26,0.0,Afluente (m3/seg)_daily_avg
2021-12-27,0.0,Afluente (m3/seg)_daily_avg
2021-12-28,25.3112705826829,Afluente (m3/seg)_daily_avg
2021-12-29,0.0,Afluente (m3/seg)_daily_avg
2021-12-30,8.45364721600264,Afluente (m3/seg)_daily_avg
2021-12-31,0.0,Afluente (m3/seg)_daily_avg
2022-01-01,8.45364721600264,Afluente (m3/seg)_daily_avg
2022-01-02,0.0,Afluente (m3/seg)_daily_avg
2022-01-03,0.0,Afluente (m3/seg)_daily_avg
2022-01-04,0.0,Afluente (m3/seg)_daily_avg
2022-01-05,0.0,Afluente (m3/seg)_daily_avg
2022-01-06,0.0,Afluente (m3/seg)_daily_avg
2022-01-07,0.0,Afluente (m3/seg)_daily_avg
2022-01-08,0.0,Afluente (m3/seg)_daily_avg
2022-01-09,0.0,Afluente (m3/seg)_daily_avg
2022-01-10,0.0,Afluente (m3/seg)_daily_avg
2022-01-11,0.0,Afluente (m3/seg)_daily_avg
2022-01-12,0.0,Afluente (m3/seg)_daily_avg
2022-01-13,0.0,Afluente (m3/seg)_daily_avg
2022-01-14,8.38751376384742,Afluente (m3/seg)_daily_avg
2022-01-15,8.39576583243966,Afluente (m3/seg)_daily_avg
2022-01-16,0.0,Afluente (m3/seg)_daily_avg
2022-01-17,0.0,Afluente (m3/seg)_daily_avg
2022-01-18,0.0,Afluente (m3/seg)_daily_avg
2022-01-19,0.0,Afluente (m3/seg)_daily_avg
2022-01-20,0.0,Afluente (m3/seg)_daily_avg
2022-01-21,0.0,Afluente (m3/seg)_daily_avg
2022-01-22,0.0,Afluente (m3/seg)_daily_avg
2022-01-23,0.0,Afluente (m3/seg)_daily_avg
2022-01-24,0.0,Afluente (m3/seg)_daily_avg
2022-01-25,0.0,Afluente (m3/seg)_daily_avg
2022-01-26,0.0,Afluente (m3/seg)_daily_avg
2022-01-27,0.0,Afluente (m3/seg)_daily_avg
2022-01-28,0.0,Afluente (m3/seg)_daily_avg
2022-01-29,0.0,Afluente (m3/seg)_daily_avg
2022-01-30,0.0,Afluente (m3/seg)_daily_avg
2022-01-31,0.0,Afluente (m3/seg)_daily_avg
2022-02-01,0.0,Afluente (m3/seg)_daily_avg
2022-02-02,0.0,Afluente (m3/seg)_daily_avg
2022-02-03,0.0,Afluente (m3/seg)_daily_avg
2022-02-04,0.0,Afluente (m3/seg)_daily_avg
2022-02-05,0.0,Afluente (m3/seg)_daily_avg
2022-02-06,0.0,Afluente (m3/seg)_daily_avg
2022-02-07,0.0,Afluente (m3/seg)_daily_avg
2022-02-08,0.0,Afluente (m3/seg)_daily_avg
2022-02-09,0.0,Afluente (m3/seg)_daily_avg
2022-02-10,0.0,Afluente (m3/seg)_daily_avg
2022-02-11,0.0,Afluente (m3/seg)_daily_avg
2022-02-12,0.0,Afluente (m3/seg)_daily_avg
2022-02-13,0.0,Afluente (m3/seg)_daily_avg
2022-02-14,0.0,Afluente (m3/seg)_daily_avg
2022-02-15,0.0,Afluente (m3/seg)_daily_avg
2022-02-16,0.0,Afluente (m3/seg)_daily_avg
2022-02-17,0.0,Afluente (m3/seg)_daily_avg
2022-02-18,0.0,Afluente (m3/seg)_daily_avg
2022-02-19,0.0,Afluente (m3/seg)_daily_avg
2022-02-20,0.0,Afluente (m3/seg)_daily_avg
2022-02-21,0.0,Afluente (m3/seg)_daily_avg
2022-02-22,0.0,Afluente (m3/seg)_daily_avg
2022-02-23,0.0,Afluente (m3/seg)_daily_avg
2022-02-24,0.0,Afluente (m3/seg)_daily_avg
2022-02-25,0.0,Afluente (m3/seg)_daily_avg
2022-02-26,0.0,Afluente (m3/seg)_daily_avg
2022-02-27,0.0,Afluente (m3/seg)_daily_avg
2022-02-28,0.0,Afluente (m3/seg)_daily_avg
2022-03-01,0.0,Afluente (m3/seg)_daily_avg
2022-03-02,0.0,Afluente (m3/seg)_daily_avg
2022-03-03,0.0,Afluente (m3/seg)_daily_avg
2022-03-04,0.0,Afluente (m3/seg)_daily_avg
2022-03-05,0.0,Afluente (m3/seg)_daily_avg
2022-03-06,0.0,Afluente (m3/seg)_daily_avg
2022-03-07,1.15905053362555,Afluente (m3/seg)_daily_avg
2022-03-08,0.0,Afluente (m3/seg)_daily_avg
2022-03-09,0.0,Afluente (m3/seg)_daily_avg
2022-03-10,0.0,Afluente (m3/seg)_daily_avg
2022-03-11,0.0,Afluente (m3/seg)_daily_avg
2022-03-12,5.5982722181027,Afluente (m3/seg)_daily_avg
2022-03-13,0.0,Afluente (m3/seg)_daily_avg
2022-03-14,10.0981259793416,Afluente (m3/seg)_daily_avg
2022-03-15,0.0,Afluente (m3/seg)_daily_avg
2022-03-16,0.735612932611341,Afluente (m3/seg)_daily_avg
2022-03-17,0.0,Afluente (m3/seg)_daily_avg
2022-03-18,0.0,Afluente (m3/seg)_daily_avg
2022-03-19,3.93282510703467,Afluente (m3/seg)_daily_avg
2022-03-20,0.0,Afluente (m3/seg)_daily_avg
2022-03-21,0.0,Afluente (m3/seg)_daily_avg
2022-03-22,7.90003001636958,Afluente (m3/seg)_daily_avg
2022-03-23,0.0,Afluente (m3/seg)_daily_avg
2022-03-24,7.90803158115186,Afluente (m3/seg)_daily_avg
2022-03-25,0.0,Afluente (m3/seg)_daily_avg
2022-03-26,0.0,Afluente (m3/seg)_daily_avg
2022-03-27,0.0,Afluente (m3/seg)_daily_avg
2022-03-28,0.0,Afluente (m3/seg)_daily_avg
2022-03-29,0.0,Afluente (m3/seg)_daily_avg
2022-03-30,0.0,Afluente (m3/seg)_daily_avg
2022-03-31,0.0,Afluente (m3/seg)_daily_avg
2022-04-01,0.0,Afluente (m3/seg)_daily_avg
2022-04-02,6.430242138862649,Afluente (m3/seg)_daily_avg
2022-04-03,7.82820381438661,Afluente (m3/seg)_daily_avg
2022-04-04,6.32088180328522,Afluente (m3/seg)_daily_avg
2022-04-05,0.0,Afluente (m3/seg)_daily_avg
2022-04-06,2.82815128193367,Afluente (m3/seg)_daily_avg
2022-04-07,0.6565872942606631,Afluente (m3/seg)_daily_avg
2022-04-08,0.0,Afluente (m3/seg)_daily_avg
2022-04-09,0.440099888278642,Afluente (m3/seg)_daily_avg
2022-04-10,8.27625862487829,Afluente (m3/seg)_daily_avg
2022-04-11,4.50760514390692,Afluente (m3/seg)_daily_avg
2022-04-12,7.78844649630628,Afluente (m3/seg)_daily_avg
2022-04-13,0.0,Afluente (m3/seg)_daily_avg
2022-04-14,0.0,Afluente (m3/seg)_daily_avg
2022-04-15,8.88394786250698,Afluente (m3/seg)_daily_avg
2022-04-16,10.2912074906118,Afluente (m3/seg)_daily_avg
2022-04-17,7.45860581774751,Afluente (m3/seg)_daily_avg
2022-04-18,26.1935331372518,Afluente (m3/seg)_daily_avg
2022-04-19,8.03192638547289,Afluente (m3/seg)_daily_avg
2022-04-20,0.0,Afluente (m3/seg)_daily_avg
2022-04-21,22.2768783559754,Afluente (m3/seg)_daily_avg
2022-04-22,11.9068245798133,Afluente (m3/seg)_daily_avg
2022-04-23,22.2827337542926,Afluente (m3/seg)_daily_avg
2022-04-24,17.53017098199,Afluente (m3/seg)_daily_avg
2022-04-25,98.2160667825724,Afluente (m3/seg)_daily_avg
2022-04-26,120.239310171139,Afluente (m3/seg)_daily_avg
2022-04-27,84.5873685385174,Afluente (m3/seg)_daily_avg
2022-04-28,42.362418857917,Afluente (m3/seg)_daily_avg
2022-04-29,51.9595372970951,Afluente (m3/seg)_daily_avg
2022-04-30,38.2275568567697,Afluente (m3/seg)_daily_avg
2022-05-01,24.5106144486412,Afluente (m3/seg)_daily_avg
2022-05-02,47.3256868847147,Afluente (m3/seg)_daily_avg
2022-05-03,24.5169335628509,Afluente (m3/seg)_daily_avg
2022-05-04,41.1936265221045,Afluente (m3/seg)_daily_avg
2022-05-05,48.2173389897246,Afluente (m3/seg)_daily_avg
2022-05-06,37.3742029729552,Afluente (m3/seg)_daily_avg
2022-05-07,27.5884671222897,Afluente (m3/seg)_daily_avg
2022-05-08,38.6593219955573,Afluente (m3/seg)_daily_avg
2022-05-09,28.7254344201675,Afluente (m3/seg)_daily_avg
2022-05-10,44.3594881503107,Afluente (m3/seg)_daily_avg
2022-05-11,21.5386520517602,Afluente (m3/seg)_daily_avg
2022-05-12,32.6581899628002,Afluente (m3/seg)_daily_avg
2022-05-13,34.3662146356177,Afluente (m3/seg)_daily_avg
2022-05-14,16.6966155504351,Afluente (m3/seg)_daily_avg
2022-05-15,21.9780755674463,Afluente (m3/seg)_daily_avg
2022-05-16,41.0747428912008,Afluente (m3/seg)_daily_avg
2022-05-17,30.6741973849133,Afluente (m3/seg)_daily_avg
2022-05-18,42.1073214291172,Afluente (m3/seg)_daily_avg
2022-05-19,41.2169118325367,Afluente (m3/seg)_daily_avg
2022-05-20,55.7811362722208,Afluente (m3/seg)_daily_avg
2022-05-21,48.8378320774079,Afluente (m3/seg)_daily_avg
2022-05-22,52.3190770484318,Afluente (m3/seg)_daily_avg
2022-05-23,55.770045390219,Afluente (m3/seg)_daily_avg
2022-05-24,100.633093055116,Afluente (m3/seg)_daily_avg
2022-05-25,67.8990464031262,Afluente (m3/seg)_daily_avg
2022-05-26,65.3620379384673,Afluente (m3/seg)_daily_avg
2022-05-27,42.3749920719898,Afluente (m3/seg)_daily_avg
2022-05-28,54.2970689986288,Afluente (m3/seg)_daily_avg
2022-05-29,36.8873265614779,Afluente (m3/seg)_daily_avg
2022-05-30,49.7205082231729,Afluente (m3/seg)_daily_avg
2022-05-31,75.7049568813401,Afluente (m3/seg)_daily_avg
2022-06-01,32.0843410458637,Afluente (m3/seg)_daily_avg
2022-06-02,42.9615358844361,Afluente (m3/seg)_daily_avg
2022-06-03,69.6406971100184,Afluente (m3/seg)_daily_avg
2022-06-04,96.8613289524843,Afluente (m3/seg)_daily_avg
2022-06-05,79.5590314472919,Afluente (m3/seg)_daily_avg
2022-06-06,61.7405643381824,Afluente (m3/seg)_daily_avg
2022-06-07,48.9192884160851,Afluente (m3/seg)_daily_avg
2022-06-08,59.33022942119969,Afluente (m3/seg)_daily_avg
2022-06-09,63.85187301256669,Afluente (m3/seg)_daily_avg
2022-06-10,83.2205690960498,Afluente (m3/seg)_daily_avg
2022-06-11,87.1808741479108,Afluente (m3/seg)_daily_avg
2022-06-12,66.700139708792,Afluente (m3/seg)_daily_avg
2022-06-13,64.7889920333511,Afluente (m3/seg)_daily_avg
2022-06-14,48.0554566342076,Afluente (m3/seg)_daily_avg
2022-06-15,81.8739773952798,Afluente (m3/seg)_daily_avg
2022-06-16,51.1147376254431,Afluente (m3/seg)_daily_avg
2022-06-17,63.72768462282151,Afluente (m3/seg)_daily_avg
2022-06-18,59.71774352964619,Afluente (m3/seg)_daily_avg
2022-06-19,56.0681086152493,Afluente (m3/seg)_daily_avg
2022-06-20,47.9579312453455,Afluente (m3/seg)_daily_avg
2022-06-21,92.0245538794349,Afluente (m3/seg)_daily_avg
2022-06-22,80.4773961850631,Afluente (m3/seg)_daily_avg
2022-06-23,81.8899642121379,Afluente (m3/seg)_daily_avg
2022-06-24,53.1775721480953,Afluente (m3/seg)_daily_avg
2022-06-25,60.95790756216411,Afluente (m3/seg)_daily_avg
2022-06-26,58.22400321230149,Afluente (m3/seg)_daily_avg
2022-06-27,62.7630148788908,Afluente (m3/seg)_daily_avg
2022-06-28,65.0256924597141,Afluente (m3/seg)_daily_avg
2022-06-29,54.2661320919097,Afluente (m3/seg)_daily_avg
2022-06-30,103.858643885305,Afluente (m3/seg)_daily_avg
2022-07-01,102.464684194498,Afluente (m3/seg)_daily_avg
2022-07-02,94.5011866006444,Afluente (m3/seg)_daily_avg
2022-07-03,70.9469392776692,Afluente (m3/seg)_daily_avg
2022-07-04,74.1910649158071,Afluente (m3/seg)_daily_avg
2022-07-05,89.7695139515728,Afluente (m3/seg)_daily_avg
2022-07-06,97.4898484651974,Afluente (m3/seg)_daily_avg
2022-07-07,100.678742435868,Afluente (m3/seg)_daily_avg
2022-07-08,133.37079072936,Afluente (m3/seg)_daily_avg
2022-07-09,309.8397318044151,Afluente (m3/seg)_daily_avg
2022-07-10,299.843316482091,Afluente (m3/seg)_daily_avg
2022-07-11,262.11468250234,Afluente (m3/seg)_daily_avg
2022-07-12,142.202198988671,Afluente (m3/seg)_daily_avg
2022-07-13,338.241223803528,Afluente (m3/seg)_daily_avg
2022-07-14,310.910547734106,Afluente (m3/seg)_daily_avg
2022-07-15,300.965781101083,Afluente (m3/seg)_daily_avg
2022-07-16,210.25163344222,Afluente (m3/seg)_daily_avg
2022-07-17,180.870237662885,Afluente (m3/seg)_daily_avg
2022-07-18,208.883210649826,Afluente (m3/seg)_daily_avg
2022-07-19,137.87353734555,Afluente (m3/seg)_daily_avg
2022-07-20,121.130402648412,Afluente (m3/seg)_daily_avg
2022-07-21,156.231731218246,Afluente (m3/seg)_daily_avg
2022-07-22,131.86362308581,Afluente (m3/seg)_daily_avg
2022-07-23,158.833938432301,Afluente (m3/seg)_daily_avg
2022-07-24,108.572662455001,Afluente (m3/seg)_daily_avg
2022-07-25,162.012114407458,Afluente (m3/seg)_daily_avg
2022-07-26,112.146952767735,Afluente (m3/seg)_daily_avg
2022-07-27,130.369849293501,Afluente (m3/seg)_daily_avg
2022-07-28,115.806110503261,Afluente (m3/seg)_daily_avg
2022-07-29,96.0357835446261,Afluente (m3/seg)_daily_avg
2022-07-30,86.3915175179991,Afluente (m3/seg)_daily_avg
2022-07-31,92.1074042517238,Afluente (m3/seg)_daily_avg
2022-08-01,130.860268102335,Afluente (m3/seg)_daily_avg
2022-08-02,67.2144105096071,Afluente (m3/seg)_daily_avg
2022-08-03,96.534381397238,Afluente (m3/seg)_daily_avg
2022-08-04,122.908453127282,Afluente (m3/seg)_daily_avg
2022-08-05,132.323083685502,Afluente (m3/seg)_daily_avg
2022-08-06,178.994268708079,Afluente (m3/seg)_daily_avg
2022-08-07,128.564149449056,Afluente (m3/seg)_daily_avg
2022-08-08,161.658985172338,Afluente (m3/seg)_daily_avg
2022-08-09,134.650611380134,Afluente (m3/seg)_daily_avg
2022-08-10,170.113278731217,Afluente (m3/seg)_daily_avg
2022-08-11,144.265443019891,Afluente (m3/seg)_daily_avg
2022-08-12,162.425414887387,Afluente (m3/seg)_daily_avg
2022-08-13,138.548842402861,Afluente (m3/seg)_daily_avg
2022-08-14,115.670865906482,Afluente (m3/seg)_daily_avg
2022-08-15,137.302563394622,Afluente (m3/seg)_daily_avg
2022-08-16,145.64194440504,Afluente (m3/seg)_daily_avg
2022-08-17,152.488789296334,Afluente (m3/seg)_daily_avg
2022-08-18,115.441356401046,Afluente (m3/seg)_daily_avg
2022-08-19,124.584624037913,Afluente (m3/seg)_daily_avg
2022-08-20,106.142068754871,Afluente (m3/seg)_daily_avg
2022-08-21,140.729319276891,Afluente (m3/seg)_daily_avg
2022-08-22,145.224647160458,Afluente (m3/seg)_daily_avg
2022-08-23,126.125160557859,Afluente (m3/seg)_daily_avg
2022-08-24,160.516161962517,Afluente (m3/seg)_daily_avg
2022-08-25,131.420689547455,Afluente (m3/seg)_daily_avg
2022-08-26,178.325283977156,Afluente (m3/seg)_daily_avg
2022-08-27,87.9782492034881,Afluente (m3/seg)_daily_avg
2022-08-28,127.210031496846,Afluente (m3/seg)_daily_avg
2022-08-29,125.454473018147,Afluente (m3/seg)_daily_avg
2022-08-30,123.506982112092,Afluente (m3/seg)_daily_avg
2022-08-31,97.9913882251801,Afluente (m3/seg)_daily_avg
2022-09-01,105.152090980507,Afluente (m3/seg)_daily_avg
2022-09-02,126.607050287229,Afluente (m3/seg)_daily_avg
2022-09-03,126.604380663528,Afluente (m3/seg)_daily_avg
2022-09-04,119.704598215364,Afluente (m3/seg)_daily_avg
2022-09-05,53.2559663027547,Afluente (m3/seg)_daily_avg
2022-09-06,110.414798650154,Afluente (m3/seg)_daily_avg
2022-09-07,156.808173107998,Afluente (m3/seg)_daily_avg
2022-09-08,157.673460902689,Afluente (m3/seg)_daily_avg
2022-09-09,105.728682259548,Afluente (m3/seg)_daily_avg
2022-09-10,125.831091539611,Afluente (m3/seg)_daily_avg
2022-09-11,88.3941621342052,Afluente (m3/seg)_daily_avg
2022-09-12,105.42971360261,Afluente (m3/seg)_daily_avg
2022-09-13,91.5201909455737,Afluente (m3/seg)_daily_avg
2022-09-14,107.029755077703,Afluente (m3/seg)_daily_avg
2022-09-15,89.3549672866035,Afluente (m3/seg)_daily_avg
2022-09-16,106.158735552113,Afluente (m3/seg)_daily_avg
2022-09-17,65.2027776119968,Afluente (m3/seg)_daily_avg
2022-09-18,91.0355697138791,Afluente (m3/seg)_daily_avg
2022-09-19,62.4466938688869,Afluente (m3/seg)_daily_avg
2022-09-20,51.451669740876,Afluente (m3/seg)_daily_avg
2022-09-21,54.351682285485,Afluente (m3/seg)_daily_avg
2022-09-22,25.7253261589854,Afluente (m3/seg)_daily_avg
2022-09-23,59.263869027521,Afluente (m3/seg)_daily_avg
2022-09-24,51.2701201095576,Afluente (m3/seg)_daily_avg
2022-09-25,49.4136579492179,Afluente (m3/seg)_daily_avg
2022-09-26,44.4190705600119,Afluente (m3/seg)_daily_avg
2022-09-27,14.6974673708787,Afluente (m3/seg)_daily_avg
2022-09-28,50.3106542211764,Afluente (m3/seg)_daily_avg
2022-09-29,17.4968632280712,Afluente (m3/seg)_daily_avg
2022-09-30,25.0636458929,Afluente (m3/seg)_daily_avg
2022-10-01,3.8688216036728,Afluente (m3/seg)_daily_avg
2022-10-02,26.1824993526191,Afluente (m3/seg)_daily_avg
2022-10-03,27.6140619772908,Afluente (m3/seg)_daily_avg
2022-10-04,22.2705422368625,Afluente (m3/seg)_daily_avg
2022-10-05,42.6488147543267,Afluente (m3/seg)_daily_avg
2022-10-06,8.44536592197713,Afluente (m3/seg)_daily_avg
2022-10-07,25.3858022316072,Afluente (m3/seg)_daily_avg
2022-10-08,8.48436271396304,Afluente (m3/seg)_daily_avg
2022-10-09,1.6480284463195,Afluente (m3/seg)_daily_avg
2022-10-10,8.48681414397477,Afluente (m3/seg)_daily_avg
2022-10-11,16.998538972075,Afluente (m3/seg)_daily_avg
2022-10-12,17.0317810514259,Afluente (m3/seg)_daily_avg
2022-10-13,8.5283667431213,Afluente (m3/seg)_daily_avg
2022-10-14,2.15935595260712,Afluente (m3/seg)_daily_avg
2022-10-15,0.0,Afluente (m3/seg)_daily_avg
2022-10-16,13.1126871669414,Afluente (m3/seg)_daily_avg
2022-10-17,8.10751165554272,Afluente (m3/seg)_daily_avg
2022-10-18,26.3611158061284,Afluente (m3/seg)_daily_avg
2022-10-19,11.2597135728494,Afluente (m3/seg)_daily_avg
2022-10-20,0.0,Afluente (m3/seg)_daily_avg
2022-10-21,5.61702428423462,Afluente (m3/seg)_daily_avg
2022-10-22,0.0,Afluente (m3/seg)_daily_avg
2022-10-23,8.47022232981679,Afluente (m3/seg)_daily_avg
2022-10-24,2.0854465495859,Afluente (m3/seg)_daily_avg
2022-10-25,8.47851614960544,Afluente (m3/seg)_daily_avg
2022-10-26,8.48681414397477,Afluente (m3/seg)_daily_avg
2022-10-27,0.0,Afluente (m3/seg)_daily_avg
2022-10-28,25.5102721501788,Afluente (m3/seg)_daily_avg
2022-10-29,17.0484146164435,Afluente (m3/seg)_daily_avg
2022-10-30,2.71011002374988,Afluente (m3/seg)_daily_avg
2022-10-31,2.62233242257702,Afluente (m3/seg)_daily_avg
2022-11-01,0.0,Afluente (m3/seg)_daily_avg
2022-11-02,0.0,Afluente (m3/seg)_daily_avg
2022-11-03,1.02451331398696,Afluente (m3/seg)_daily_avg
2022-11-04,14.2828553201815,Afluente (m3/seg)_daily_avg
2022-11-05,8.48681414397477,Afluente (m3/seg)_daily_avg
2022-11-06,6.05992816255309,Afluente (m3/seg)_daily_avg
2022-11-07,61.2042334197918,Afluente (m3/seg)_daily_avg
2022-11-08,66.062089031641,Afluente (m3/seg)_daily_avg
2022-11-09,19.2781481420417,Afluente (m3/seg)_daily_avg
2022-11-10,58.34455725120989,Afluente (m3/seg)_daily_avg
2022-11-11,59.98449962565049,Afluente (m3/seg)_daily_avg
2022-11-12,67.9278053326858,Afluente (m3/seg)_daily_avg
2022-11-13,59.70405480569941,Afluente (m3/seg)_daily_avg
2022-11-14,7.46752878919722,Afluente (m3/seg)_daily_avg
2022-11-15,11.2110325264049,Afluente (m3/seg)_daily_avg
2022-11-16,8.4619326857878,Afluente (m3/seg)_daily_avg
2022-11-17,15.7787100728205,Afluente (m3/seg)_daily_avg
2022-11-18,8.47851614960544,Afluente (m3/seg)_daily_avg
2022-11-19,22.0001944261597,Afluente (m3/seg)_daily_avg
2022-11-20,36.4321042093358,Afluente (m3/seg)_daily_avg
2022-11-21,26.1123698436674,Afluente (m3/seg)_daily_avg
2022-11-22,42.3096843031898,Afluente (m3/seg)_daily_avg
2022-11-23,39.2702350725102,Afluente (m3/seg)_daily_avg
2022-11-24,32.2060367019039,Afluente (m3/seg)_daily_avg
2022-11-25,67.8497167047034,Afluente (m3/seg)_daily_avg
2022-11-26,120.375593497102,Afluente (m3/seg)_daily_avg
2022-11-27,102.118130813663,Afluente (m3/seg)_daily_avg
2022-11-28,96.5763522753265,Afluente (m3/seg)_daily_avg
2022-11-29,119.011502001322,Afluente (m3/seg)_daily_avg
2022-11-30,106.647109632118,Afluente (m3/seg)_daily_avg
2022-12-01,20.7527666503554,Afluente (m3/seg)_daily_avg
2022-12-02,41.2973899080323,Afluente (m3/seg)_daily_avg
2022-12-03,64.3775669272752,Afluente (m3/seg)_daily_avg
2022-12-04,43.3007208214663,Afluente (m3/seg)_daily_avg
2022-12-05,19.6792556266951,Afluente (m3/seg)_daily_avg
2022-12-06,42.3511325251874,Afluente (m3/seg)_daily_avg
2022-12-07,16.998538972075,Afluente (m3/seg)_daily_avg
2022-12-08,25.8362026992769,Afluente (m3/seg)_daily_avg
2022-12-09,12.2143224690905,Afluente (m3/seg)_daily_avg
2022-12-10,27.0854608226003,Afluente (m3/seg)_daily_avg
2022-12-11,35.0056259170873,Afluente (m3/seg)_daily_avg
2022-12-12,23.0389462907013,Afluente (m3/seg)_daily_avg
2022-12-13,0.0,Afluente (m3/seg)_daily_avg
2022-12-14,23.7636081344408,Afluente (m3/seg)_daily_avg
2022-12-15,0.0,Afluente (m3/seg)_daily_avg
2022-12-16,0.0,Afluente (m3/seg)_daily_avg
2022-12-17,8.45364721600264,Afluente (m3/seg)_daily_avg
2022-12-18,0.260534516166613,Afluente (m3/seg)_daily_avg
2022-12-19,15.6760316614359,Afluente (m3/seg)_daily_avg
2022-12-20,0.0,Afluente (m3/seg)_daily_avg
2022-12-21,0.0,Afluente (m3/seg)_daily_avg
2022-12-22,0.0,Afluente (m3/seg)_daily_avg
2022-12-23,0.0,Afluente (m3/seg)_daily_avg
2022-12-24,0.0,Afluente (m3/seg)_daily_avg
2022-12-25,0.0,Afluente (m3/seg)_daily_avg
2022-12-26,0.0,Afluente (m3/seg)_daily_avg
2022-12-27,0.0,Afluente (m3/seg)_daily_avg
2022-12-28,0.0,Afluente (m3/seg)_daily_avg
2022-12-29,0.0,Afluente (m3/seg)_daily_avg
2022-12-30,0.0,Afluente (m3/seg)_daily_avg
2022-12-31,0.0,Afluente (m3/seg)_daily_avg
2023-01-01,0.0,Afluente (m3/seg)_daily_avg
2023-01-02,0.0,Afluente (m3/seg)_daily_avg
2023-01-03,0.0,Afluente (m3/seg)_daily_avg
2023-01-04,0.0,Afluente (m3/seg)_daily_avg
2023-01-05,0.0,Afluente (m3/seg)_daily_avg
2023-01-06,0.0,Afluente (m3/seg)_daily_avg
2023-01-07,0.0,Afluente (m3/seg)_daily_avg
2023-01-08,0.0,Afluente (m3/seg)_daily_avg
2023-01-09,8.3134330226905,Afluente (m3/seg)_daily_avg
2023-01-10,8.32164751567756,Afluente (m3/seg)_daily_avg
2023-01-11,0.0,Afluente (m3/seg)_daily_avg
2023-01-12,0.0,Afluente (m3/seg)_daily_avg
2023-01-13,0.0,Afluente (m3/seg)_daily_avg
2023-01-14,0.0,Afluente (m3/seg)_daily_avg
2023-01-15,0.0,Afluente (m3/seg)_daily_avg
2023-01-16,0.0,Afluente (m3/seg)_daily_avg
2023-01-17,0.0,Afluente (m3/seg)_daily_avg
2023-01-18,0.0,Afluente (m3/seg)_daily_avg
2023-01-19,0.0,Afluente (m3/seg)_daily_avg
2023-01-20,0.0,Afluente (m3/seg)_daily_avg
2023-01-21,0.0,Afluente (m3/seg)_daily_avg
2023-01-22,0.0,Afluente (m3/seg)_daily_avg
2023-01-23,0.0,Afluente (m3/seg)_daily_avg
2023-01-24,0.0,Afluente (m3/seg)_daily_avg
2023-01-25,0.0,Afluente (m3/seg)_daily_avg
2023-01-26,0.0,Afluente (m3/seg)_daily_avg
2023-01-27,0.0,Afluente (m3/seg)_daily_avg
2023-01-28,0.0,Afluente (m3/seg)_daily_avg
2023-01-29,0.0,Afluente (m3/seg)_daily_avg
2023-01-30,0.0,Afluente (m3/seg)_daily_avg
2023-01-31,0.0,Afluente (m3/seg)_daily_avg
2023-02-01,0.0,Afluente (m3/seg)_daily_avg
2023-02-02,0.0,Afluente (m3/seg)_daily_avg
2023-02-03,0.0,Afluente (m3/seg)_daily_avg
2023-02-04,0.0,Afluente (m3/seg)_daily_avg
2023-02-05,0.0,Afluente (m3/seg)_daily_avg
2023-02-06,0.0,Afluente (m3/seg)_daily_avg
2023-02-07,0.0,Afluente (m3/seg)_daily_avg
2023-02-08,0.0,Afluente (m3/seg)_daily_avg
2023-02-09,0.0,Afluente (m3/seg)_daily_avg
2023-02-10,0.0,Afluente (m3/seg)_daily_avg
2023-02-11,0.0,Afluente (m3/seg)_daily_avg
2023-02-12,0.0,Afluente (m3/seg)_daily_avg
2023-02-13,0.0,Afluente (m3/seg)_daily_avg
2023-02-14,0.0,Afluente (m3/seg)_daily_avg
2023-02-15,0.0,Afluente (m3/seg)_daily_avg
2023-02-16,0.0,Afluente (m3/seg)_daily_avg
2023-02-17,0.0,Afluente (m3/seg)_daily_avg
2023-02-18,0.0,Afluente (m3/seg)_daily_avg
2023-02-19,0.0,Afluente (m3/seg)_daily_avg
2023-02-20,0.0,Afluente (m3/seg)_daily_avg
2023-02-21,0.0,Afluente (m3/seg)_daily_avg
2023-02-22,0.0,Afluente (m3/seg)_daily_avg
2023-02-23,0.0,Afluente (m3/seg)_daily_avg
2023-02-24,0.0,Afluente (m3/seg)_daily_avg
2023-02-25,0.0,Afluente (m3/seg)_daily_avg
2023-02-26,0.0,Afluente (m3/seg)_daily_avg
2023-02-27,4.47835546189685,Afluente (m3/seg)_daily_avg
2023-02-28,0.0,Afluente (m3/seg)_daily_avg
2023-03-01,0.0,Afluente (m3/seg)_daily_avg
2023-03-02,2.30918798652628,Afluente (m3/seg)_daily_avg
2023-03-03,0.0,Afluente (m3/seg)_daily_avg
2023-03-04,0.0,Afluente (m3/seg)_daily_avg
2023-03-05,13.5526875876321,Afluente (m3/seg)_daily_avg
2023-03-06,0.0,Afluente (m3/seg)_daily_avg
2023-03-07,3.04785446532801,Afluente (m3/seg)_daily_avg
2023-03-08,0.0,Afluente (m3/seg)_daily_avg
2023-03-09,0.0,Afluente (m3/seg)_daily_avg
2023-03-10,0.0,Afluente (m3/seg)_daily_avg
2023-03-11,4.45888224666674,Afluente (m3/seg)_daily_avg
2023-03-12,0.0,Afluente (m3/seg)_daily_avg
2023-03-13,0.0,Afluente (m3/seg)_daily_avg
2023-03-14,0.0,Afluente (m3/seg)_daily_avg
2023-03-15,0.0,Afluente (m3/seg)_daily_avg
2023-03-16,0.0,Afluente (m3/seg)_daily_avg
2023-03-17,3.80996359980245,Afluente (m3/seg)_daily_avg
2023-03-18,0.0,Afluente (m3/seg)_daily_avg
2023-03-19,10.0245621481968,Afluente (m3/seg)_daily_avg
2023-03-20,14.3102386693028,Afluente (m3/seg)_daily_avg
2023-03-21,0.0,Afluente (m3/seg)_daily_avg
2023-03-22,0.0,Afluente (m3/seg)_daily_avg
2023-03-23,12.2090094780613,Afluente (m3/seg)_daily_avg
2023-03-24,0.0,Afluente (m3/seg)_daily_avg
2023-03-25,26.607919042259,Afluente (m3/seg)_daily_avg
2023-03-26,0.0,Afluente (m3/seg)_daily_avg
2023-03-27,6.97015329360848,Afluente (m3/seg)_daily_avg
2023-03-28,10.8217071519167,Afluente (m3/seg)_daily_avg
2023-03-29,9.93978401288675,Afluente (m3/seg)_daily_avg
2023-03-30,13.9928480541164,Afluente (m3/seg)_daily_avg
2023-03-31,8.9836542738474,Afluente (m3/seg)_daily_avg
2023-04-01,1.81986000625925,Afluente (m3/seg)_daily_avg
2023-04-02,13.9628124294109,Afluente (m3/seg)_daily_avg
2023-04-03,16.081919087814,Afluente (m3/seg)_daily_avg
2023-04-04,0.0,Afluente (m3/seg)_daily_avg
2023-04-05,8.98536694317098,Afluente (m3/seg)_daily_avg
2023-04-06,20.2633641558552,Afluente (m3/seg)_daily_avg
2023-04-07,8.20319093566997,Afluente (m3/seg)_daily_avg
2023-04-08,7.42928150517567,Afluente (m3/seg)_daily_avg
2023-04-09,0.017906749074708,Afluente (m3/seg)_daily_avg
2023-04-10,28.5273473668746,Afluente (m3/seg)_daily_avg
2023-04-11,39.0461449954995,Afluente (m3/seg)_daily_avg
2023-04-12,93.8927136566976,Afluente (m3/seg)_daily_avg
2023-04-13,254.165335597911,Afluente (m3/seg)_daily_avg
2023-04-14,167.995420757792,Afluente (m3/seg)_daily_avg
2023-04-15,87.3048009164572,Afluente (m3/seg)_daily_avg
2023-04-16,70.144259707753,Afluente (m3/seg)_daily_avg
2023-04-17,63.9068488066122,Afluente (m3/seg)_daily_avg
2023-04-18,49.7031366383908,Afluente (m3/seg)_daily_avg
2023-04-19,0.0,Afluente (m3/seg)_daily_avg
2023-04-20,75.3984740497358,Afluente (m3/seg)_daily_avg
2023-04-21,25.3650221543551,Afluente (m3/seg)_daily_avg
2023-04-22,60.379770507675,Afluente (m3/seg)_daily_avg
2023-04-23,32.6770982217229,Afluente (m3/seg)_daily_avg
2023-04-24,58.6747394679483,Afluente (m3/seg)_daily_avg
2023-04-25,22.782559226738,Afluente (m3/seg)_daily_avg
2023-04-26,0.0,Afluente (m3/seg)_daily_avg
2023-04-27,54.7786253817639,Afluente (m3/seg)_daily_avg
2023-04-28,15.5264125549211,Afluente (m3/seg)_daily_avg
2023-04-29,0.0,Afluente (m3/seg)_daily_avg
2023-04-30,0.0,Afluente (m3/seg)_daily_avg
2023-05-01,50.2781422895387,Afluente (m3/seg)_daily_avg
2023-05-02,49.1187784026185,Afluente (m3/seg)_daily_avg
2023-05-03,40.9297018010653,Afluente (m3/seg)_daily_avg
2023-05-04,37.4235334822416,Afluente (m3/seg)_daily_avg
2023-05-05,89.87140175747,Afluente (m3/seg)_daily_avg
2023-05-06,117.180674013728,Afluente (m3/seg)_daily_avg
2023-05-07,103.232351420957,Afluente (m3/seg)_daily_avg
2023-05-08,80.3907702665763,Afluente (m3/seg)_daily_avg
2023-05-09,94.1664449852533,Afluente (m3/seg)_daily_avg
2023-05-10,55.2965586049669,Afluente (m3/seg)_daily_avg
2023-05-11,37.5384446655135,Afluente (m3/seg)_daily_avg
2023-05-12,33.3198578173346,Afluente (m3/seg)_daily_avg
2023-05-13,36.162197593922,Afluente (m3/seg)_daily_avg
2023-05-14,63.299960299871,Afluente (m3/seg)_daily_avg
2023-05-15,54.8461661021569,Afluente (m3/seg)_daily_avg
2023-05-16,77.7541084597634,Afluente (m3/seg)_daily_avg
2023-05-17,79.7678885884708,Afluente (m3/seg)_daily_avg
2023-05-18,132.510621229102,Afluente (m3/seg)_daily_avg
2023-05-19,100.057887122694,Afluente (m3/seg)_daily_avg
2023-05-20,0.0,Afluente (m3/seg)_daily_avg
2023-05-21,0.898176717197543,Afluente (m3/seg)_daily_avg
2023-05-22,94.7378681799154,Afluente (m3/seg)_daily_avg
2023-05-23,114.451074394529,Afluente (m3/seg)_daily_avg
2023-05-24,357.93384351901,Afluente (m3/seg)_daily_avg
2023-05-25,139.965063896839,Afluente (m3/seg)_daily_avg
2023-05-26,100.077162785219,Afluente (m3/seg)_daily_avg
2023-05-27,55.9887445523572,Afluente (m3/seg)_daily_avg
2023-05-28,86.740349867313,Afluente (m3/seg)_daily_avg
2023-05-29,183.492119317382,Afluente (m3/seg)_daily_avg
2023-05-30,54.3744317627235,Afluente (m3/seg)_daily_avg
2023-05-31,0.0,Afluente (m3/seg)_daily_avg
2023-06-01,0.0,Afluente (m3/seg)_daily_avg
2023-06-02,112.216288690361,Afluente (m3/seg)_daily_avg
2023-06-03,53.4944198099204,Afluente (m3/seg)_daily_avg
2023-06-04,54.7193910908369,Afluente (m3/seg)_daily_avg
2023-06-05,891.093440811866,Afluente (m3/seg)_daily_avg
2023-06-06,3561.74171353683,Afluente (m3/seg)_daily_avg
2023-06-07,2372.30669537084,Afluente (m3/seg)_daily_avg
2023-06-08,869.115418833189,Afluente (m3/seg)_daily_avg
2023-06-09,641.632173012709,Afluente (m3/seg)_daily_avg
2023-06-10,413.586433888188,Afluente (m3/seg)_daily_avg
2023-06-11,311.902582791047,Afluente (m3/seg)_daily_avg
2023-06-12,266.995792948059,Afluente (m3/seg)_daily_avg
2023-06-13,238.003249431226,Afluente (m3/seg)_daily_avg
2023-06-14,214.030212900909,Afluente (m3/seg)_daily_avg
2023-06-15,180.378163378617,Afluente (m3/seg)_daily_avg
2023-06-16,183.784664130654,Afluente (m3/seg)_daily_avg
2023-06-17,159.322909461741,Afluente (m3/seg)_daily_avg
2023-06-18,135.533465793431,Afluente (m3/seg)_daily_avg
2023-06-19,106.391557729482,Afluente (m3/seg)_daily_avg
2023-06-20,158.203657438995,Afluente (m3/seg)_daily_avg
2023-06-21,136.788377928304,Afluente (m3/seg)_daily_avg
2023-06-22,98.2486927556222,Afluente (m3/seg)_daily_avg
2023-06-23,87.1368795526732,Afluente (m3/seg)_daily_avg
2023-06-24,212.939542362507,Afluente (m3/seg)_daily_avg
2023-06-25,202.961001952102,Afluente (m3/seg)_daily_avg
2023-06-26,163.470392207559,Afluente (m3/seg)_daily_avg
2023-06-27,133.494256826272,Afluente (m3/seg)_daily_avg
2023-06-28,137.544416541409,Afluente (m3/seg)_daily_avg
2023-06-29,73.9144006717644,Afluente (m3/seg)_daily_avg
2023-06-30,47.9022809024704,Afluente (m3/seg)_daily_avg
2023-07-01,34.824737514199,Afluente (m3/seg)_daily_avg
2023-07-02,85.5984598089733,Afluente (m3/seg)_daily_avg
2023-07-03,231.034779896535,Afluente (m3/seg)_daily_avg
2023-07-04,552.024257205751,Afluente (m3/seg)_daily_avg
2023-07-05,604.161859916972,Afluente (m3/seg)_daily_avg
2023-07-06,334.344496499039,Afluente (m3/seg)_daily_avg
2023-07-07,278.866171584122,Afluente (m3/seg)_daily_avg
2023-07-08,244.548698229564,Afluente (m3/seg)_daily_avg
2023-07-09,198.307795305023,Afluente (m3/seg)_daily_avg
2023-07-10,179.584006951964,Afluente (m3/seg)_daily_avg
2023-07-11,154.796543608444,Afluente (m3/seg)_daily_avg
2023-07-12,151.499363740588,Afluente (m3/seg)_daily_avg
2023-07-13,192.188366094566,Afluente (m3/seg)_daily_avg
2023-07-14,191.310173665233,Afluente (m3/seg)_daily_avg
2023-07-15,149.631681292674,Afluente (m3/seg)_daily_avg
2023-07-16,138.171606483117,Afluente (m3/seg)_daily_avg
2023-07-17,152.233273358391,Afluente (m3/seg)_daily_avg
2023-07-18,127.366167814723,Afluente (m3/seg)_daily_avg
2023-07-19,143.454531759344,Afluente (m3/seg)_daily_avg
2023-07-20,78.283287750297,Afluente (m3/seg)_daily_avg
2023-07-21,143.502225311093,Afluente (m3/seg)_daily_avg
2023-07-22,210.308052981476,Afluente (m3/seg)_daily_avg
2023-07-23,267.580032022201,Afluente (m3/seg)_daily_avg
2023-07-24,280.782844925513,Afluente (m3/seg)_daily_avg
2023-07-25,206.865560474481,Afluente (m3/seg)_daily_avg
2023-07-26,162.457994252526,Afluente (m3/seg)_daily_avg
2023-07-27,108.698914797119,Afluente (m3/seg)_daily_avg
2023-07-28,200.308251313288,Afluente (m3/seg)_daily_avg
2023-07-29,0.0,Afluente (m3/seg)_daily_avg
2023-07-30,272.555658315608,Afluente (m3/seg)_daily_avg
2023-07-31,2823.17148271557,Afluente (m3/seg)_daily_avg
2023-08-01,2543.85122258128,Afluente (m3/seg)_daily_avg
2023-08-02,4704.0212758926,Afluente (m3/seg)_daily_avg
2023-08-03,2092.91808623088,Afluente (m3/seg)_daily_avg
2023-08-04,1060.92056089389,Afluente (m3/seg)_daily_avg
2023-08-05,585.51584269565,Afluente (m3/seg)_daily_avg
2023-08-06,502.187306572097,Afluente (m3/seg)_daily_avg
2023-08-07,381.309504245846,Afluente (m3/seg)_daily_avg
2023-08-08,412.486380910278,Afluente (m3/seg)_daily_avg
2023-08-09,368.790283930105,Afluente (m3/seg)_daily_avg
2023-08-10,352.955721849977,Afluente (m3/seg)_daily_avg
2023-08-11,78.2517646554261,Afluente (m3/seg)_daily_avg
2023-08-12,325.568123203351,Afluente (m3/seg)_daily_avg
2023-08-13,391.912259678754,Afluente (m3/seg)_daily_avg
2023-08-14,435.801626583383,Afluente (m3/seg)_daily_avg
2023-08-15,1035.388878024,Afluente (m3/seg)_daily_avg
2023-08-16,616.87112132585,Afluente (m3/seg)_daily_avg
2023-08-17,368.238926465287,Afluente (m3/seg)_daily_avg
2023-08-18,1235.78124659823,Afluente (m3/seg)_daily_avg
2023-08-19,715.269914641749,Afluente (m3/seg)_daily_avg
2023-08-20,548.525260791212,Afluente (m3/seg)_daily_avg
2023-08-21,437.799455062983,Afluente (m3/seg)_daily_avg
2023-08-22,467.182357187778,Afluente (m3/seg)_daily_avg
2023-08-23,386.126695535227,Afluente (m3/seg)_daily_avg
2023-08-24,355.765568747546,Afluente (m3/seg)_daily_avg
2023-08-25,321.92247429975,Afluente (m3/seg)_daily_avg
2023-08-26,320.802740604002,Afluente (m3/seg)_daily_avg
2023-08-27,274.696523362686,Afluente (m3/seg)_daily_avg
2023-08-28,293.488729331477,Afluente (m3/seg)_daily_avg
2023-08-29,279.14662720006,Afluente (m3/seg)_daily_avg
2023-08-30,280.378335509922,Afluente (m3/seg)_daily_avg
2023-08-31,237.471432532124,Afluente (m3/seg)_daily_avg
2023-09-01,186.752439962972,Afluente (m3/seg)_daily_avg
2023-09-02,160.921654186212,Afluente (m3/seg)_daily_avg
2023-09-03,175.361617801041,Afluente (m3/seg)_daily_avg
2023-09-04,159.812824191226,Afluente (m3/seg)_daily_avg
2023-09-05,141.69824119283,Afluente (m3/seg)_daily_avg
2023-09-06,142.328510148307,Afluente (m3/seg)_daily_avg
2023-09-07,221.28335683224,Afluente (m3/seg)_daily_avg
2023-09-08,186.031324647392,Afluente (m3/seg)_daily_avg
2023-09-09,282.483885112365,Afluente (m3/seg)_daily_avg
2023-09-10,232.055454190811,Afluente (m3/seg)_daily_avg
2023-09-11,192.900799751184,Afluente (m3/seg)_daily_avg
2023-09-12,190.322180106348,Afluente (m3/seg)_daily_avg
2023-09-13,216.913782408939,Afluente (m3/seg)_daily_avg
2023-09-14,171.921768886213,Afluente (m3/seg)_daily_avg
2023-09-15,156.950117959985,Afluente (m3/seg)_daily_avg
2023-09-16,171.4930033517,Afluente (m3/seg)_daily_avg
2023-09-17,172.269610793742,Afluente (m3/seg)_daily_avg
2023-09-18,173.960097984536,Afluente (m3/seg)_daily_avg
2023-09-19,171.102053675575,Afluente (m3/seg)_daily_avg
2023-09-20,168.43893451231,Afluente (m3/seg)_daily_avg
2023-09-21,139.242161964663,Afluente (m3/seg)_daily_avg
2023-09-22,154.308940153701,Afluente (m3/seg)_daily_avg
2023-09-23,153.385638259793,Afluente (m3/seg)_daily_avg
2023-09-24,126.901904226706,Afluente (m3/seg)_daily_avg
2023-09-25,139.682246070133,Afluente (m3/seg)_daily_avg
2023-09-26,119.288579180642,Afluente (m3/seg)_daily_avg
2023-09-27,158.116409706006,Afluente (m3/seg)_daily_avg
2023-09-28,130.212276940631,Afluente (m3/seg)_daily_avg
2023-09-29,161.562901962814,Afluente (m3/seg)_daily_avg
2023-09-30,264.017379949757,Afluente (m3/seg)_daily_avg
2023-10-01,338.685540232924,Afluente (m3/seg)_daily_avg
2023-10-02,365.698264802653,Afluente (m3/seg)_daily_avg
2023-10-03,218.059351887641,Afluente (m3/seg)_daily_avg
2023-10-04,201.528602494832,Afluente (m3/seg)_daily_avg
2023-10-05,169.821030002887,Afluente (m3/seg)_daily_avg
2023-10-06,212.102970567538,Afluente (m3/seg)_daily_avg
2023-10-07,144.15772650136,Afluente (m3/seg)_daily_avg
2023-10-08,163.659656270761,Afluente (m3/seg)_daily_avg
2023-10-09,184.411579524962,Afluente (m3/seg)_daily_avg
2023-10-10,197.752918664688,Afluente (m3/seg)_daily_avg
2023-10-11,183.42589583227,Afluente (m3/seg)_daily_avg
2023-10-12,192.509224780494,Afluente (m3/seg)_daily_avg
2023-10-13,261.448535033966,Afluente (m3/seg)_daily_avg
2023-10-14,700.694207329686,Afluente (m3/seg)_daily_avg
2023-10-15,380.170357845955,Afluente (m3/seg)_daily_avg
2023-10-16,313.572017878151,Afluente (m3/seg)_daily_avg
2023-10-17,258.725061975674,Afluente (m3/seg)_daily_avg
2023-10-18,221.322283854323,Afluente (m3/seg)_daily_avg
2023-10-19,219.788793844951,Afluente (m3/seg)_daily_avg
2023-10-20,200.47806739312,Afluente (m3/seg)_daily_avg
2023-10-21,303.205215169204,Afluente (m3/seg)_daily_avg
2023-10-22,213.659442869133,Afluente (m3/seg)_daily_avg
2023-10-23,225.377565024691,Afluente (m3/seg)_daily_avg
2023-10-24,173.870571894192,Afluente (m3/seg)_daily_avg
2023-10-25,201.568450310018,Afluente (m3/seg)_daily_avg
2023-10-26,203.574209801036,Afluente (m3/seg)_daily_avg
2023-10-27,251.281156075737,Afluente (m3/seg)_daily_avg
2023-10-28,260.426775560175,Afluente (m3/seg)_daily_avg
2023-10-29,308.590810610206,Afluente (m3/seg)_daily_avg
2023-10-30,381.6518355527671,Afluente (m3/seg)_daily_avg
2023-10-31,351.483941664986,Afluente (m3/seg)_daily_avg
2023-11-01,362.488064607535,Afluente (m3/seg)_daily_avg
2023-11-02,312.014400245021,Afluente (m3/seg)_daily_avg
2023-11-03,343.195907864372,Afluente (m3/seg)_daily_avg
2023-11-04,315.8813826574951,Afluente (m3/seg)_daily_avg
2023-11-05,301.30664477849,Afluente (m3/seg)_daily_avg
2023-11-06,293.207875321914,Afluente (m3/seg)_daily_avg
2023-11-07,288.047787703148,Afluente (m3/seg)_daily_avg
2023-11-08,258.719291103513,Afluente (m3/seg)_daily_avg
2023-11-09,250.937319067406,Afluente (m3/seg)_daily_avg
2023-11-10,254.59053400055,Afluente (m3/seg)_daily_avg
2023-11-11,282.912984288991,Afluente (m3/seg)_daily_avg
2023-11-12,326.521331531415,Afluente (m3/seg)_daily_avg
2023-11-13,306.236211735123,Afluente (m3/seg)_daily_avg
2023-11-14,318.168162136913,Afluente (m3/seg)_daily_avg
2023-11-15,330.5220133826821,Afluente (m3/seg)_daily_avg
2023-11-16,338.064444710244,Afluente (m3/seg)_daily_avg
2023-11-17,340.373599404796,Afluente (m3/seg)_daily_avg
2023-11-18,332.107019683622,Afluente (m3/seg)_daily_avg
2023-11-19,317.293179032967,Afluente (m3/seg)_daily_avg
2023-11-20,264.054980778829,Afluente (m3/seg)_daily_avg
2023-11-21,306.065713731825,Afluente (m3/seg)_daily_avg
2023-11-22,277.945950253446,Afluente (m3/seg)_daily_avg
2023-11-23,234.096350085736,Afluente (m3/seg)_daily_avg
2023-11-24,284.945628858844,Afluente (m3/seg)_daily_avg
2023-11-25,303.665495108427,Afluente (m3/seg)_daily_avg
2023-11-26,310.046160160741,Afluente (m3/seg)_daily_avg
2023-11-27,299.094790109011,Afluente (m3/seg)_daily_avg
2023-11-28,356.852737036605,Afluente (m3/seg)_daily_avg
2023-11-29,326.876712324187,Afluente (m3/seg)_daily_avg
2023-11-30,305.324924370528,Afluente (m3/seg)_daily_avg
2023-12-01,238.194448139257,Afluente (m3/seg)_daily_avg
2023-12-02,258.135073431598,Afluente (m3/seg)_daily_avg
2023-12-03,252.523305226415,Afluente (m3/seg)_daily_avg
2023-12-04,290.740667022446,Afluente (m3/seg)_daily_avg
2023-12-05,295.481823686302,Afluente (m3/seg)_daily_avg
2023-12-06,252.998369225503,Afluente (m3/seg)_daily_avg
2023-12-07,291.319960356506,Afluente (m3/seg)_daily_avg
2023-12-08,305.070695506251,Afluente (m3/seg)_daily_avg
2023-12-09,281.054336778936,Afluente (m3/seg)_daily_avg
2023-12-10,300.44324917341,Afluente (m3/seg)_daily_avg
2023-12-11,276.778462938561,Afluente (m3/seg)_daily_avg
2023-12-12,256.827226440949,Afluente (m3/seg)_daily_avg
2023-12-13,253.322577730815,Afluente (m3/seg)_daily_avg
2023-12-14,234.121773377018,Afluente (m3/seg)_daily_avg
2023-12-15,230.451224775143,Afluente (m3/seg)_daily_avg
2023-12-16,199.831735516555,Afluente (m3/seg)_daily_avg
2023-12-17,177.817250079673,Afluente (m3/seg)_daily_avg
2023-12-18,201.954484653925,Afluente (m3/seg)_daily_avg
2023-12-19,188.185468085935,Afluente (m3/seg)_daily_avg
2023-12-20,163.781804550672,Afluente (m3/seg)_daily_avg
2023-12-21,194.981790648207,Afluente (m3/seg)_daily_avg
2023-12-22,171.591120153728,Afluente (m3/seg)_daily_avg
2023-12-23,171.02839065118,Afluente (m3/seg)_daily_avg
2023-12-24,201.257734138083,Afluente (m3/seg)_daily_avg
2023-12-25,201.513779007226,Afluente (m3/seg)_daily_avg
2023-12-26,236.985843172122,Afluente (m3/seg)_daily_avg
2023-12-27,201.786531848022,Afluente (m3/seg)_daily_avg
2023-12-28,209.277592319998,Afluente (m3/seg)_daily_avg
2023-12-29,203.503184295044,Afluente (m3/seg)_daily_avg
2023-12-30,238.842635064034,Afluente (m3/seg)_daily_avg
2023-12-31,257.866674943342,Afluente (m3/seg)_daily_avg
2024-01-01,259.014517734991,Afluente (m3/seg)_daily_avg
2024-01-02,219.100812759403,Afluente (m3/seg)_daily_avg
2024-01-03,183.536820041891,Afluente (m3/seg)_daily_avg
2024-01-04,168.923600228884,Afluente (m3/seg)_daily_avg
2024-01-05,165.592526833329,Afluente (m3/seg)_daily_avg
2024-01-06,150.075670335257,Afluente (m3/seg)_daily_avg
2024-01-07,122.670739860107,Afluente (m3/seg)_daily_avg
2024-01-08,153.667299190215,Afluente (m3/seg)_daily_avg
2024-01-09,152.829745466861,Afluente (m3/seg)_daily_avg
2024-01-10,128.506159769245,Afluente (m3/seg)_daily_avg
2024-01-11,112.351139786456,Afluente (m3/seg)_daily_avg
2024-01-12,130.176529061049,Afluente (m3/seg)_daily_avg
2024-01-13,110.642989974925,Afluente (m3/seg)_daily_avg
2024-01-14,114.202037628087,Afluente (m3/seg)_daily_avg
2024-01-15,125.092962273404,Afluente (m3/seg)_daily_avg
2024-01-16,96.5840237670985,Afluente (m3/seg)_daily_avg
2024-01-17,77.803904243953,Afluente (m3/seg)_daily_avg
2024-01-18,89.1360422230852,Afluente (m3/seg)_daily_avg
2024-01-19,104.644773274237,Afluente (m3/seg)_daily_avg
2024-01-20,108.311205927099,Afluente (m3/seg)_daily_avg
2024-01-21,85.0087707706713,Afluente (m3/seg)_daily_avg
2024-01-22,115.34148118067,Afluente (m3/seg)_daily_avg
2024-01-23,103.437393112929,Afluente (m3/seg)_daily_avg
2024-01-24,93.0191750369369,Afluente (m3/seg)_daily_avg
2024-01-25,113.679212348254,Afluente (m3/seg)_daily_avg
2024-01-26,102.149443988034,Afluente (m3/seg)_daily_avg
2024-01-27,118.024117667737,Afluente (m3/seg)_daily_avg
2024-01-28,83.2844475104583,Afluente (m3/seg)_daily_avg
2024-01-29,55.928638317318,Afluente (m3/seg)_daily_avg
2024-01-30,57.0381615566557,Afluente (m3/seg)_daily_avg
2024-01-31,66.5728973496921,Afluente (m3/seg)_daily_avg
2024-02-01,14.1674135075629,Afluente (m3/seg)_daily_avg
2024-02-02,51.4383594224389,Afluente (m3/seg)_daily_avg
2024-02-03,54.3776745541951,Afluente (m3/seg)_daily_avg
2024-02-04,76.197957166217,Afluente (m3/seg)_daily_avg
2024-02-05,28.2448645745052,Afluente (m3/seg)_daily_avg
2024-02-06,53.0982243074179,Afluente (m3/seg)_daily_avg
2024-02-07,42.9354989682347,Afluente (m3/seg)_daily_avg
2024-02-08,46.3747021573434,Afluente (m3/seg)_daily_avg
2024-02-09,41.2839791481427,Afluente (m3/seg)_daily_avg
2024-02-10,44.028654113592,Afluente (m3/seg)_daily_avg
2024-02-11,61.162522720256,Afluente (m3/seg)_daily_avg
2024-02-12,59.9468237979734,Afluente (m3/seg)_daily_avg
2024-02-13,49.0250842911117,Afluente (m3/seg)_daily_avg
2024-02-14,41.743002320105,Afluente (m3/seg)_daily_avg
2024-02-15,40.2825107871269,Afluente (m3/seg)_daily_avg
2024-02-16,19.2622346387279,Afluente (m3/seg)_daily_avg
2024-02-17,36.6384185509291,Afluente (m3/seg)_daily_avg
2024-02-18,45.6576380069441,Afluente (m3/seg)_daily_avg
2024-02-19,22.8500301683659,Afluente (m3/seg)_daily_avg
2024-02-20,44.6307399488736,Afluente (m3/seg)_daily_avg
2024-02-21,23.6961477099228,Afluente (m3/seg)_daily_avg
2024-02-22,37.4924835918911,Afluente (m3/seg)_daily_avg
2024-02-23,29.06528915309431,Afluente (m3/seg)_daily_avg
2024-02-24,53.2117051403513,Afluente (m3/seg)_daily_avg
2024-02-25,37.9444941214286,Afluente (m3/seg)_daily_avg
2024-02-26,52.8390421543215,Afluente (m3/seg)_daily_avg
2024-02-27,31.4808873769791,Afluente (m3/seg)_daily_avg
2024-02-28,41.479571589419,Afluente (m3/seg)_daily_avg
2024-02-29,48.9724833923733,Afluente (m3/seg)_daily_avg
2024-03-01,40.4300183156031,Afluente (m3/seg)_daily_avg
2024-03-02,48.125814325662,Afluente (m3/seg)_daily_avg
2024-03-03,58.0941915534607,Afluente (m3/seg)_daily_avg
2024-03-04,34.3188030472012,Afluente (m3/seg)_daily_avg
2024-03-05,43.943520471623,Afluente (m3/seg)_daily_avg
2024-03-06,45.1382805820272,Afluente (m3/seg)_daily_avg
2024-03-07,47.1452975675121,Afluente (m3/seg)_daily_avg
2024-03-08,52.3154022992347,Afluente (m3/seg)_daily_avg
2024-03-09,41.964840279661,Afluente (m3/seg)_daily_avg
2024-03-10,41.2947005289185,Afluente (m3/seg)_daily_avg
2024-03-11,20.5784291651741,Afluente (m3/seg)_daily_avg
2024-03-12,30.2589655112848,Afluente (m3/seg)_daily_avg
2024-03-13,0.0,Afluente (m3/seg)_daily_avg
2024-03-14,43.8680563637801,Afluente (m3/seg)_daily_avg
2024-03-15,43.969775946881,Afluente (m3/seg)_daily_avg
2024-03-16,120.844219341944,Afluente (m3/seg)_daily_avg
2024-03-17,33.2760960090199,Afluente (m3/seg)_daily_avg
2024-03-18,33.7216864103233,Afluente (m3/seg)_daily_avg
2024-03-19,25.9009555129952,Afluente (m3/seg)_daily_avg
2015-01-01,0.0,Precipitation_daily_sum
2015-01-02,0.0,Precipitation_daily_sum
2015-01-03,0.0,Precipitation_daily_sum
2015-01-04,0.0,Precipitation_daily_sum
2015-01-05,0.0,Precipitation_daily_sum
2015-01-06,0.0,Precipitation_daily_sum
2015-01-07,0.0,Precipitation_daily_sum
2015-01-08,0.0,Precipitation_daily_sum
2015-01-09,0.0,Precipitation_daily_sum
2015-01-10,0.0,Precipitation_daily_sum
2015-01-11,0.0,Precipitation_daily_sum
2015-01-12,0.0,Precipitation_daily_sum
2015-01-13,0.0,Precipitation_daily_sum
2015-01-14,0.0,Precipitation_daily_sum
2015-01-15,0.0,Precipitation_daily_sum
2015-01-16,0.0,Precipitation_daily_sum
2015-01-17,0.0,Precipitation_daily_sum
2015-01-18,0.0,Precipitation_daily_sum
2015-01-19,0.0,Precipitation_daily_sum
2015-01-20,0.0,Precipitation_daily_sum
2015-01-21,0.0,Precipitation_daily_sum
2015-01-22,0.0,Precipitation_daily_sum
2015-01-23,0.0,Precipitation_daily_sum
2015-01-24,0.0,Precipitation_daily_sum
2015-01-25,0.0,Precipitation_daily_sum
2015-01-26,0.0,Precipitation_daily_sum
2015-01-27,0.0,Precipitation_daily_sum
2015-01-28,0.0,Precipitation_daily_sum
2015-01-29,0.0,Precipitation_daily_sum
2015-01-30,0.0,Precipitation_daily_sum
2015-01-31,0.0,Precipitation_daily_sum
2015-02-01,0.0,Precipitation_daily_sum
2015-02-02,0.0,Precipitation_daily_sum
2015-02-03,0.0,Precipitation_daily_sum
2015-02-04,0.0,Precipitation_daily_sum
2015-02-05,0.0,Precipitation_daily_sum
2015-02-06,0.0,Precipitation_daily_sum
2015-02-07,0.0,Precipitation_daily_sum
2015-02-08,0.0,Precipitation_daily_sum
2015-02-09,0.0,Precipitation_daily_sum
2015-02-10,0.0,Precipitation_daily_sum
2015-02-11,0.0,Precipitation_daily_sum
2015-02-12,0.0,Precipitation_daily_sum
2015-02-13,0.0,Precipitation_daily_sum
2015-02-14,0.0,Precipitation_daily_sum
2015-02-15,0.0,Precipitation_daily_sum
2015-02-16,0.0,Precipitation_daily_sum
2015-02-17,0.0,Precipitation_daily_sum
2015-02-18,0.0,Precipitation_daily_sum
2015-02-19,0.0,Precipitation_daily_sum
2015-02-20,0.0,Precipitation_daily_sum
2015-02-21,0.0,Precipitation_daily_sum
2015-02-22,0.0,Precipitation_daily_sum
2015-02-23,0.0,Precipitation_daily_sum
2015-02-24,0.0,Precipitation_daily_sum
2015-02-25,0.0,Precipitation_daily_sum
2015-02-26,0.0,Precipitation_daily_sum
2015-02-27,0.0,Precipitation_daily_sum
2015-02-28,0.0,Precipitation_daily_sum
2015-03-01,0.0,Precipitation_daily_sum
2015-03-02,0.0,Precipitation_daily_sum
2015-03-03,0.0,Precipitation_daily_sum
2015-03-04,0.0,Precipitation_daily_sum
2015-03-05,0.0,Precipitation_daily_sum
2015-03-06,0.0,Precipitation_daily_sum
2015-03-07,0.0,Precipitation_daily_sum
2015-03-08,0.0,Precipitation_daily_sum
2015-03-09,0.0,Precipitation_daily_sum
2015-03-10,0.0,Precipitation_daily_sum
2015-03-11,0.0,Precipitation_daily_sum
2015-03-12,0.0,Precipitation_daily_sum
2015-03-13,0.0,Precipitation_daily_sum
2015-03-14,0.0,Precipitation_daily_sum
2015-03-15,0.0,Precipitation_daily_sum
2015-03-16,0.0,Precipitation_daily_sum
2015-03-17,0.0,Precipitation_daily_sum
2015-03-18,0.0,Precipitation_daily_sum
2015-03-19,0.0,Precipitation_daily_sum
2015-03-20,0.0,Precipitation_daily_sum
2015-03-21,0.0,Precipitation_daily_sum
2015-03-22,0.0,Precipitation_daily_sum
2015-03-23,0.0,Precipitation_daily_sum
2015-03-24,0.0,Precipitation_daily_sum
2015-03-25,0.0,Precipitation_daily_sum
2015-03-26,0.0,Precipitation_daily_sum
2015-03-27,0.0,Precipitation_daily_sum
2015-03-28,0.0,Precipitation_daily_sum
2015-03-29,0.0,Precipitation_daily_sum
2015-03-30,0.0,Precipitation_daily_sum
2015-03-31,0.0,Precipitation_daily_sum
2015-04-01,0.0,Precipitation_daily_sum
2015-04-02,0.0,Precipitation_daily_sum
2015-04-03,0.0,Precipitation_daily_sum
2015-04-04,0.0,Precipitation_daily_sum
2015-04-05,0.0,Precipitation_daily_sum
2015-04-06,0.0,Precipitation_daily_sum
2015-04-07,0.0,Precipitation_daily_sum
2015-04-08,0.0,Precipitation_daily_sum
2015-04-09,0.0,Precipitation_daily_sum
2015-04-10,0.0,Precipitation_daily_sum
2015-04-11,0.0,Precipitation_daily_sum
2015-04-12,0.0,Precipitation_daily_sum
2015-04-13,0.0,Precipitation_daily_sum
2015-04-14,0.0,Precipitation_daily_sum
2015-04-15,0.0,Precipitation_daily_sum
2015-04-16,0.0,Precipitation_daily_sum
2015-04-17,0.0,Precipitation_daily_sum
2015-04-18,0.0,Precipitation_daily_sum
2015-04-19,4.4,Precipitation_daily_sum
2015-04-20,0.0,Precipitation_daily_sum
2015-04-21,0.0,Precipitation_daily_sum
2015-04-22,0.0,Precipitation_daily_sum
2015-04-23,0.0,Precipitation_daily_sum
2015-04-24,0.0,Precipitation_daily_sum
2015-04-25,0.0,Precipitation_daily_sum
2015-04-26,0.0,Precipitation_daily_sum
2015-04-27,0.0,Precipitation_daily_sum
2015-04-28,0.0,Precipitation_daily_sum
2015-04-29,0.0,Precipitation_daily_sum
2015-04-30,0.0,Precipitation_daily_sum
2015-05-01,1.8,Precipitation_daily_sum
2015-05-02,0.0,Precipitation_daily_sum
2015-05-03,0.0,Precipitation_daily_sum
2015-05-04,0.0,Precipitation_daily_sum
2015-05-05,0.0,Precipitation_daily_sum
2015-05-06,0.0,Precipitation_daily_sum
2015-05-07,0.0,Precipitation_daily_sum
2015-05-08,0.0,Precipitation_daily_sum
2015-05-09,0.0,Precipitation_daily_sum
2015-05-10,0.0,Precipitation_daily_sum
2015-05-11,0.0,Precipitation_daily_sum
2015-05-12,0.0,Precipitation_daily_sum
2015-05-13,0.0,Precipitation_daily_sum
2015-05-14,0.0,Precipitation_daily_sum
2015-05-15,0.0,Precipitation_daily_sum
2015-05-16,0.0,Precipitation_daily_sum
2015-05-17,0.0,Precipitation_daily_sum
2015-05-18,0.0,Precipitation_daily_sum
2015-05-19,0.0,Precipitation_daily_sum
2015-05-20,0.0,Precipitation_daily_sum
2015-05-21,0.0,Precipitation_daily_sum
2015-05-22,0.0,Precipitation_daily_sum
2015-05-23,0.0,Precipitation_daily_sum
2015-05-24,0.0,Precipitation_daily_sum
2015-05-25,0.0,Precipitation_daily_sum
2015-05-26,0.0,Precipitation_daily_sum
2015-05-27,0.0,Precipitation_daily_sum
2015-05-28,4.9,Precipitation_daily_sum
2015-05-29,0.0,Precipitation_daily_sum
2015-05-30,0.0,Precipitation_daily_sum
2015-05-31,0.0,Precipitation_daily_sum
2015-06-01,0.0,Precipitation_daily_sum
2015-06-02,0.0,Precipitation_daily_sum
2015-06-03,0.0,Precipitation_daily_sum
2015-06-04,0.0,Precipitation_daily_sum
2015-06-05,0.0,Precipitation_daily_sum
2015-06-06,3.4,Precipitation_daily_sum
2015-06-07,0.0,Precipitation_daily_sum
2015-06-08,0.0,Precipitation_daily_sum
2015-06-09,0.0,Precipitation_daily_sum
2015-06-10,0.0,Precipitation_daily_sum
2015-06-11,0.0,Precipitation_daily_sum
2015-06-12,0.0,Precipitation_daily_sum
2015-06-13,0.0,Precipitation_daily_sum
2015-06-14,0.0,Precipitation_daily_sum
2015-06-15,0.0,Precipitation_daily_sum
2015-06-16,0.0,Precipitation_daily_sum
2015-06-17,0.0,Precipitation_daily_sum
2015-06-18,0.0,Precipitation_daily_sum
2015-06-19,0.0,Precipitation_daily_sum
2015-06-20,0.0,Precipitation_daily_sum
2015-06-21,0.0,Precipitation_daily_sum
2015-06-22,0.0,Precipitation_daily_sum
2015-06-23,0.0,Precipitation_daily_sum
2015-06-24,0.0,Precipitation_daily_sum
2015-06-25,0.0,Precipitation_daily_sum
2015-06-26,0.0,Precipitation_daily_sum
2015-06-27,0.0,Precipitation_daily_sum
2015-06-28,0.0,Precipitation_daily_sum
2015-06-29,0.0,Precipitation_daily_sum
2015-06-30,0.0,Precipitation_daily_sum
2015-07-01,0.0,Precipitation_daily_sum
2015-07-02,0.0,Precipitation_daily_sum
2015-07-03,0.0,Precipitation_daily_sum
2015-07-04,0.0,Precipitation_daily_sum
2015-07-05,19.5,Precipitation_daily_sum
2015-07-06,0.0,Precipitation_daily_sum
2015-07-07,0.0,Precipitation_daily_sum
2015-07-08,3.5,Precipitation_daily_sum
2015-07-09,0.5,Precipitation_daily_sum
2015-07-10,0.0,Precipitation_daily_sum
2015-07-11,29.2,Precipitation_daily_sum
2015-07-12,10.5,Precipitation_daily_sum
2015-07-13,0.0,Precipitation_daily_sum
2015-07-14,0.0,Precipitation_daily_sum
2015-07-15,0.0,Precipitation_daily_sum
2015-07-16,0.0,Precipitation_daily_sum
2015-07-17,0.0,Precipitation_daily_sum
2015-07-18,0.0,Precipitation_daily_sum
2015-07-19,0.0,Precipitation_daily_sum
2015-07-20,0.0,Precipitation_daily_sum
2015-07-21,0.0,Precipitation_daily_sum
2015-07-22,0.0,Precipitation_daily_sum
2015-07-23,0.0,Precipitation_daily_sum
2015-07-24,0.0,Precipitation_daily_sum
2015-07-25,0.0,Precipitation_daily_sum
2015-07-26,0.0,Precipitation_daily_sum
2015-07-27,0.0,Precipitation_daily_sum
2015-07-28,0.0,Precipitation_daily_sum
2015-07-29,0.0,Precipitation_daily_sum
2015-07-30,13.5,Precipitation_daily_sum
2015-07-31,0.0,Precipitation_daily_sum
2015-08-01,7.0,Precipitation_daily_sum
2015-08-02,3.4,Precipitation_daily_sum
2015-08-03,0.0,Precipitation_daily_sum
2015-08-04,0.0,Precipitation_daily_sum
2015-08-05,39.5,Precipitation_daily_sum
2015-08-06,105.2,Precipitation_daily_sum
2015-08-07,44.8,Precipitation_daily_sum
2015-08-08,2.7,Precipitation_daily_sum
2015-08-09,21.8,Precipitation_daily_sum
2015-08-10,0.0,Precipitation_daily_sum
2015-08-11,0.0,Precipitation_daily_sum
2015-08-12,0.0,Precipitation_daily_sum
2015-08-13,0.0,Precipitation_daily_sum
2015-08-14,0.0,Precipitation_daily_sum
2015-08-15,0.0,Precipitation_daily_sum
2015-08-16,0.0,Precipitation_daily_sum
2015-08-17,0.0,Precipitation_daily_sum
2015-08-18,0.0,Precipitation_daily_sum
2015-08-19,0.0,Precipitation_daily_sum
2015-08-20,0.0,Precipitation_daily_sum
2015-08-21,7.0,Precipitation_daily_sum
2015-08-22,0.0,Precipitation_daily_sum
2015-08-23,0.0,Precipitation_daily_sum
2015-08-24,0.0,Precipitation_daily_sum
2015-08-25,2.2,Precipitation_daily_sum
2015-08-26,0.0,Precipitation_daily_sum
2015-08-27,0.0,Precipitation_daily_sum
2015-08-28,0.0,Precipitation_daily_sum
2015-08-29,0.0,Precipitation_daily_sum
2015-08-30,0.0,Precipitation_daily_sum
2015-08-31,0.0,Precipitation_daily_sum
2015-09-01,0.0,Precipitation_daily_sum
2015-09-02,0.0,Precipitation_daily_sum
2015-09-03,0.0,Precipitation_daily_sum
2015-09-04,0.0,Precipitation_daily_sum
2015-09-05,0.0,Precipitation_daily_sum
2015-09-06,21.5,Precipitation_daily_sum
2015-09-07,6.4,Precipitation_daily_sum
2015-09-08,0.0,Precipitation_daily_sum
2015-09-09,0.0,Precipitation_daily_sum
2015-09-10,0.0,Precipitation_daily_sum
2015-09-11,0.0,Precipitation_daily_sum
2015-09-12,0.0,Precipitation_daily_sum
2015-09-13,0.0,Precipitation_daily_sum
2015-09-14,0.0,Precipitation_daily_sum
2015-09-15,0.0,Precipitation_daily_sum
2015-09-16,0.0,Precipitation_daily_sum
2015-09-17,0.0,Precipitation_daily_sum
2015-09-18,0.0,Precipitation_daily_sum
2015-09-19,0.0,Precipitation_daily_sum
2015-09-20,0.0,Precipitation_daily_sum
2015-09-21,0.0,Precipitation_daily_sum
2015-09-22,0.0,Precipitation_daily_sum
2015-09-23,0.0,Precipitation_daily_sum
2015-09-24,22.3,Precipitation_daily_sum
2015-09-25,0.0,Precipitation_daily_sum
2015-09-26,0.0,Precipitation_daily_sum
2015-09-27,0.0,Precipitation_daily_sum
2015-09-28,0.0,Precipitation_daily_sum
2015-09-29,0.0,Precipitation_daily_sum
2015-09-30,0.0,Precipitation_daily_sum
2015-10-01,13.3,Precipitation_daily_sum
2015-10-02,0.0,Precipitation_daily_sum
2015-10-03,0.0,Precipitation_daily_sum
2015-10-04,2.6,Precipitation_daily_sum
2015-10-05,0.0,Precipitation_daily_sum
2015-10-06,0.0,Precipitation_daily_sum
2015-10-07,0.0,Precipitation_daily_sum
2015-10-08,0.0,Precipitation_daily_sum
2015-10-09,0.0,Precipitation_daily_sum
2015-10-10,0.0,Precipitation_daily_sum
2015-10-11,0.0,Precipitation_daily_sum
2015-10-12,0.0,Precipitation_daily_sum
2015-10-13,22.5,Precipitation_daily_sum
2015-10-14,26.0,Precipitation_daily_sum
2015-10-15,0.0,Precipitation_daily_sum
2015-10-16,0.0,Precipitation_daily_sum
2015-10-17,0.0,Precipitation_daily_sum
2015-10-18,0.0,Precipitation_daily_sum
2015-10-19,0.0,Precipitation_daily_sum
2015-10-20,0.0,Precipitation_daily_sum
2015-10-21,0.0,Precipitation_daily_sum
2015-10-22,0.0,Precipitation_daily_sum
2015-10-23,0.0,Precipitation_daily_sum
2015-10-24,0.0,Precipitation_daily_sum
2015-10-25,0.0,Precipitation_daily_sum
2015-10-26,0.0,Precipitation_daily_sum
2015-10-27,0.0,Precipitation_daily_sum
2015-10-28,0.0,Precipitation_daily_sum
2015-10-29,0.0,Precipitation_daily_sum
2015-10-30,0.0,Precipitation_daily_sum
2015-10-31,0.0,Precipitation_daily_sum
2015-11-01,0.0,Precipitation_daily_sum
2015-11-02,0.0,Precipitation_daily_sum
2015-11-03,0.0,Precipitation_daily_sum
2015-11-04,0.0,Precipitation_daily_sum
2015-11-05,0.0,Precipitation_daily_sum
2015-11-06,0.0,Precipitation_daily_sum
2015-11-07,0.0,Precipitation_daily_sum
2015-11-08,0.0,Precipitation_daily_sum
2015-11-09,0.0,Precipitation_daily_sum
2015-11-10,0.0,Precipitation_daily_sum
2015-11-11,2.5,Precipitation_daily_sum
2015-11-12,0.0,Precipitation_daily_sum
2015-11-13,0.0,Precipitation_daily_sum
2015-11-14,0.0,Precipitation_daily_sum
2015-11-15,0.0,Precipitation_daily_sum
2015-11-16,0.0,Precipitation_daily_sum
2015-11-17,0.0,Precipitation_daily_sum
2015-11-18,0.0,Precipitation_daily_sum
2015-11-19,0.0,Precipitation_daily_sum
2015-11-20,0.0,Precipitation_daily_sum
2015-11-21,0.0,Precipitation_daily_sum
2015-11-22,0.0,Precipitation_daily_sum
2015-11-23,0.0,Precipitation_daily_sum
2015-11-24,0.0,Precipitation_daily_sum
2015-11-25,0.0,Precipitation_daily_sum
2015-11-26,0.0,Precipitation_daily_sum
2015-11-27,0.0,Precipitation_daily_sum
2015-11-28,0.0,Precipitation_daily_sum
2015-11-29,0.0,Precipitation_daily_sum
2015-11-30,0.0,Precipitation_daily_sum
2015-12-01,0.0,Precipitation_daily_sum
2015-12-02,0.0,Precipitation_daily_sum
2015-12-03,0.0,Precipitation_daily_sum
2015-12-04,0.0,Precipitation_daily_sum
2015-12-05,0.0,Precipitation_daily_sum
2015-12-06,0.0,Precipitation_daily_sum
2015-12-07,0.0,Precipitation_daily_sum
2015-12-08,0.0,Precipitation_daily_sum
2015-12-09,0.0,Precipitation_daily_sum
2015-12-10,0.0,Precipitation_daily_sum
2015-12-11,0.0,Precipitation_daily_sum
2015-12-12,0.0,Precipitation_daily_sum
2015-12-13,0.0,Precipitation_daily_sum
2015-12-14,0.0,Precipitation_daily_sum
2015-12-15,0.0,Precipitation_daily_sum
2015-12-16,0.0,Precipitation_daily_sum
2015-12-17,0.0,Precipitation_daily_sum
2015-12-18,0.0,Precipitation_daily_sum
2015-12-19,0.0,Precipitation_daily_sum
2015-12-20,0.0,Precipitation_daily_sum
2015-12-21,0.0,Precipitation_daily_sum
2015-12-22,0.0,Precipitation_daily_sum
2015-12-23,0.0,Precipitation_daily_sum
2015-12-24,0.0,Precipitation_daily_sum
2015-12-25,0.0,Precipitation_daily_sum
2015-12-26,0.0,Precipitation_daily_sum
2015-12-27,0.0,Precipitation_daily_sum
2015-12-28,0.0,Precipitation_daily_sum
2015-12-29,0.0,Precipitation_daily_sum
2015-12-30,0.0,Precipitation_daily_sum
2015-12-31,0.0,Precipitation_daily_sum
2016-01-01,0.0,Precipitation_daily_sum
2016-01-02,0.0,Precipitation_daily_sum
2016-01-03,0.0,Precipitation_daily_sum
2016-01-04,0.0,Precipitation_daily_sum
2016-01-05,0.0,Precipitation_daily_sum
2016-01-06,0.0,Precipitation_daily_sum
2016-01-07,0.0,Precipitation_daily_sum
2016-01-08,0.0,Precipitation_daily_sum
2016-01-09,0.0,Precipitation_daily_sum
2016-01-10,0.0,Precipitation_daily_sum
2016-01-11,0.0,Precipitation_daily_sum
2016-01-12,0.0,Precipitation_daily_sum
2016-01-13,0.0,Precipitation_daily_sum
2016-01-14,0.0,Precipitation_daily_sum
2016-01-15,0.0,Precipitation_daily_sum
2016-01-16,0.0,Precipitation_daily_sum
2016-01-17,0.0,Precipitation_daily_sum
2016-01-18,0.0,Precipitation_daily_sum
2016-01-19,0.0,Precipitation_daily_sum
2016-01-20,0.0,Precipitation_daily_sum
2016-01-21,0.0,Precipitation_daily_sum
2016-01-22,0.0,Precipitation_daily_sum
2016-01-23,0.0,Precipitation_daily_sum
2016-01-24,0.0,Precipitation_daily_sum
2016-01-25,0.0,Precipitation_daily_sum
2016-01-26,0.0,Precipitation_daily_sum
2016-01-27,0.0,Precipitation_daily_sum
2016-01-28,0.0,Precipitation_daily_sum
2016-01-29,0.0,Precipitation_daily_sum
2016-01-30,0.0,Precipitation_daily_sum
2016-01-31,0.0,Precipitation_daily_sum
2016-02-01,0.0,Precipitation_daily_sum
2016-02-02,0.0,Precipitation_daily_sum
2016-02-03,0.0,Precipitation_daily_sum
2016-02-04,0.0,Precipitation_daily_sum
2016-02-05,0.0,Precipitation_daily_sum
2016-02-06,0.0,Precipitation_daily_sum
2016-02-07,0.0,Precipitation_daily_sum
2016-02-08,0.0,Precipitation_daily_sum
2016-02-09,0.0,Precipitation_daily_sum
2016-02-10,0.0,Precipitation_daily_sum
2016-02-11,0.0,Precipitation_daily_sum
2016-02-12,0.0,Precipitation_daily_sum
2016-02-13,0.0,Precipitation_daily_sum
2016-02-14,0.0,Precipitation_daily_sum
2016-02-15,0.0,Precipitation_daily_sum
2016-02-16,0.0,Precipitation_daily_sum
2016-02-17,0.0,Precipitation_daily_sum
2016-02-18,0.0,Precipitation_daily_sum
2016-02-19,0.0,Precipitation_daily_sum
2016-02-20,0.0,Precipitation_daily_sum
2016-02-21,0.0,Precipitation_daily_sum
2016-02-22,0.0,Precipitation_daily_sum
2016-02-23,0.0,Precipitation_daily_sum
2016-02-24,0.0,Precipitation_daily_sum
2016-02-25,0.0,Precipitation_daily_sum
2016-02-26,0.0,Precipitation_daily_sum
2016-02-27,0.0,Precipitation_daily_sum
2016-02-28,0.0,Precipitation_daily_sum
2016-02-29,0.0,Precipitation_daily_sum
2016-03-01,0.0,Precipitation_daily_sum
2016-03-02,0.0,Precipitation_daily_sum
2016-03-03,0.0,Precipitation_daily_sum
2016-03-04,0.0,Precipitation_daily_sum
2016-03-05,0.0,Precipitation_daily_sum
2016-03-06,0.0,Precipitation_daily_sum
2016-03-07,0.0,Precipitation_daily_sum
2016-03-08,0.0,Precipitation_daily_sum
2016-03-09,0.0,Precipitation_daily_sum
2016-03-10,0.0,Precipitation_daily_sum
2016-03-11,0.0,Precipitation_daily_sum
2016-03-12,0.0,Precipitation_daily_sum
2016-03-13,0.0,Precipitation_daily_sum
2016-03-14,0.0,Precipitation_daily_sum
2016-03-15,0.0,Precipitation_daily_sum
2016-03-16,0.0,Precipitation_daily_sum
2016-03-17,0.0,Precipitation_daily_sum
2016-03-18,0.0,Precipitation_daily_sum
2016-03-19,0.0,Precipitation_daily_sum
2016-03-20,0.0,Precipitation_daily_sum
2016-03-21,0.0,Precipitation_daily_sum
2016-03-22,0.0,Precipitation_daily_sum
2016-03-23,0.0,Precipitation_daily_sum
2016-03-24,0.0,Precipitation_daily_sum
2016-03-25,0.0,Precipitation_daily_sum
2016-03-26,0.0,Precipitation_daily_sum
2016-03-27,0.0,Precipitation_daily_sum
2016-03-28,0.0,Precipitation_daily_sum
2016-03-29,0.0,Precipitation_daily_sum
2016-03-30,0.0,Precipitation_daily_sum
2016-03-31,0.0,Precipitation_daily_sum
2016-04-01,0.0,Precipitation_daily_sum
2016-04-02,0.0,Precipitation_daily_sum
2016-04-03,0.0,Precipitation_daily_sum
2016-04-04,0.0,Precipitation_daily_sum
2016-04-05,0.0,Precipitation_daily_sum
2016-04-06,0.0,Precipitation_daily_sum
2016-04-07,0.0,Precipitation_daily_sum
2016-04-08,0.0,Precipitation_daily_sum
2016-04-09,0.0,Precipitation_daily_sum
2016-04-10,0.0,Precipitation_daily_sum
2016-04-11,0.0,Precipitation_daily_sum
2016-04-12,0.0,Precipitation_daily_sum
2016-04-13,0.0,Precipitation_daily_sum
2016-04-14,36.7,Precipitation_daily_sum
2016-04-15,22.7,Precipitation_daily_sum
2016-04-16,11.3,Precipitation_daily_sum
2016-04-17,16.0,Precipitation_daily_sum
2016-04-18,0.0,Precipitation_daily_sum
2016-04-19,0.0,Precipitation_daily_sum
2016-04-20,0.0,Precipitation_daily_sum
2016-04-21,0.0,Precipitation_daily_sum
2016-04-22,6.0,Precipitation_daily_sum
2016-04-23,31.6,Precipitation_daily_sum
2016-04-24,0.0,Precipitation_daily_sum
2016-04-25,0.0,Precipitation_daily_sum
2016-04-26,0.0,Precipitation_daily_sum
2016-04-27,0.0,Precipitation_daily_sum
2016-04-28,0.0,Precipitation_daily_sum
2016-04-29,0.0,Precipitation_daily_sum
2016-04-30,0.0,Precipitation_daily_sum
2016-05-01,0.0,Precipitation_daily_sum
2016-05-02,0.0,Precipitation_daily_sum
2016-05-03,0.0,Precipitation_daily_sum
2016-05-04,0.0,Precipitation_daily_sum
2016-05-05,0.0,Precipitation_daily_sum
2016-05-06,0.0,Precipitation_daily_sum
2016-05-07,0.0,Precipitation_daily_sum
2016-05-08,0.0,Precipitation_daily_sum
2016-05-09,0.0,Precipitation_daily_sum
2016-05-10,0.0,Precipitation_daily_sum
2016-05-11,7.5,Precipitation_daily_sum
2016-05-12,0.0,Precipitation_daily_sum
2016-05-13,0.0,Precipitation_daily_sum
2016-05-14,10.0,Precipitation_daily_sum
2016-05-15,0.0,Precipitation_daily_sum
2016-05-16,0.0,Precipitation_daily_sum
2016-05-17,0.0,Precipitation_daily_sum
2016-05-18,3.0,Precipitation_daily_sum
2016-05-19,9.2,Precipitation_daily_sum
2016-05-20,26.0,Precipitation_daily_sum
2016-05-21,0.0,Precipitation_daily_sum
2016-05-22,0.0,Precipitation_daily_sum
2016-05-23,0.0,Precipitation_daily_sum
2016-05-24,0.0,Precipitation_daily_sum
2016-05-25,0.0,Precipitation_daily_sum
2016-05-26,0.0,Precipitation_daily_sum
2016-05-27,0.0,Precipitation_daily_sum
2016-05-28,0.0,Precipitation_daily_sum
2016-05-29,9.0,Precipitation_daily_sum
2016-05-30,0.0,Precipitation_daily_sum
2016-05-31,0.0,Precipitation_daily_sum
2016-06-01,0.0,Precipitation_daily_sum
2016-06-02,0.0,Precipitation_daily_sum
2016-06-03,17.3,Precipitation_daily_sum
2016-06-04,0.0,Precipitation_daily_sum
2016-06-05,0.0,Precipitation_daily_sum
2016-06-06,0.0,Precipitation_daily_sum
2016-06-07,0.0,Precipitation_daily_sum
2016-06-08,0.0,Precipitation_daily_sum
2016-06-09,0.0,Precipitation_daily_sum
2016-06-10,0.0,Precipitation_daily_sum
2016-06-11,0.0,Precipitation_daily_sum
2016-06-12,0.0,Precipitation_daily_sum
2016-06-13,0.0,Precipitation_daily_sum
2016-06-14,0.0,Precipitation_daily_sum
2016-06-15,0.0,Precipitation_daily_sum
2016-06-16,0.0,Precipitation_daily_sum
2016-06-17,0.0,Precipitation_daily_sum
2016-06-18,0.0,Precipitation_daily_sum
2016-06-19,0.0,Precipitation_daily_sum
2016-06-20,0.0,Precipitation_daily_sum
2016-06-21,0.0,Precipitation_daily_sum
2016-06-22,0.0,Precipitation_daily_sum
2016-06-23,0.0,Precipitation_daily_sum
2016-06-24,0.0,Precipitation_daily_sum
2016-06-25,0.0,Precipitation_daily_sum
2016-06-26,0.0,Precipitation_daily_sum
2016-06-27,0.0,Precipitation_daily_sum
2016-06-28,0.0,Precipitation_daily_sum
2016-06-29,0.0,Precipitation_daily_sum
2016-06-30,0.0,Precipitation_daily_sum
2016-07-01,0.0,Precipitation_daily_sum
2016-07-02,5.0,Precipitation_daily_sum
2016-07-03,0.0,Precipitation_daily_sum
2016-07-04,0.0,Precipitation_daily_sum
2016-07-05,0.0,Precipitation_daily_sum
2016-07-06,0.0,Precipitation_daily_sum
2016-07-07,0.0,Precipitation_daily_sum
2016-07-08,0.0,Precipitation_daily_sum
2016-07-09,0.0,Precipitation_daily_sum
2016-07-10,44.5,Precipitation_daily_sum
2016-07-11,0.6,Precipitation_daily_sum
2016-07-12,1.2,Precipitation_daily_sum
2016-07-13,36.7,Precipitation_daily_sum
2016-07-14,0.0,Precipitation_daily_sum
2016-07-15,0.0,Precipitation_daily_sum
2016-07-16,0.0,Precipitation_daily_sum
2016-07-17,12.7,Precipitation_daily_sum
2016-07-18,0.0,Precipitation_daily_sum
2016-07-19,0.0,Precipitation_daily_sum
2016-07-20,0.0,Precipitation_daily_sum
2016-07-21,0.0,Precipitation_daily_sum
2016-07-22,0.0,Precipitation_daily_sum
2016-07-23,2.4,Precipitation_daily_sum
2016-07-24,38.7,Precipitation_daily_sum
2016-07-25,0.0,Precipitation_daily_sum
2016-07-26,0.0,Precipitation_daily_sum
2016-07-27,0.0,Precipitation_daily_sum
2016-07-28,0.0,Precipitation_daily_sum
2016-07-29,0.0,Precipitation_daily_sum
2016-07-30,0.0,Precipitation_daily_sum
2016-07-31,0.0,Precipitation_daily_sum
2016-08-01,0.0,Precipitation_daily_sum
2016-08-02,0.0,Precipitation_daily_sum
2016-08-03,0.0,Precipitation_daily_sum
2016-08-04,0.0,Precipitation_daily_sum
2016-08-05,0.0,Precipitation_daily_sum
2016-08-06,0.0,Precipitation_daily_sum
2016-08-07,0.0,Precipitation_daily_sum
2016-08-08,0.0,Precipitation_daily_sum
2016-08-09,0.0,Precipitation_daily_sum
2016-08-10,0.0,Precipitation_daily_sum
2016-08-11,0.0,Precipitation_daily_sum
2016-08-12,0.0,Precipitation_daily_sum
2016-08-13,0.0,Precipitation_daily_sum
2016-08-14,0.0,Precipitation_daily_sum
2016-08-15,0.0,Precipitation_daily_sum
2016-08-16,0.0,Precipitation_daily_sum
2016-08-17,0.0,Precipitation_daily_sum
2016-08-18,0.0,Precipitation_daily_sum
2016-08-19,0.0,Precipitation_daily_sum
2016-08-20,0.0,Precipitation_daily_sum
2016-08-21,0.0,Precipitation_daily_sum
2016-08-22,0.0,Precipitation_daily_sum
2016-08-23,0.0,Precipitation_daily_sum
2016-08-24,0.0,Precipitation_daily_sum
2016-08-25,0.0,Precipitation_daily_sum
2016-08-26,0.0,Precipitation_daily_sum
2016-08-27,0.0,Precipitation_daily_sum
2016-08-28,0.0,Precipitation_daily_sum
2016-08-29,0.0,Precipitation_daily_sum
2016-08-30,0.0,Precipitation_daily_sum
2016-08-31,0.0,Precipitation_daily_sum
2016-09-01,0.0,Precipitation_daily_sum
2016-09-02,0.0,Precipitation_daily_sum
2016-09-03,0.0,Precipitation_daily_sum
2016-09-04,0.0,Precipitation_daily_sum
2016-09-05,0.0,Precipitation_daily_sum
2016-09-06,0.0,Precipitation_daily_sum
2016-09-07,0.0,Precipitation_daily_sum
2016-09-08,0.0,Precipitation_daily_sum
2016-09-09,0.0,Precipitation_daily_sum
2016-09-10,0.0,Precipitation_daily_sum
2016-09-11,0.5,Precipitation_daily_sum
2016-09-12,0.2,Precipitation_daily_sum
2016-09-13,0.0,Precipitation_daily_sum
2016-09-14,0.0,Precipitation_daily_sum
2016-09-15,0.0,Precipitation_daily_sum
2016-09-16,0.0,Precipitation_daily_sum
2016-09-17,0.0,Precipitation_daily_sum
2016-09-18,0.0,Precipitation_daily_sum
2016-09-19,0.0,Precipitation_daily_sum
2016-09-20,0.0,Precipitation_daily_sum
2016-09-21,0.0,Precipitation_daily_sum
2016-09-22,0.0,Precipitation_daily_sum
2016-09-23,0.0,Precipitation_daily_sum
2016-09-24,0.0,Precipitation_daily_sum
2016-09-25,0.0,Precipitation_daily_sum
2016-09-26,0.0,Precipitation_daily_sum
2016-09-27,0.0,Precipitation_daily_sum
2016-09-28,0.0,Precipitation_daily_sum
2016-09-29,0.0,Precipitation_daily_sum
2016-09-30,0.0,Precipitation_daily_sum
2016-10-01,0.0,Precipitation_daily_sum
2016-10-02,0.0,Precipitation_daily_sum
2016-10-03,0.0,Precipitation_daily_sum
2016-10-04,0.0,Precipitation_daily_sum
2016-10-05,0.0,Precipitation_daily_sum
2016-10-06,0.0,Precipitation_daily_sum
2016-10-07,0.0,Precipitation_daily_sum
2016-10-08,0.0,Precipitation_daily_sum
2016-10-09,0.0,Precipitation_daily_sum
2016-10-10,0.0,Precipitation_daily_sum
2016-10-11,0.0,Precipitation_daily_sum
2016-10-12,0.0,Precipitation_daily_sum
2016-10-13,0.0,Precipitation_daily_sum
2016-10-14,0.0,Precipitation_daily_sum
2016-10-15,19.9,Precipitation_daily_sum
2016-10-16,8.0,Precipitation_daily_sum
2016-10-17,0.0,Precipitation_daily_sum
2016-10-18,0.0,Precipitation_daily_sum
2016-10-19,0.0,Precipitation_daily_sum
2016-10-20,0.0,Precipitation_daily_sum
2016-10-21,0.0,Precipitation_daily_sum
2016-10-22,0.0,Precipitation_daily_sum
2016-10-23,0.6,Precipitation_daily_sum
2016-10-24,0.0,Precipitation_daily_sum
2016-10-25,0.0,Precipitation_daily_sum
2016-10-26,0.0,Precipitation_daily_sum
2016-10-27,0.0,Precipitation_daily_sum
2016-10-28,0.0,Precipitation_daily_sum
2016-10-29,0.0,Precipitation_daily_sum
2016-10-30,0.0,Precipitation_daily_sum
2016-10-31,5.4,Precipitation_daily_sum
2016-11-01,0.0,Precipitation_daily_sum
2016-11-02,0.0,Precipitation_daily_sum
2016-11-03,0.0,Precipitation_daily_sum
2016-11-04,0.0,Precipitation_daily_sum
2016-11-05,0.0,Precipitation_daily_sum
2016-11-06,0.0,Precipitation_daily_sum
2016-11-07,0.0,Precipitation_daily_sum
2016-11-08,0.0,Precipitation_daily_sum
2016-11-09,0.0,Precipitation_daily_sum
2016-11-10,0.0,Precipitation_daily_sum
2016-11-11,0.0,Precipitation_daily_sum
2016-11-12,0.0,Precipitation_daily_sum
2016-11-13,0.0,Precipitation_daily_sum
2016-11-14,0.0,Precipitation_daily_sum
2016-11-15,0.0,Precipitation_daily_sum
2016-11-16,0.0,Precipitation_daily_sum
2016-11-17,0.0,Precipitation_daily_sum
2016-11-18,0.0,Precipitation_daily_sum
2016-11-19,0.0,Precipitation_daily_sum
2016-11-20,0.0,Precipitation_daily_sum
2016-11-21,0.0,Precipitation_daily_sum
2016-11-22,0.0,Precipitation_daily_sum
2016-11-23,0.0,Precipitation_daily_sum
2016-11-24,0.0,Precipitation_daily_sum
2016-11-25,0.0,Precipitation_daily_sum
2016-11-26,0.0,Precipitation_daily_sum
2016-11-27,0.0,Precipitation_daily_sum
2016-11-28,0.0,Precipitation_daily_sum
2016-11-29,0.0,Precipitation_daily_sum
2016-11-30,0.0,Precipitation_daily_sum
2016-12-01,0.0,Precipitation_daily_sum
2016-12-02,0.0,Precipitation_daily_sum
2016-12-03,0.0,Precipitation_daily_sum
2016-12-04,0.0,Precipitation_daily_sum
2016-12-05,0.0,Precipitation_daily_sum
2016-12-06,0.0,Precipitation_daily_sum
2016-12-07,0.0,Precipitation_daily_sum
2016-12-08,4.5,Precipitation_daily_sum
2016-12-09,0.0,Precipitation_daily_sum
2016-12-10,0.0,Precipitation_daily_sum
2016-12-11,0.0,Precipitation_daily_sum
2016-12-12,0.0,Precipitation_daily_sum
2016-12-13,0.0,Precipitation_daily_sum
2016-12-14,0.0,Precipitation_daily_sum
2016-12-15,0.0,Precipitation_daily_sum
2016-12-16,0.0,Precipitation_daily_sum
2016-12-17,0.0,Precipitation_daily_sum
2016-12-18,0.0,Precipitation_daily_sum
2016-12-19,0.0,Precipitation_daily_sum
2016-12-20,0.0,Precipitation_daily_sum
2016-12-21,0.0,Precipitation_daily_sum
2016-12-22,0.0,Precipitation_daily_sum
2016-12-23,0.0,Precipitation_daily_sum
2016-12-24,0.0,Precipitation_daily_sum
2016-12-25,12.6,Precipitation_daily_sum
2016-12-26,1.2,Precipitation_daily_sum
2016-12-27,0.0,Precipitation_daily_sum
2016-12-28,0.0,Precipitation_daily_sum
2016-12-29,0.0,Precipitation_daily_sum
2016-12-30,0.0,Precipitation_daily_sum
2016-12-31,0.0,Precipitation_daily_sum
2017-01-01,0.0,Precipitation_daily_sum
2017-01-02,0.0,Precipitation_daily_sum
2017-01-03,0.0,Precipitation_daily_sum
2017-01-04,0.0,Precipitation_daily_sum
2017-01-05,0.0,Precipitation_daily_sum
2017-01-06,0.0,Precipitation_daily_sum
2017-01-07,0.0,Precipitation_daily_sum
2017-01-08,0.0,Precipitation_daily_sum
2017-01-09,0.0,Precipitation_daily_sum
2017-01-10,0.0,Precipitation_daily_sum
2017-01-11,0.0,Precipitation_daily_sum
2017-01-12,0.0,Precipitation_daily_sum
2017-01-13,0.0,Precipitation_daily_sum
2017-01-14,0.0,Precipitation_daily_sum
2017-01-15,0.0,Precipitation_daily_sum
2017-01-16,0.0,Precipitation_daily_sum
2017-01-17,0.0,Precipitation_daily_sum
2017-01-18,0.0,Precipitation_daily_sum
2017-01-19,0.0,Precipitation_daily_sum
2017-01-20,0.0,Precipitation_daily_sum
2017-01-21,0.0,Precipitation_daily_sum
2017-01-22,0.0,Precipitation_daily_sum
2017-01-23,0.0,Precipitation_daily_sum
2017-01-24,0.0,Precipitation_daily_sum
2017-01-25,0.0,Precipitation_daily_sum
2017-01-26,0.0,Precipitation_daily_sum
2017-01-27,0.0,Precipitation_daily_sum
2017-01-28,0.0,Precipitation_daily_sum
2017-01-29,0.0,Precipitation_daily_sum
2017-01-30,0.0,Precipitation_daily_sum
2017-01-31,0.0,Precipitation_daily_sum
2017-02-01,0.0,Precipitation_daily_sum
2017-02-02,0.0,Precipitation_daily_sum
2017-02-03,0.0,Precipitation_daily_sum
2017-02-04,0.0,Precipitation_daily_sum
2017-02-05,0.0,Precipitation_daily_sum
2017-02-06,0.0,Precipitation_daily_sum
2017-02-07,0.0,Precipitation_daily_sum
2017-02-08,0.0,Precipitation_daily_sum
2017-02-09,0.0,Precipitation_daily_sum
2017-02-10,0.0,Precipitation_daily_sum
2017-02-11,0.0,Precipitation_daily_sum
2017-02-12,0.0,Precipitation_daily_sum
2017-02-13,0.0,Precipitation_daily_sum
2017-02-14,0.0,Precipitation_daily_sum
2017-02-15,0.0,Precipitation_daily_sum
2017-02-16,0.0,Precipitation_daily_sum
2017-02-17,0.0,Precipitation_daily_sum
2017-02-18,0.0,Precipitation_daily_sum
2017-02-19,0.0,Precipitation_daily_sum
2017-02-20,0.0,Precipitation_daily_sum
2017-02-21,0.0,Precipitation_daily_sum
2017-02-22,0.0,Precipitation_daily_sum
2017-02-23,0.0,Precipitation_daily_sum
2017-02-24,0.0,Precipitation_daily_sum
2017-02-25,0.0,Precipitation_daily_sum
2017-02-26,0.0,Precipitation_daily_sum
2017-02-27,0.0,Precipitation_daily_sum
2017-02-28,0.0,Precipitation_daily_sum
2017-03-01,0.0,Precipitation_daily_sum
2017-03-02,0.0,Precipitation_daily_sum
2017-03-03,0.0,Precipitation_daily_sum
2017-03-04,0.0,Precipitation_daily_sum
2017-03-05,0.0,Precipitation_daily_sum
2017-03-06,0.0,Precipitation_daily_sum
2017-03-07,0.0,Precipitation_daily_sum
2017-03-08,0.0,Precipitation_daily_sum
2017-03-09,0.0,Precipitation_daily_sum
2017-03-10,0.0,Precipitation_daily_sum
2017-03-11,0.0,Precipitation_daily_sum
2017-03-12,0.0,Precipitation_daily_sum
2017-03-13,0.0,Precipitation_daily_sum
2017-03-14,0.0,Precipitation_daily_sum
2017-03-15,0.0,Precipitation_daily_sum
2017-03-16,0.0,Precipitation_daily_sum
2017-03-17,0.0,Precipitation_daily_sum
2017-03-18,0.0,Precipitation_daily_sum
2017-03-19,0.0,Precipitation_daily_sum
2017-03-20,0.0,Precipitation_daily_sum
2017-03-21,0.0,Precipitation_daily_sum
2017-03-22,0.0,Precipitation_daily_sum
2017-03-23,0.0,Precipitation_daily_sum
2017-03-24,0.0,Precipitation_daily_sum
2017-03-25,0.0,Precipitation_daily_sum
2017-03-26,0.0,Precipitation_daily_sum
2017-03-27,0.0,Precipitation_daily_sum
2017-03-28,0.0,Precipitation_daily_sum
2017-03-29,0.0,Precipitation_daily_sum
2017-03-30,0.0,Precipitation_daily_sum
2017-03-31,0.0,Precipitation_daily_sum
2017-04-01,0.0,Precipitation_daily_sum
2017-04-02,0.0,Precipitation_daily_sum
2017-04-03,0.0,Precipitation_daily_sum
2017-04-04,0.0,Precipitation_daily_sum
2017-04-05,0.0,Precipitation_daily_sum
2017-04-06,11.0,Precipitation_daily_sum
2017-04-07,0.0,Precipitation_daily_sum
2017-04-08,0.0,Precipitation_daily_sum
2017-04-09,0.0,Precipitation_daily_sum
2017-04-10,0.0,Precipitation_daily_sum
2017-04-11,0.0,Precipitation_daily_sum
2017-04-12,0.0,Precipitation_daily_sum
2017-04-13,0.0,Precipitation_daily_sum
2017-04-14,0.0,Precipitation_daily_sum
2017-04-15,0.0,Precipitation_daily_sum
2017-04-16,0.0,Precipitation_daily_sum
2017-04-17,0.0,Precipitation_daily_sum
2017-04-18,0.0,Precipitation_daily_sum
2017-04-19,3.5,Precipitation_daily_sum
2017-04-20,0.0,Precipitation_daily_sum
2017-04-21,0.0,Precipitation_daily_sum
2017-04-22,0.0,Precipitation_daily_sum
2017-04-23,0.0,Precipitation_daily_sum
2017-04-24,0.0,Precipitation_daily_sum
2017-04-25,0.0,Precipitation_daily_sum
2017-04-26,0.0,Precipitation_daily_sum
2017-04-27,0.0,Precipitation_daily_sum
2017-04-28,0.0,Precipitation_daily_sum
2017-04-29,0.0,Precipitation_daily_sum
2017-04-30,0.0,Precipitation_daily_sum
2017-05-01,0.0,Precipitation_daily_sum
2017-05-02,0.0,Precipitation_daily_sum
2017-05-03,0.0,Precipitation_daily_sum
2017-05-04,0.0,Precipitation_daily_sum
2017-05-05,0.0,Precipitation_daily_sum
2017-05-06,21.6,Precipitation_daily_sum
2017-05-07,21.5,Precipitation_daily_sum
2017-05-08,0.0,Precipitation_daily_sum
2017-05-09,0.0,Precipitation_daily_sum
2017-05-10,2.4,Precipitation_daily_sum
2017-05-11,43.7,Precipitation_daily_sum
2017-05-12,0.0,Precipitation_daily_sum
2017-05-13,0.0,Precipitation_daily_sum
2017-05-14,0.0,Precipitation_daily_sum
2017-05-15,0.0,Precipitation_daily_sum
2017-05-16,0.0,Precipitation_daily_sum
2017-05-17,30.6,Precipitation_daily_sum
2017-05-18,0.0,Precipitation_daily_sum
2017-05-19,0.0,Precipitation_daily_sum
2017-05-20,0.0,Precipitation_daily_sum
2017-05-21,0.0,Precipitation_daily_sum
2017-05-22,0.0,Precipitation_daily_sum
2017-05-23,0.0,Precipitation_daily_sum
2017-05-24,0.0,Precipitation_daily_sum
2017-05-25,0.0,Precipitation_daily_sum
2017-05-26,0.0,Precipitation_daily_sum
2017-05-27,0.0,Precipitation_daily_sum
2017-05-28,0.0,Precipitation_daily_sum
2017-05-29,0.0,Precipitation_daily_sum
2017-05-30,0.0,Precipitation_daily_sum
2017-05-31,0.0,Precipitation_daily_sum
2017-06-01,0.0,Precipitation_daily_sum
2017-06-02,0.0,Precipitation_daily_sum
2017-06-03,0.0,Precipitation_daily_sum
2017-06-04,0.0,Precipitation_daily_sum
2017-06-05,0.0,Precipitation_daily_sum
2017-06-06,0.0,Precipitation_daily_sum
2017-06-07,27.1,Precipitation_daily_sum
2017-06-08,0.0,Precipitation_daily_sum
2017-06-09,0.0,Precipitation_daily_sum
2017-06-10,0.0,Precipitation_daily_sum
2017-06-11,0.0,Precipitation_daily_sum
2017-06-12,0.0,Precipitation_daily_sum
2017-06-13,0.0,Precipitation_daily_sum
2017-06-14,0.0,Precipitation_daily_sum
2017-06-15,19.1,Precipitation_daily_sum
2017-06-16,40.3,Precipitation_daily_sum
2017-06-17,0.0,Precipitation_daily_sum
2017-06-18,0.0,Precipitation_daily_sum
2017-06-19,0.0,Precipitation_daily_sum
2017-06-20,0.0,Precipitation_daily_sum
2017-06-21,4.9,Precipitation_daily_sum
2017-06-22,23.6,Precipitation_daily_sum
2017-06-23,0.3,Precipitation_daily_sum
2017-06-24,0.0,Precipitation_daily_sum
2017-06-25,45.0,Precipitation_daily_sum
2017-06-26,10.5,Precipitation_daily_sum
2017-06-27,0.0,Precipitation_daily_sum
2017-06-28,0.0,Precipitation_daily_sum
2017-06-29,0.0,Precipitation_daily_sum
2017-06-30,0.0,Precipitation_daily_sum
2017-07-01,0.0,Precipitation_daily_sum
2017-07-02,0.0,Precipitation_daily_sum
2017-07-03,3.2,Precipitation_daily_sum
2017-07-04,6.7,Precipitation_daily_sum
2017-07-05,0.0,Precipitation_daily_sum
2017-07-06,0.3,Precipitation_daily_sum
2017-07-07,0.0,Precipitation_daily_sum
2017-07-08,0.0,Precipitation_daily_sum
2017-07-09,0.0,Precipitation_daily_sum
2017-07-10,0.0,Precipitation_daily_sum
2017-07-11,0.0,Precipitation_daily_sum
2017-07-12,10.0,Precipitation_daily_sum
2017-07-13,14.3,Precipitation_daily_sum
2017-07-14,25.0,Precipitation_daily_sum
2017-07-15,0.0,Precipitation_daily_sum
2017-07-16,0.0,Precipitation_daily_sum
2017-07-17,0.0,Precipitation_daily_sum
2017-07-18,0.0,Precipitation_daily_sum
2017-07-19,0.0,Precipitation_daily_sum
2017-07-20,0.0,Precipitation_daily_sum
2017-07-21,0.0,Precipitation_daily_sum
2017-07-22,0.0,Precipitation_daily_sum
2017-07-23,1.9,Precipitation_daily_sum
2017-07-24,0.0,Precipitation_daily_sum
2017-07-25,0.0,Precipitation_daily_sum
2017-07-26,0.0,Precipitation_daily_sum
2017-07-27,0.0,Precipitation_daily_sum
2017-07-28,0.0,Precipitation_daily_sum
2017-07-29,0.0,Precipitation_daily_sum
2017-07-30,0.0,Precipitation_daily_sum
2017-07-31,0.0,Precipitation_daily_sum
2017-08-01,0.0,Precipitation_daily_sum
2017-08-02,0.0,Precipitation_daily_sum
2017-08-03,0.0,Precipitation_daily_sum
2017-08-04,0.0,Precipitation_daily_sum
2017-08-05,0.0,Precipitation_daily_sum
2017-08-06,0.0,Precipitation_daily_sum
2017-08-07,0.0,Precipitation_daily_sum
2017-08-08,0.0,Precipitation_daily_sum
2017-08-09,37.5,Precipitation_daily_sum
2017-08-10,11.0,Precipitation_daily_sum
2017-08-11,1.7,Precipitation_daily_sum
2017-08-12,0.0,Precipitation_daily_sum
2017-08-13,1.7,Precipitation_daily_sum
2017-08-14,0.0,Precipitation_daily_sum
2017-08-15,0.0,Precipitation_daily_sum
2017-08-16,0.0,Precipitation_daily_sum
2017-08-17,0.0,Precipitation_daily_sum
2017-08-18,13.8,Precipitation_daily_sum
2017-08-19,0.0,Precipitation_daily_sum
2017-08-20,0.0,Precipitation_daily_sum
2017-08-21,0.0,Precipitation_daily_sum
2017-08-22,8.9,Precipitation_daily_sum
2017-08-23,0.0,Precipitation_daily_sum
2017-08-24,0.0,Precipitation_daily_sum
2017-08-25,0.0,Precipitation_daily_sum
2017-08-26,0.0,Precipitation_daily_sum
2017-08-27,0.0,Precipitation_daily_sum
2017-08-28,9.5,Precipitation_daily_sum
2017-08-29,0.0,Precipitation_daily_sum
2017-08-30,0.0,Precipitation_daily_sum
2017-08-31,0.0,Precipitation_daily_sum
2017-09-01,0.0,Precipitation_daily_sum
2017-09-02,0.0,Precipitation_daily_sum
2017-09-03,0.0,Precipitation_daily_sum
2017-09-04,0.0,Precipitation_daily_sum
2017-09-05,0.0,Precipitation_daily_sum
2017-09-06,0.0,Precipitation_daily_sum
2017-09-07,0.0,Precipitation_daily_sum
2017-09-08,0.0,Precipitation_daily_sum
2017-09-09,0.0,Precipitation_daily_sum
2017-09-10,0.0,Precipitation_daily_sum
2017-09-11,0.0,Precipitation_daily_sum
2017-09-12,0.0,Precipitation_daily_sum
2017-09-13,0.0,Precipitation_daily_sum
2017-09-14,0.0,Precipitation_daily_sum
2017-09-15,0.0,Precipitation_daily_sum
2017-09-16,0.0,Precipitation_daily_sum
2017-09-17,0.0,Precipitation_daily_sum
2017-09-18,0.0,Precipitation_daily_sum
2017-09-19,0.0,Precipitation_daily_sum
2017-09-20,0.0,Precipitation_daily_sum
2017-09-21,0.0,Precipitation_daily_sum
2017-09-22,0.0,Precipitation_daily_sum
2017-09-23,0.0,Precipitation_daily_sum
2017-09-24,0.0,Precipitation_daily_sum
2017-09-25,0.0,Precipitation_daily_sum
2017-09-26,0.0,Precipitation_daily_sum
2017-09-27,0.0,Precipitation_daily_sum
2017-09-28,0.0,Precipitation_daily_sum
2017-09-29,0.0,Precipitation_daily_sum
2017-09-30,20.2,Precipitation_daily_sum
2017-10-01,0.0,Precipitation_daily_sum
2017-10-02,0.0,Precipitation_daily_sum
2017-10-03,0.0,Precipitation_daily_sum
2017-10-04,40.5,Precipitation_daily_sum
2017-10-05,0.0,Precipitation_daily_sum
2017-10-06,0.0,Precipitation_daily_sum
2017-10-07,0.0,Precipitation_daily_sum
2017-10-08,0.0,Precipitation_daily_sum
2017-10-09,0.0,Precipitation_daily_sum
2017-10-10,0.0,Precipitation_daily_sum
2017-10-11,0.0,Precipitation_daily_sum
2017-10-12,0.0,Precipitation_daily_sum
2017-10-13,0.0,Precipitation_daily_sum
2017-10-14,0.0,Precipitation_daily_sum
2017-10-15,0.0,Precipitation_daily_sum
2017-10-16,0.0,Precipitation_daily_sum
2017-10-17,0.0,Precipitation_daily_sum
2017-10-18,0.0,Precipitation_daily_sum
2017-10-19,0.0,Precipitation_daily_sum
2017-10-20,0.0,Precipitation_daily_sum
2017-10-21,0.0,Precipitation_daily_sum
2017-10-22,0.0,Precipitation_daily_sum
2017-10-23,0.0,Precipitation_daily_sum
2017-10-24,0.0,Precipitation_daily_sum
2017-10-25,0.0,Precipitation_daily_sum
2017-10-26,0.0,Precipitation_daily_sum
2017-10-27,0.0,Precipitation_daily_sum
2017-10-28,0.0,Precipitation_daily_sum
2017-10-29,0.0,Precipitation_daily_sum
2017-10-30,0.0,Precipitation_daily_sum
2017-10-31,0.0,Precipitation_daily_sum
2017-11-01,5.6,Precipitation_daily_sum
2017-11-02,0.0,Precipitation_daily_sum
2017-11-03,0.0,Precipitation_daily_sum
2017-11-04,0.0,Precipitation_daily_sum
2017-11-05,0.0,Precipitation_daily_sum
2017-11-06,0.0,Precipitation_daily_sum
2017-11-07,0.0,Precipitation_daily_sum
2017-11-08,0.0,Precipitation_daily_sum
2017-11-09,0.0,Precipitation_daily_sum
2017-11-10,0.0,Precipitation_daily_sum
2017-11-11,0.0,Precipitation_daily_sum
2017-11-12,0.0,Precipitation_daily_sum
2017-11-13,0.0,Precipitation_daily_sum
2017-11-14,0.0,Precipitation_daily_sum
2017-11-15,0.0,Precipitation_daily_sum
2017-11-16,0.0,Precipitation_daily_sum
2017-11-17,0.0,Precipitation_daily_sum
2017-11-18,0.0,Precipitation_daily_sum
2017-11-19,0.0,Precipitation_daily_sum
2017-11-20,0.0,Precipitation_daily_sum
2017-11-21,0.0,Precipitation_daily_sum
2017-11-22,0.0,Precipitation_daily_sum
2017-11-23,0.0,Precipitation_daily_sum
2017-11-24,0.0,Precipitation_daily_sum
2017-11-25,0.0,Precipitation_daily_sum
2017-11-26,0.0,Precipitation_daily_sum
2017-11-27,0.0,Precipitation_daily_sum
2017-11-28,0.0,Precipitation_daily_sum
2017-11-29,0.0,Precipitation_daily_sum
2017-11-30,0.0,Precipitation_daily_sum
2017-12-01,0.0,Precipitation_daily_sum
2017-12-02,0.0,Precipitation_daily_sum
2017-12-03,0.0,Precipitation_daily_sum
2017-12-04,0.0,Precipitation_daily_sum
2017-12-05,0.0,Precipitation_daily_sum
2017-12-06,0.0,Precipitation_daily_sum
2017-12-07,0.0,Precipitation_daily_sum
2017-12-08,0.0,Precipitation_daily_sum
2017-12-09,0.0,Precipitation_daily_sum
2017-12-10,0.0,Precipitation_daily_sum
2017-12-11,0.0,Precipitation_daily_sum
2017-12-12,0.0,Precipitation_daily_sum
2017-12-13,0.0,Precipitation_daily_sum
2017-12-14,0.0,Precipitation_daily_sum
2017-12-15,0.0,Precipitation_daily_sum
2017-12-16,0.0,Precipitation_daily_sum
2017-12-17,0.0,Precipitation_daily_sum
2017-12-18,0.0,Precipitation_daily_sum
2017-12-19,0.0,Precipitation_daily_sum
2017-12-20,0.0,Precipitation_daily_sum
2017-12-21,0.0,Precipitation_daily_sum
2017-12-22,0.0,Precipitation_daily_sum
2017-12-23,0.0,Precipitation_daily_sum
2017-12-24,0.0,Precipitation_daily_sum
2017-12-25,0.0,Precipitation_daily_sum
2017-12-26,0.0,Precipitation_daily_sum
2017-12-27,0.0,Precipitation_daily_sum
2017-12-28,0.0,Precipitation_daily_sum
2017-12-29,0.0,Precipitation_daily_sum
2017-12-30,0.0,Precipitation_daily_sum
2017-12-31,0.0,Precipitation_daily_sum
2018-01-01,0.0,Precipitation_daily_sum
2018-01-02,0.0,Precipitation_daily_sum
2018-01-03,0.0,Precipitation_daily_sum
2018-01-04,0.0,Precipitation_daily_sum
2018-01-05,0.0,Precipitation_daily_sum
2018-01-06,0.0,Precipitation_daily_sum
2018-01-07,0.0,Precipitation_daily_sum
2018-01-08,0.0,Precipitation_daily_sum
2018-01-09,0.0,Precipitation_daily_sum
2018-01-10,0.0,Precipitation_daily_sum
2018-01-11,0.0,Precipitation_daily_sum
2018-01-12,0.0,Precipitation_daily_sum
2018-01-13,0.0,Precipitation_daily_sum
2018-01-14,0.0,Precipitation_daily_sum
2018-01-15,0.0,Precipitation_daily_sum
2018-01-16,0.0,Precipitation_daily_sum
2018-01-17,0.0,Precipitation_daily_sum
2018-01-18,0.0,Precipitation_daily_sum
2018-01-19,0.0,Precipitation_daily_sum
2018-01-20,0.0,Precipitation_daily_sum
2018-01-21,0.0,Precipitation_daily_sum
2018-01-22,0.0,Precipitation_daily_sum
2018-01-23,0.0,Precipitation_daily_sum
2018-01-24,0.0,Precipitation_daily_sum
2018-01-25,0.0,Precipitation_daily_sum
2018-01-26,0.0,Precipitation_daily_sum
2018-01-27,0.0,Precipitation_daily_sum
2018-01-28,0.0,Precipitation_daily_sum
2018-01-29,0.0,Precipitation_daily_sum
2018-01-30,0.0,Precipitation_daily_sum
2018-01-31,0.0,Precipitation_daily_sum
2018-02-01,0.0,Precipitation_daily_sum
2018-02-02,0.0,Precipitation_daily_sum
2018-02-03,0.0,Precipitation_daily_sum
2018-02-04,0.0,Precipitation_daily_sum
2018-02-05,0.0,Precipitation_daily_sum
2018-02-06,0.0,Precipitation_daily_sum
2018-02-07,0.0,Precipitation_daily_sum
2018-02-08,0.0,Precipitation_daily_sum
2018-02-09,0.0,Precipitation_daily_sum
2018-02-10,0.0,Precipitation_daily_sum
2018-02-11,0.0,Precipitation_daily_sum
2018-02-12,0.0,Precipitation_daily_sum
2018-02-13,0.0,Precipitation_daily_sum
2018-02-14,0.0,Precipitation_daily_sum
2018-02-15,0.0,Precipitation_daily_sum
2018-02-16,0.0,Precipitation_daily_sum
2018-02-17,0.0,Precipitation_daily_sum
2018-02-18,0.0,Precipitation_daily_sum
2018-02-19,0.0,Precipitation_daily_sum
2018-02-20,0.0,Precipitation_daily_sum
2018-02-21,0.0,Precipitation_daily_sum
2018-02-22,0.0,Precipitation_daily_sum
2018-02-23,0.0,Precipitation_daily_sum
2018-02-24,0.0,Precipitation_daily_sum
2018-02-25,0.0,Precipitation_daily_sum
2018-02-26,0.0,Precipitation_daily_sum
2018-02-27,0.0,Precipitation_daily_sum
2018-02-28,0.0,Precipitation_daily_sum
2018-03-01,0.0,Precipitation_daily_sum
2018-03-02,0.0,Precipitation_daily_sum
2018-03-03,0.0,Precipitation_daily_sum
2018-03-04,0.0,Precipitation_daily_sum
2018-03-05,0.0,Precipitation_daily_sum
2018-03-06,0.0,Precipitation_daily_sum
2018-03-07,0.0,Precipitation_daily_sum
2018-03-08,0.0,Precipitation_daily_sum
2018-03-09,0.0,Precipitation_daily_sum
2018-03-10,0.0,Precipitation_daily_sum
2018-03-11,0.0,Precipitation_daily_sum
2018-03-12,0.0,Precipitation_daily_sum
2018-03-13,0.0,Precipitation_daily_sum
2018-03-14,0.0,Precipitation_daily_sum
2018-03-15,0.0,Precipitation_daily_sum
2018-03-16,0.0,Precipitation_daily_sum
2018-03-17,3.8,Precipitation_daily_sum
2018-03-18,0.0,Precipitation_daily_sum
2018-03-19,0.0,Precipitation_daily_sum
2018-03-20,0.0,Precipitation_daily_sum
2018-03-21,0.0,Precipitation_daily_sum
2018-03-22,0.0,Precipitation_daily_sum
2018-03-23,0.0,Precipitation_daily_sum
2018-03-24,0.0,Precipitation_daily_sum
2018-03-25,0.0,Precipitation_daily_sum
2018-03-26,0.0,Precipitation_daily_sum
2018-03-27,0.0,Precipitation_daily_sum
2018-03-28,0.0,Precipitation_daily_sum
2018-03-29,0.0,Precipitation_daily_sum
2018-03-30,0.0,Precipitation_daily_sum
2018-03-31,0.0,Precipitation_daily_sum
2018-04-01,0.0,Precipitation_daily_sum
2018-04-02,0.0,Precipitation_daily_sum
2018-04-03,0.0,Precipitation_daily_sum
2018-04-04,0.0,Precipitation_daily_sum
2018-04-05,0.0,Precipitation_daily_sum
2018-04-06,0.0,Precipitation_daily_sum
2018-04-07,0.0,Precipitation_daily_sum
2018-04-08,0.0,Precipitation_daily_sum
2018-04-09,0.0,Precipitation_daily_sum
2018-04-10,2.5,Precipitation_daily_sum
2018-04-11,0.0,Precipitation_daily_sum
2018-04-12,0.0,Precipitation_daily_sum
2018-04-13,0.0,Precipitation_daily_sum
2018-04-14,0.0,Precipitation_daily_sum
2018-04-15,0.0,Precipitation_daily_sum
2018-04-16,0.0,Precipitation_daily_sum
2018-04-17,0.0,Precipitation_daily_sum
2018-04-18,0.0,Precipitation_daily_sum
2018-04-19,0.0,Precipitation_daily_sum
2018-04-20,0.0,Precipitation_daily_sum
2018-04-21,0.0,Precipitation_daily_sum
2018-04-22,0.0,Precipitation_daily_sum
2018-04-23,0.0,Precipitation_daily_sum
2018-04-24,0.0,Precipitation_daily_sum
2018-04-25,0.0,Precipitation_daily_sum
2018-04-26,0.0,Precipitation_daily_sum
2018-04-27,0.0,Precipitation_daily_sum
2018-04-28,0.0,Precipitation_daily_sum
2018-04-29,0.0,Precipitation_daily_sum
2018-04-30,0.0,Precipitation_daily_sum
2018-05-01,0.0,Precipitation_daily_sum
2018-05-02,0.0,Precipitation_daily_sum
2018-05-03,0.0,Precipitation_daily_sum
2018-05-04,0.0,Precipitation_daily_sum
2018-05-05,0.0,Precipitation_daily_sum
2018-05-06,0.0,Precipitation_daily_sum
2018-05-07,0.0,Precipitation_daily_sum
2018-05-08,0.0,Precipitation_daily_sum
2018-05-09,0.0,Precipitation_daily_sum
2018-05-10,0.0,Precipitation_daily_sum
2018-05-11,0.0,Precipitation_daily_sum
2018-05-12,0.0,Precipitation_daily_sum
2018-05-13,2.1,Precipitation_daily_sum
2018-05-14,0.0,Precipitation_daily_sum
2018-05-15,0.0,Precipitation_daily_sum
2018-05-16,0.0,Precipitation_daily_sum
2018-05-17,0.0,Precipitation_daily_sum
2018-05-18,0.0,Precipitation_daily_sum
2018-05-19,0.0,Precipitation_daily_sum
2018-05-20,0.0,Precipitation_daily_sum
2018-05-21,0.0,Precipitation_daily_sum
2018-05-22,0.0,Precipitation_daily_sum
2018-05-23,0.0,Precipitation_daily_sum
2018-05-24,0.0,Precipitation_daily_sum
2018-05-25,0.0,Precipitation_daily_sum
2018-05-26,0.0,Precipitation_daily_sum
2018-05-27,0.0,Precipitation_daily_sum
2018-05-28,27.1,Precipitation_daily_sum
2018-05-29,2.8,Precipitation_daily_sum
2018-05-30,0.0,Precipitation_daily_sum
2018-05-31,0.0,Precipitation_daily_sum
2018-06-01,0.0,Precipitation_daily_sum
2018-06-02,0.0,Precipitation_daily_sum
2018-06-03,0.0,Precipitation_daily_sum
2018-06-04,0.0,Precipitation_daily_sum
2018-06-05,0.0,Precipitation_daily_sum
2018-06-06,0.0,Precipitation_daily_sum
2018-06-07,0.0,Precipitation_daily_sum
2018-06-08,0.0,Precipitation_daily_sum
2018-06-09,42.5,Precipitation_daily_sum
2018-06-10,43.0,Precipitation_daily_sum
2018-06-11,7.0,Precipitation_daily_sum
2018-06-12,0.0,Precipitation_daily_sum
2018-06-13,0.0,Precipitation_daily_sum
2018-06-14,0.0,Precipitation_daily_sum
2018-06-15,0.0,Precipitation_daily_sum
2018-06-16,0.0,Precipitation_daily_sum
2018-06-17,0.0,Precipitation_daily_sum
2018-06-18,0.0,Precipitation_daily_sum
2018-06-19,0.0,Precipitation_daily_sum
2018-06-20,0.0,Precipitation_daily_sum
2018-06-21,0.0,Precipitation_daily_sum
2018-06-22,0.0,Precipitation_daily_sum
2018-06-23,0.0,Precipitation_daily_sum
2018-06-24,0.0,Precipitation_daily_sum
2018-06-25,0.0,Precipitation_daily_sum
2018-06-26,0.0,Precipitation_daily_sum
2018-06-27,0.0,Precipitation_daily_sum
2018-06-28,0.0,Precipitation_daily_sum
2018-06-29,0.0,Precipitation_daily_sum
2018-06-30,0.0,Precipitation_daily_sum
2018-07-01,8.6,Precipitation_daily_sum
2018-07-02,0.0,Precipitation_daily_sum
2018-07-03,2.5,Precipitation_daily_sum
2018-07-04,45.0,Precipitation_daily_sum
2018-07-05,18.7,Precipitation_daily_sum
2018-07-06,11.5,Precipitation_daily_sum
2018-07-07,0.0,Precipitation_daily_sum
2018-07-08,0.0,Precipitation_daily_sum
2018-07-09,0.0,Precipitation_daily_sum
2018-07-10,0.0,Precipitation_daily_sum
2018-07-11,0.0,Precipitation_daily_sum
2018-07-12,0.0,Precipitation_daily_sum
2018-07-13,0.0,Precipitation_daily_sum
2018-07-14,0.0,Precipitation_daily_sum
2018-07-15,0.0,Precipitation_daily_sum
2018-07-16,0.0,Precipitation_daily_sum
2018-07-17,0.0,Precipitation_daily_sum
2018-07-18,0.0,Precipitation_daily_sum
2018-07-19,0.0,Precipitation_daily_sum
2018-07-20,0.0,Precipitation_daily_sum
2018-07-21,0.0,Precipitation_daily_sum
2018-07-22,0.0,Precipitation_daily_sum
2018-07-23,0.0,Precipitation_daily_sum
2018-07-24,0.0,Precipitation_daily_sum
2018-07-25,0.0,Precipitation_daily_sum
2018-07-26,0.0,Precipitation_daily_sum
2018-07-27,0.3,Precipitation_daily_sum
2018-07-28,0.0,Precipitation_daily_sum
2018-07-29,0.0,Precipitation_daily_sum
2018-07-30,0.0,Precipitation_daily_sum
2018-07-31,0.0,Precipitation_daily_sum
2018-08-01,0.0,Precipitation_daily_sum
2018-08-02,0.0,Precipitation_daily_sum
2018-08-03,0.0,Precipitation_daily_sum
2018-08-04,0.0,Precipitation_daily_sum
2018-08-05,0.0,Precipitation_daily_sum
2018-08-06,13.0,Precipitation_daily_sum
2018-08-07,0.0,Precipitation_daily_sum
2018-08-08,0.0,Precipitation_daily_sum
2018-08-09,0.0,Precipitation_daily_sum
2018-08-10,0.0,Precipitation_daily_sum
2018-08-11,0.0,Precipitation_daily_sum
2018-08-12,0.0,Precipitation_daily_sum
2018-08-13,0.0,Precipitation_daily_sum
2018-08-14,0.0,Precipitation_daily_sum
2018-08-15,0.0,Precipitation_daily_sum
2018-08-16,0.0,Precipitation_daily_sum
2018-08-17,0.0,Precipitation_daily_sum
2018-08-18,0.0,Precipitation_daily_sum
2018-08-19,0.0,Precipitation_daily_sum
2018-08-20,0.0,Precipitation_daily_sum
2018-08-21,0.0,Precipitation_daily_sum
2018-08-22,4.8,Precipitation_daily_sum
2018-08-23,5.4,Precipitation_daily_sum
2018-08-24,0.0,Precipitation_daily_sum
2018-08-25,0.0,Precipitation_daily_sum
2018-08-26,0.0,Precipitation_daily_sum
2018-08-27,0.0,Precipitation_daily_sum
2018-08-28,0.0,Precipitation_daily_sum
2018-08-29,0.0,Precipitation_daily_sum
2018-08-30,0.0,Precipitation_daily_sum
2018-08-31,0.0,Precipitation_daily_sum
2018-09-01,0.0,Precipitation_daily_sum
2018-09-02,0.0,Precipitation_daily_sum
2018-09-03,0.0,Precipitation_daily_sum
2018-09-04,0.0,Precipitation_daily_sum
2018-09-05,0.0,Precipitation_daily_sum
2018-09-06,0.0,Precipitation_daily_sum
2018-09-07,0.0,Precipitation_daily_sum
2018-09-08,0.0,Precipitation_daily_sum
2018-09-09,0.0,Precipitation_daily_sum
2018-09-10,0.0,Precipitation_daily_sum
2018-09-11,0.0,Precipitation_daily_sum
2018-09-12,0.0,Precipitation_daily_sum
2018-09-13,0.0,Precipitation_daily_sum
2018-09-14,0.0,Precipitation_daily_sum
2018-09-15,0.0,Precipitation_daily_sum
2018-09-16,0.0,Precipitation_daily_sum
2018-09-17,14.7,Precipitation_daily_sum
2018-09-18,0.0,Precipitation_daily_sum
2018-09-19,0.0,Precipitation_daily_sum
2018-09-20,0.0,Precipitation_daily_sum
2018-09-21,0.0,Precipitation_daily_sum
2018-09-22,0.0,Precipitation_daily_sum
2018-09-23,0.0,Precipitation_daily_sum
2018-09-24,0.0,Precipitation_daily_sum
2018-09-25,0.0,Precipitation_daily_sum
2018-09-26,14.0,Precipitation_daily_sum
2018-09-27,0.0,Precipitation_daily_sum
2018-09-28,3.5,Precipitation_daily_sum
2018-09-29,4.0,Precipitation_daily_sum
2018-09-30,0.0,Precipitation_daily_sum
2018-10-01,0.0,Precipitation_daily_sum
2018-10-02,0.0,Precipitation_daily_sum
2018-10-03,0.0,Precipitation_daily_sum
2018-10-04,0.0,Precipitation_daily_sum
2018-10-05,0.0,Precipitation_daily_sum
2018-10-06,0.0,Precipitation_daily_sum
2018-10-07,0.0,Precipitation_daily_sum
2018-10-08,7.5,Precipitation_daily_sum
2018-10-09,0.0,Precipitation_daily_sum
2018-10-10,0.0,Precipitation_daily_sum
2018-10-11,0.0,Precipitation_daily_sum
2018-10-12,0.0,Precipitation_daily_sum
2018-10-13,0.0,Precipitation_daily_sum
2018-10-14,0.0,Precipitation_daily_sum
2018-10-15,0.0,Precipitation_daily_sum
2018-10-16,0.0,Precipitation_daily_sum
2018-10-17,0.0,Precipitation_daily_sum
2018-10-18,0.0,Precipitation_daily_sum
2018-10-19,0.0,Precipitation_daily_sum
2018-10-20,0.0,Precipitation_daily_sum
2018-10-21,0.0,Precipitation_daily_sum
2018-10-22,0.0,Precipitation_daily_sum
2018-10-23,0.0,Precipitation_daily_sum
2018-10-24,0.0,Precipitation_daily_sum
2018-10-25,0.0,Precipitation_daily_sum
2018-10-26,0.0,Precipitation_daily_sum
2018-10-27,0.0,Precipitation_daily_sum
2018-10-28,0.0,Precipitation_daily_sum
2018-10-29,5.3,Precipitation_daily_sum
2018-10-30,0.0,Precipitation_daily_sum
2018-10-31,0.0,Precipitation_daily_sum
2018-11-01,0.0,Precipitation_daily_sum
2018-11-02,0.0,Precipitation_daily_sum
2018-11-03,0.0,Precipitation_daily_sum
2018-11-04,0.0,Precipitation_daily_sum
2018-11-05,0.0,Precipitation_daily_sum
2018-11-06,0.0,Precipitation_daily_sum
2018-11-07,0.0,Precipitation_daily_sum
2018-11-08,0.0,Precipitation_daily_sum
2018-11-09,0.0,Precipitation_daily_sum
2018-11-10,0.0,Precipitation_daily_sum
2018-11-11,0.0,Precipitation_daily_sum
2018-11-12,0.0,Precipitation_daily_sum
2018-11-13,0.0,Precipitation_daily_sum
2018-11-14,0.0,Precipitation_daily_sum
2018-11-15,0.0,Precipitation_daily_sum
2018-11-16,0.0,Precipitation_daily_sum
2018-11-17,0.0,Precipitation_daily_sum
2018-11-18,0.0,Precipitation_daily_sum
2018-11-19,0.0,Precipitation_daily_sum
2018-11-20,0.0,Precipitation_daily_sum
2018-11-21,0.0,Precipitation_daily_sum
2018-11-22,0.0,Precipitation_daily_sum
2018-11-23,0.0,Precipitation_daily_sum
2018-11-24,0.0,Precipitation_daily_sum
2018-11-25,0.0,Precipitation_daily_sum
2018-11-26,0.0,Precipitation_daily_sum
2018-11-27,0.0,Precipitation_daily_sum
2018-11-28,0.0,Precipitation_daily_sum
2018-11-29,0.0,Precipitation_daily_sum
2018-11-30,0.0,Precipitation_daily_sum
2018-12-01,0.0,Precipitation_daily_sum
2018-12-02,0.0,Precipitation_daily_sum
2018-12-03,0.0,Precipitation_daily_sum
2018-12-04,0.0,Precipitation_daily_sum
2018-12-05,0.0,Precipitation_daily_sum
2018-12-06,0.0,Precipitation_daily_sum
2018-12-07,0.0,Precipitation_daily_sum
2018-12-08,0.0,Precipitation_daily_sum
2018-12-09,0.0,Precipitation_daily_sum
2018-12-10,0.0,Precipitation_daily_sum
2018-12-11,0.0,Precipitation_daily_sum
2018-12-12,0.0,Precipitation_daily_sum
2018-12-13,0.0,Precipitation_daily_sum
2018-12-14,0.0,Precipitation_daily_sum
2018-12-15,0.0,Precipitation_daily_sum
2018-12-16,0.0,Precipitation_daily_sum
2018-12-17,0.0,Precipitation_daily_sum
2018-12-18,0.0,Precipitation_daily_sum
2018-12-19,0.0,Precipitation_daily_sum
2018-12-20,0.0,Precipitation_daily_sum
2018-12-21,0.0,Precipitation_daily_sum
2018-12-22,0.0,Precipitation_daily_sum
2018-12-23,0.0,Precipitation_daily_sum
2018-12-24,0.0,Precipitation_daily_sum
2018-12-25,0.0,Precipitation_daily_sum
2018-12-26,0.0,Precipitation_daily_sum
2018-12-27,0.0,Precipitation_daily_sum
2018-12-28,0.0,Precipitation_daily_sum
2018-12-29,0.0,Precipitation_daily_sum
2018-12-30,0.0,Precipitation_daily_sum
2018-12-31,0.0,Precipitation_daily_sum
2019-01-01,0.0,Precipitation_daily_sum
2019-01-02,0.0,Precipitation_daily_sum
2019-01-03,0.0,Precipitation_daily_sum
2019-01-04,0.0,Precipitation_daily_sum
2019-01-05,0.0,Precipitation_daily_sum
2019-01-06,0.0,Precipitation_daily_sum
2019-01-07,0.0,Precipitation_daily_sum
2019-01-08,0.0,Precipitation_daily_sum
2019-01-09,0.0,Precipitation_daily_sum
2019-01-10,0.0,Precipitation_daily_sum
2019-01-11,0.0,Precipitation_daily_sum
2019-01-12,0.0,Precipitation_daily_sum
2019-01-13,0.0,Precipitation_daily_sum
2019-01-14,0.0,Precipitation_daily_sum
2019-01-15,0.0,Precipitation_daily_sum
2019-01-16,0.0,Precipitation_daily_sum
2019-01-17,0.0,Precipitation_daily_sum
2019-01-18,0.0,Precipitation_daily_sum
2019-01-19,0.0,Precipitation_daily_sum
2019-01-20,0.0,Precipitation_daily_sum
2019-01-21,0.0,Precipitation_daily_sum
2019-01-22,0.0,Precipitation_daily_sum
2019-01-23,0.0,Precipitation_daily_sum
2019-01-24,0.0,Precipitation_daily_sum
2019-01-25,0.0,Precipitation_daily_sum
2019-01-26,0.0,Precipitation_daily_sum
2019-01-27,0.0,Precipitation_daily_sum
2019-01-28,0.0,Precipitation_daily_sum
2019-01-29,0.0,Precipitation_daily_sum
2019-01-30,0.0,Precipitation_daily_sum
2019-01-31,0.0,Precipitation_daily_sum
2019-02-01,0.0,Precipitation_daily_sum
2019-02-02,0.0,Precipitation_daily_sum
2019-02-03,0.0,Precipitation_daily_sum
2019-02-04,0.0,Precipitation_daily_sum
2019-02-05,0.0,Precipitation_daily_sum
2019-02-06,0.0,Precipitation_daily_sum
2019-02-07,0.0,Precipitation_daily_sum
2019-02-08,0.0,Precipitation_daily_sum
2019-02-09,0.0,Precipitation_daily_sum
2019-02-10,0.0,Precipitation_daily_sum
2019-02-11,0.0,Precipitation_daily_sum
2019-02-12,0.0,Precipitation_daily_sum
2019-02-13,0.0,Precipitation_daily_sum
2019-02-14,0.0,Precipitation_daily_sum
2019-02-15,0.0,Precipitation_daily_sum
2019-02-16,0.0,Precipitation_daily_sum
2019-02-17,0.0,Precipitation_daily_sum
2019-02-18,0.0,Precipitation_daily_sum
2019-02-19,0.0,Precipitation_daily_sum
2019-02-20,0.0,Precipitation_daily_sum
2019-02-21,0.0,Precipitation_daily_sum
2019-02-22,0.0,Precipitation_daily_sum
2019-02-23,0.0,Precipitation_daily_sum
2019-02-24,0.0,Precipitation_daily_sum
2019-02-25,0.0,Precipitation_daily_sum
2019-02-26,0.0,Precipitation_daily_sum
2019-02-27,0.0,Precipitation_daily_sum
2019-02-28,0.0,Precipitation_daily_sum
2019-03-01,0.0,Precipitation_daily_sum
2019-03-02,0.0,Precipitation_daily_sum
2019-03-03,0.0,Precipitation_daily_sum
2019-03-04,0.0,Precipitation_daily_sum
2019-03-05,0.0,Precipitation_daily_sum
2019-03-06,0.0,Precipitation_daily_sum
2019-03-07,0.0,Precipitation_daily_sum
2019-03-08,0.0,Precipitation_daily_sum
2019-03-09,0.0,Precipitation_daily_sum
2019-03-10,0.0,Precipitation_daily_sum
2019-03-11,0.0,Precipitation_daily_sum
2019-03-12,0.0,Precipitation_daily_sum
2019-03-13,0.0,Precipitation_daily_sum
2019-03-14,0.0,Precipitation_daily_sum
2019-03-15,0.0,Precipitation_daily_sum
2019-03-16,0.0,Precipitation_daily_sum
2019-03-17,0.0,Precipitation_daily_sum
2019-03-18,0.0,Precipitation_daily_sum
2019-03-19,0.0,Precipitation_daily_sum
2019-03-20,0.0,Precipitation_daily_sum
2019-03-21,0.0,Precipitation_daily_sum
2019-03-22,0.0,Precipitation_daily_sum
2019-03-23,0.0,Precipitation_daily_sum
2019-03-24,0.0,Precipitation_daily_sum
2019-03-25,0.0,Precipitation_daily_sum
2019-03-26,0.0,Precipitation_daily_sum
2019-03-27,0.0,Precipitation_daily_sum
2019-03-28,0.0,Precipitation_daily_sum
2019-03-29,0.0,Precipitation_daily_sum
2019-03-30,0.0,Precipitation_daily_sum
2019-03-31,0.0,Precipitation_daily_sum
2019-04-01,0.0,Precipitation_daily_sum
2019-04-02,0.0,Precipitation_daily_sum
2019-04-03,0.0,Precipitation_daily_sum
2019-04-04,0.0,Precipitation_daily_sum
2019-04-05,0.0,Precipitation_daily_sum
2019-04-06,0.0,Precipitation_daily_sum
2019-04-07,0.0,Precipitation_daily_sum
2019-04-08,0.0,Precipitation_daily_sum
2019-04-09,0.0,Precipitation_daily_sum
2019-04-10,0.0,Precipitation_daily_sum
2019-04-11,0.0,Precipitation_daily_sum
2019-04-12,0.0,Precipitation_daily_sum
2019-04-13,0.0,Precipitation_daily_sum
2019-04-14,0.0,Precipitation_daily_sum
2019-04-15,0.0,Precipitation_daily_sum
2019-04-16,0.0,Precipitation_daily_sum
2019-04-17,0.0,Precipitation_daily_sum
2019-04-18,0.0,Precipitation_daily_sum
2019-04-19,0.0,Precipitation_daily_sum
2019-04-20,0.0,Precipitation_daily_sum
2019-04-21,0.0,Precipitation_daily_sum
2019-04-22,0.0,Precipitation_daily_sum
2019-04-23,0.0,Precipitation_daily_sum
2019-04-24,2.9,Precipitation_daily_sum
2019-04-25,0.0,Precipitation_daily_sum
2019-04-26,0.0,Precipitation_daily_sum
2019-04-27,0.0,Precipitation_daily_sum
2019-04-28,0.0,Precipitation_daily_sum
2019-04-29,0.0,Precipitation_daily_sum
2019-04-30,0.0,Precipitation_daily_sum
2019-05-01,0.0,Precipitation_daily_sum
2019-05-02,0.0,Precipitation_daily_sum
2019-05-03,0.0,Precipitation_daily_sum
2019-05-04,0.0,Precipitation_daily_sum
2019-05-05,0.0,Precipitation_daily_sum
2019-05-06,0.0,Precipitation_daily_sum
2019-05-07,0.0,Precipitation_daily_sum
2019-05-08,0.0,Precipitation_daily_sum
2019-05-09,0.0,Precipitation_daily_sum
2019-05-10,0.0,Precipitation_daily_sum
2019-05-11,0.0,Precipitation_daily_sum
2019-05-12,0.0,Precipitation_daily_sum
2019-05-13,0.0,Precipitation_daily_sum
2019-05-14,0.0,Precipitation_daily_sum
2019-05-15,0.0,Precipitation_daily_sum
2019-05-16,0.0,Precipitation_daily_sum
2019-05-17,8.2,Precipitation_daily_sum
2019-05-18,0.0,Precipitation_daily_sum
2019-05-19,0.0,Precipitation_daily_sum
2019-05-20,0.0,Precipitation_daily_sum
2019-05-21,0.0,Precipitation_daily_sum
2019-05-22,0.0,Precipitation_daily_sum
2019-05-23,0.0,Precipitation_daily_sum
2019-05-24,0.0,Precipitation_daily_sum
2019-05-25,0.0,Precipitation_daily_sum
2019-05-26,0.0,Precipitation_daily_sum
2019-05-27,0.0,Precipitation_daily_sum
2019-05-28,0.0,Precipitation_daily_sum
2019-05-29,8.2,Precipitation_daily_sum
2019-05-30,6.0,Precipitation_daily_sum
2019-05-31,1.0,Precipitation_daily_sum
2019-06-01,0.0,Precipitation_daily_sum
2019-06-02,0.0,Precipitation_daily_sum
2019-06-03,0.0,Precipitation_daily_sum
2019-06-04,0.0,Precipitation_daily_sum
2019-06-05,0.0,Precipitation_daily_sum
2019-06-06,0.0,Precipitation_daily_sum
2019-06-07,0.0,Precipitation_daily_sum
2019-06-08,0.0,Precipitation_daily_sum
2019-06-09,0.0,Precipitation_daily_sum
2019-06-10,0.0,Precipitation_daily_sum
2019-06-11,0.0,Precipitation_daily_sum
2019-06-12,25.5,Precipitation_daily_sum
2019-06-13,3.5,Precipitation_daily_sum
2019-06-14,0.0,Precipitation_daily_sum
2019-06-15,0.0,Precipitation_daily_sum
2019-06-16,0.0,Precipitation_daily_sum
2019-06-17,1.0,Precipitation_daily_sum
2019-06-18,0.0,Precipitation_daily_sum
2019-06-19,0.0,Precipitation_daily_sum
2019-06-20,0.0,Precipitation_daily_sum
2019-06-21,0.0,Precipitation_daily_sum
2019-06-22,0.0,Precipitation_daily_sum
2019-06-23,0.0,Precipitation_daily_sum
2019-06-24,5.0,Precipitation_daily_sum
2019-06-25,0.0,Precipitation_daily_sum
2019-06-26,0.0,Precipitation_daily_sum
2019-06-27,0.0,Precipitation_daily_sum
2019-06-28,32.0,Precipitation_daily_sum
2019-06-29,12.7,Precipitation_daily_sum
2019-06-30,0.0,Precipitation_daily_sum
2019-07-01,0.0,Precipitation_daily_sum
2019-07-02,0.0,Precipitation_daily_sum
2019-07-03,0.0,Precipitation_daily_sum
2019-07-04,0.0,Precipitation_daily_sum
2019-07-05,0.0,Precipitation_daily_sum
2019-07-06,0.0,Precipitation_daily_sum
2019-07-07,0.0,Precipitation_daily_sum
2019-07-08,0.0,Precipitation_daily_sum
2019-07-09,0.0,Precipitation_daily_sum
2019-07-10,0.0,Precipitation_daily_sum
2019-07-11,0.0,Precipitation_daily_sum
2019-07-12,0.0,Precipitation_daily_sum
2019-07-13,0.0,Precipitation_daily_sum
2019-07-14,0.0,Precipitation_daily_sum
2019-07-15,0.0,Precipitation_daily_sum
2019-07-16,0.0,Precipitation_daily_sum
2019-07-17,0.0,Precipitation_daily_sum
2019-07-18,0.0,Precipitation_daily_sum
2019-07-19,0.0,Precipitation_daily_sum
2019-07-20,11.0,Precipitation_daily_sum
2019-07-21,0.0,Precipitation_daily_sum
2019-07-22,0.0,Precipitation_daily_sum
2019-07-23,0.0,Precipitation_daily_sum
2019-07-24,0.0,Precipitation_daily_sum
2019-07-25,0.0,Precipitation_daily_sum
2019-07-26,0.0,Precipitation_daily_sum
2019-07-27,0.0,Precipitation_daily_sum
2019-07-28,2.8,Precipitation_daily_sum
2019-07-29,0.0,Precipitation_daily_sum
2019-07-30,0.0,Precipitation_daily_sum
2019-07-31,0.0,Precipitation_daily_sum
2019-08-01,0.0,Precipitation_daily_sum
2019-08-02,0.0,Precipitation_daily_sum
2019-08-03,0.0,Precipitation_daily_sum
2019-08-04,0.0,Precipitation_daily_sum
2019-08-05,0.0,Precipitation_daily_sum
2019-08-06,0.0,Precipitation_daily_sum
2019-08-07,0.0,Precipitation_daily_sum
2019-08-08,0.0,Precipitation_daily_sum
2019-08-09,0.0,Precipitation_daily_sum
2019-08-10,0.0,Precipitation_daily_sum
2019-08-11,0.0,Precipitation_daily_sum
2019-08-12,0.0,Precipitation_daily_sum
2019-08-13,0.0,Precipitation_daily_sum
2019-08-14,0.0,Precipitation_daily_sum
2019-08-15,0.0,Precipitation_daily_sum
2019-08-16,0.0,Precipitation_daily_sum
2019-08-17,0.0,Precipitation_daily_sum
2019-08-18,0.0,Precipitation_daily_sum
2019-08-19,0.0,Precipitation_daily_sum
2019-08-20,0.0,Precipitation_daily_sum
2019-08-21,0.0,Precipitation_daily_sum
2019-08-22,0.0,Precipitation_daily_sum
2019-08-23,0.0,Precipitation_daily_sum
2019-08-24,0.0,Precipitation_daily_sum
2019-08-25,0.0,Precipitation_daily_sum
2019-08-26,0.0,Precipitation_daily_sum
2019-08-27,0.0,Precipitation_daily_sum
2019-08-28,0.0,Precipitation_daily_sum
2019-08-29,0.0,Precipitation_daily_sum
2019-08-30,0.0,Precipitation_daily_sum
2019-08-31,0.0,Precipitation_daily_sum
2019-09-01,0.0,Precipitation_daily_sum
2019-09-02,0.0,Precipitation_daily_sum
2019-09-03,0.0,Precipitation_daily_sum
2019-09-04,0.0,Precipitation_daily_sum
2019-09-05,0.0,Precipitation_daily_sum
2019-09-06,0.0,Precipitation_daily_sum
2019-09-07,0.0,Precipitation_daily_sum
2019-09-08,0.0,Precipitation_daily_sum
2019-09-09,1.8,Precipitation_daily_sum
2019-09-10,0.0,Precipitation_daily_sum
2019-09-11,0.0,Precipitation_daily_sum
2019-09-12,0.0,Precipitation_daily_sum
2019-09-13,0.0,Precipitation_daily_sum
2019-09-14,0.0,Precipitation_daily_sum
2019-09-15,0.0,Precipitation_daily_sum
2019-09-16,0.0,Precipitation_daily_sum
2019-09-17,0.0,Precipitation_daily_sum
2019-09-18,0.0,Precipitation_daily_sum
2019-09-19,0.0,Precipitation_daily_sum
2019-09-20,0.0,Precipitation_daily_sum
2019-09-21,0.0,Precipitation_daily_sum
2019-09-22,0.0,Precipitation_daily_sum
2019-09-23,0.0,Precipitation_daily_sum
2019-09-24,0.0,Precipitation_daily_sum
2019-09-25,0.0,Precipitation_daily_sum
2019-09-26,0.0,Precipitation_daily_sum
2019-09-27,0.0,Precipitation_daily_sum
2019-09-28,0.0,Precipitation_daily_sum
2019-09-29,0.0,Precipitation_daily_sum
2019-09-30,0.0,Precipitation_daily_sum
2019-10-01,0.0,Precipitation_daily_sum
2019-10-02,0.0,Precipitation_daily_sum
2019-10-03,0.0,Precipitation_daily_sum
2019-10-04,0.0,Precipitation_daily_sum
2019-10-05,0.0,Precipitation_daily_sum
2019-10-06,0.0,Precipitation_daily_sum
2019-10-07,0.0,Precipitation_daily_sum
2019-10-08,0.0,Precipitation_daily_sum
2019-10-09,0.0,Precipitation_daily_sum
2019-10-10,0.0,Precipitation_daily_sum
2019-10-11,0.0,Precipitation_daily_sum
2019-10-12,0.0,Precipitation_daily_sum
2019-10-13,0.0,Precipitation_daily_sum
2019-10-14,0.0,Precipitation_daily_sum
2019-10-15,0.0,Precipitation_daily_sum
2019-10-16,0.0,Precipitation_daily_sum
2019-10-17,0.0,Precipitation_daily_sum
2019-10-18,0.0,Precipitation_daily_sum
2019-10-19,0.0,Precipitation_daily_sum
2019-10-20,0.0,Precipitation_daily_sum
2019-10-21,0.0,Precipitation_daily_sum
2019-10-22,0.0,Precipitation_daily_sum
2019-10-23,0.0,Precipitation_daily_sum
2019-10-24,0.0,Precipitation_daily_sum
2019-10-25,0.0,Precipitation_daily_sum
2019-10-26,0.0,Precipitation_daily_sum
2019-10-27,0.0,Precipitation_daily_sum
2019-10-28,0.0,Precipitation_daily_sum
2019-10-29,0.0,Precipitation_daily_sum
2019-10-30,0.0,Precipitation_daily_sum
2019-10-31,0.0,Precipitation_daily_sum
2019-11-01,0.0,Precipitation_daily_sum
2019-11-02,0.0,Precipitation_daily_sum
2019-11-03,0.0,Precipitation_daily_sum
2019-11-04,0.0,Precipitation_daily_sum
2019-11-05,0.0,Precipitation_daily_sum
2019-11-06,0.0,Precipitation_daily_sum
2019-11-07,0.0,Precipitation_daily_sum
2019-11-08,0.0,Precipitation_daily_sum
2019-11-09,0.0,Precipitation_daily_sum
2019-11-10,0.0,Precipitation_daily_sum
2019-11-11,0.0,Precipitation_daily_sum
2019-11-12,0.0,Precipitation_daily_sum
2019-11-13,0.0,Precipitation_daily_sum
2019-11-14,0.0,Precipitation_daily_sum
2019-11-15,0.0,Precipitation_daily_sum
2019-11-16,0.0,Precipitation_daily_sum
2019-11-17,0.0,Precipitation_daily_sum
2019-11-18,0.0,Precipitation_daily_sum
2019-11-19,0.0,Precipitation_daily_sum
2019-11-20,0.0,Precipitation_daily_sum
2019-11-21,0.0,Precipitation_daily_sum
2019-11-22,0.0,Precipitation_daily_sum
2019-11-23,0.0,Precipitation_daily_sum
2019-11-24,0.0,Precipitation_daily_sum
2019-11-25,0.0,Precipitation_daily_sum
2019-11-26,0.0,Precipitation_daily_sum
2019-11-27,0.0,Precipitation_daily_sum
2019-11-28,0.0,Precipitation_daily_sum
2019-11-29,0.0,Precipitation_daily_sum
2019-11-30,0.0,Precipitation_daily_sum
2019-12-01,0.0,Precipitation_daily_sum
2019-12-02,0.0,Precipitation_daily_sum
2019-12-03,0.0,Precipitation_daily_sum
2019-12-04,0.0,Precipitation_daily_sum
2019-12-05,0.0,Precipitation_daily_sum
2019-12-06,0.0,Precipitation_daily_sum
2019-12-07,0.0,Precipitation_daily_sum
2019-12-08,0.0,Precipitation_daily_sum
2019-12-09,0.0,Precipitation_daily_sum
2019-12-10,0.0,Precipitation_daily_sum
2019-12-11,0.0,Precipitation_daily_sum
2019-12-12,0.0,Precipitation_daily_sum
2019-12-13,0.0,Precipitation_daily_sum
2019-12-14,0.0,Precipitation_daily_sum
2019-12-15,0.0,Precipitation_daily_sum
2019-12-16,0.0,Precipitation_daily_sum
2019-12-17,0.0,Precipitation_daily_sum
2019-12-18,0.0,Precipitation_daily_sum
2019-12-19,0.0,Precipitation_daily_sum
2019-12-20,0.0,Precipitation_daily_sum
2019-12-21,0.0,Precipitation_daily_sum
2019-12-22,0.0,Precipitation_daily_sum
2019-12-23,0.0,Precipitation_daily_sum
2019-12-24,0.0,Precipitation_daily_sum
2019-12-25,0.0,Precipitation_daily_sum
2019-12-26,0.0,Precipitation_daily_sum
2019-12-27,0.0,Precipitation_daily_sum
2019-12-28,0.0,Precipitation_daily_sum
2019-12-29,0.0,Precipitation_daily_sum
2019-12-30,0.0,Precipitation_daily_sum
2019-12-31,0.0,Precipitation_daily_sum
2020-01-01,0.0,Precipitation_daily_sum
2020-01-02,0.0,Precipitation_daily_sum
2020-01-03,0.0,Precipitation_daily_sum
2020-01-04,0.0,Precipitation_daily_sum
2020-01-05,0.0,Precipitation_daily_sum
2020-01-06,0.0,Precipitation_daily_sum
2020-01-07,0.0,Precipitation_daily_sum
2020-01-08,0.0,Precipitation_daily_sum
2020-01-09,0.0,Precipitation_daily_sum
2020-01-10,0.0,Precipitation_daily_sum
2020-01-11,0.0,Precipitation_daily_sum
2020-01-12,0.0,Precipitation_daily_sum
2020-01-13,0.0,Precipitation_daily_sum
2020-01-14,0.0,Precipitation_daily_sum
2020-01-15,0.0,Precipitation_daily_sum
2020-01-16,0.0,Precipitation_daily_sum
2020-01-17,0.0,Precipitation_daily_sum
2020-01-18,0.0,Precipitation_daily_sum
2020-01-19,0.0,Precipitation_daily_sum
2020-01-20,0.0,Precipitation_daily_sum
2020-01-21,0.0,Precipitation_daily_sum
2020-01-22,0.0,Precipitation_daily_sum
2020-01-23,0.0,Precipitation_daily_sum
2020-01-24,0.0,Precipitation_daily_sum
2020-01-25,0.0,Precipitation_daily_sum
2020-01-26,0.0,Precipitation_daily_sum
2020-01-27,0.0,Precipitation_daily_sum
2020-01-28,0.0,Precipitation_daily_sum
2020-01-29,0.0,Precipitation_daily_sum
2020-01-30,0.0,Precipitation_daily_sum
2020-01-31,0.0,Precipitation_daily_sum
2020-02-01,0.0,Precipitation_daily_sum
2020-02-02,0.0,Precipitation_daily_sum
2020-02-03,0.0,Precipitation_daily_sum
2020-02-04,0.0,Precipitation_daily_sum
2020-02-05,0.0,Precipitation_daily_sum
2020-02-06,0.0,Precipitation_daily_sum
2020-02-07,0.0,Precipitation_daily_sum
2020-02-08,0.0,Precipitation_daily_sum
2020-02-09,0.0,Precipitation_daily_sum
2020-02-10,0.0,Precipitation_daily_sum
2020-02-11,0.0,Precipitation_daily_sum
2020-02-12,0.0,Precipitation_daily_sum
2020-02-13,0.0,Precipitation_daily_sum
2020-02-14,0.0,Precipitation_daily_sum
2020-02-15,0.0,Precipitation_daily_sum
2020-02-16,0.0,Precipitation_daily_sum
2020-02-17,0.0,Precipitation_daily_sum
2020-02-18,0.0,Precipitation_daily_sum
2020-02-19,0.0,Precipitation_daily_sum
2020-02-20,0.0,Precipitation_daily_sum
2020-02-21,0.0,Precipitation_daily_sum
2020-02-22,0.0,Precipitation_daily_sum
2020-02-23,0.0,Precipitation_daily_sum
2020-02-24,0.0,Precipitation_daily_sum
2020-02-25,0.0,Precipitation_daily_sum
2020-02-26,0.0,Precipitation_daily_sum
2020-02-27,0.0,Precipitation_daily_sum
2020-02-28,0.0,Precipitation_daily_sum
2020-02-29,0.0,Precipitation_daily_sum
2020-03-01,0.0,Precipitation_daily_sum
2020-03-02,0.0,Precipitation_daily_sum
2020-03-03,0.0,Precipitation_daily_sum
2020-03-04,0.0,Precipitation_daily_sum
2020-03-05,0.0,Precipitation_daily_sum
2020-03-06,0.0,Precipitation_daily_sum
2020-03-07,0.0,Precipitation_daily_sum
2020-03-08,0.0,Precipitation_daily_sum
2020-03-09,0.0,Precipitation_daily_sum
2020-03-10,0.0,Precipitation_daily_sum
2020-03-11,0.0,Precipitation_daily_sum
2020-03-12,0.0,Precipitation_daily_sum
2020-03-13,0.0,Precipitation_daily_sum
2020-03-14,0.0,Precipitation_daily_sum
2020-03-15,0.0,Precipitation_daily_sum
2020-03-16,0.0,Precipitation_daily_sum
2020-03-17,0.0,Precipitation_daily_sum
2020-03-18,0.0,Precipitation_daily_sum
2020-03-19,0.0,Precipitation_daily_sum
2020-03-20,0.0,Precipitation_daily_sum
2020-03-21,0.0,Precipitation_daily_sum
2020-03-22,0.0,Precipitation_daily_sum
2020-03-23,0.0,Precipitation_daily_sum
2020-03-24,0.0,Precipitation_daily_sum
2020-03-25,0.0,Precipitation_daily_sum
2020-03-26,0.0,Precipitation_daily_sum
2020-03-27,0.0,Precipitation_daily_sum
2020-03-28,0.0,Precipitation_daily_sum
2020-03-29,0.0,Precipitation_daily_sum
2020-03-30,0.0,Precipitation_daily_sum
2020-03-31,0.0,Precipitation_daily_sum
2020-04-01,0.0,Precipitation_daily_sum
2020-04-02,0.0,Precipitation_daily_sum
2020-04-03,0.0,Precipitation_daily_sum
2020-04-04,0.0,Precipitation_daily_sum
2020-04-05,0.0,Precipitation_daily_sum
2020-04-06,0.0,Precipitation_daily_sum
2020-04-07,0.0,Precipitation_daily_sum
2020-04-08,0.0,Precipitation_daily_sum
2020-04-09,0.0,Precipitation_daily_sum
2020-04-10,0.0,Precipitation_daily_sum
2020-04-11,0.0,Precipitation_daily_sum
2020-04-12,0.0,Precipitation_daily_sum
2020-04-13,0.0,Precipitation_daily_sum
2020-04-14,0.0,Precipitation_daily_sum
2020-04-15,0.0,Precipitation_daily_sum
2020-04-16,0.0,Precipitation_daily_sum
2020-04-17,0.0,Precipitation_daily_sum
2020-04-18,0.0,Precipitation_daily_sum
2020-04-19,0.0,Precipitation_daily_sum
2020-04-20,0.0,Precipitation_daily_sum
2020-04-21,0.0,Precipitation_daily_sum
2020-04-22,0.0,Precipitation_daily_sum
2020-04-23,0.0,Precipitation_daily_sum
2020-04-24,0.0,Precipitation_daily_sum
2020-04-25,0.0,Precipitation_daily_sum
2020-04-26,0.0,Precipitation_daily_sum
2020-04-27,0.0,Precipitation_daily_sum
2020-04-28,0.0,Precipitation_daily_sum
2020-04-29,0.0,Precipitation_daily_sum
2020-04-30,0.0,Precipitation_daily_sum
2020-05-01,0.0,Precipitation_daily_sum
2020-05-02,0.0,Precipitation_daily_sum
2020-05-03,0.0,Precipitation_daily_sum
2020-05-04,0.0,Precipitation_daily_sum
2020-05-05,0.0,Precipitation_daily_sum
2020-05-06,0.0,Precipitation_daily_sum
2020-05-07,0.0,Precipitation_daily_sum
2020-05-08,0.0,Precipitation_daily_sum
2020-05-09,0.0,Precipitation_daily_sum
2020-05-10,0.0,Precipitation_daily_sum
2020-05-11,0.0,Precipitation_daily_sum
2020-05-12,0.0,Precipitation_daily_sum
2020-05-13,0.0,Precipitation_daily_sum
2020-05-14,0.0,Precipitation_daily_sum
2020-05-15,0.0,Precipitation_daily_sum
2020-05-16,0.0,Precipitation_daily_sum
2020-05-17,0.0,Precipitation_daily_sum
2020-05-18,0.0,Precipitation_daily_sum
2020-05-19,0.0,Precipitation_daily_sum
2020-05-20,0.0,Precipitation_daily_sum
2020-05-21,0.0,Precipitation_daily_sum
2020-05-22,0.0,Precipitation_daily_sum
2020-05-23,0.0,Precipitation_daily_sum
2020-05-24,0.0,Precipitation_daily_sum
2020-05-25,0.0,Precipitation_daily_sum
2020-05-26,0.0,Precipitation_daily_sum
2020-05-27,0.0,Precipitation_daily_sum
2020-05-28,0.0,Precipitation_daily_sum
2020-05-29,0.0,Precipitation_daily_sum
2020-05-30,0.0,Precipitation_daily_sum
2020-05-31,0.0,Precipitation_daily_sum
2020-06-01,0.0,Precipitation_daily_sum
2020-06-02,12.6,Precipitation_daily_sum
2020-06-03,0.0,Precipitation_daily_sum
2020-06-04,0.0,Precipitation_daily_sum
2020-06-05,0.0,Precipitation_daily_sum
2020-06-06,0.0,Precipitation_daily_sum
2020-06-07,0.0,Precipitation_daily_sum
2020-06-08,0.0,Precipitation_daily_sum
2020-06-09,0.0,Precipitation_daily_sum
2020-06-10,0.0,Precipitation_daily_sum
2020-06-11,36.4,Precipitation_daily_sum
2020-06-12,0.0,Precipitation_daily_sum
2020-06-13,0.0,Precipitation_daily_sum
2020-06-14,0.0,Precipitation_daily_sum
2020-06-15,0.0,Precipitation_daily_sum
2020-06-16,36.5,Precipitation_daily_sum
2020-06-17,22.6,Precipitation_daily_sum
2020-06-18,24.1,Precipitation_daily_sum
2020-06-19,24.2,Precipitation_daily_sum
2020-06-20,13.5,Precipitation_daily_sum
2020-06-21,0.0,Precipitation_daily_sum
2020-06-22,29.4,Precipitation_daily_sum
2020-06-23,15.5,Precipitation_daily_sum
2020-06-24,11.0,Precipitation_daily_sum
2020-06-25,0.0,Precipitation_daily_sum
2020-06-26,0.0,Precipitation_daily_sum
2020-06-27,0.0,Precipitation_daily_sum
2020-06-28,31.2,Precipitation_daily_sum
2020-06-29,31.5,Precipitation_daily_sum
2020-06-30,6.0,Precipitation_daily_sum
2020-07-01,1.3,Precipitation_daily_sum
2020-07-02,0.0,Precipitation_daily_sum
2020-07-03,5.5,Precipitation_daily_sum
2020-07-04,35.9,Precipitation_daily_sum
2020-07-05,0.0,Precipitation_daily_sum
2020-07-06,0.0,Precipitation_daily_sum
2020-07-07,5.5,Precipitation_daily_sum
2020-07-08,0.0,Precipitation_daily_sum
2020-07-09,0.0,Precipitation_daily_sum
2020-07-10,0.0,Precipitation_daily_sum
2020-07-11,0.0,Precipitation_daily_sum
2020-07-12,0.0,Precipitation_daily_sum
2020-07-13,0.0,Precipitation_daily_sum
2020-07-14,0.0,Precipitation_daily_sum
2020-07-15,0.0,Precipitation_daily_sum
2020-07-16,0.0,Precipitation_daily_sum
2020-07-17,3.4,Precipitation_daily_sum
2020-07-18,1.4,Precipitation_daily_sum
2020-07-19,0.0,Precipitation_daily_sum
2020-07-20,8.2,Precipitation_daily_sum
2020-07-21,6.2,Precipitation_daily_sum
2020-07-22,0.0,Precipitation_daily_sum
2020-07-23,0.0,Precipitation_daily_sum
2020-07-24,0.0,Precipitation_daily_sum
2020-07-25,0.0,Precipitation_daily_sum
2020-07-26,0.0,Precipitation_daily_sum
2020-07-27,0.0,Precipitation_daily_sum
2020-07-28,0.0,Precipitation_daily_sum
2020-07-29,0.0,Precipitation_daily_sum
2020-07-30,0.0,Precipitation_daily_sum
2020-07-31,0.0,Precipitation_daily_sum
2020-08-01,0.0,Precipitation_daily_sum
2020-08-02,0.0,Precipitation_daily_sum
2020-08-03,0.0,Precipitation_daily_sum
2020-08-04,4.0,Precipitation_daily_sum
2020-08-05,0.0,Precipitation_daily_sum
2020-08-06,0.0,Precipitation_daily_sum
2020-08-07,0.0,Precipitation_daily_sum
2020-08-08,0.0,Precipitation_daily_sum
2020-08-09,0.0,Precipitation_daily_sum
2020-08-10,0.0,Precipitation_daily_sum
2020-08-11,0.0,Precipitation_daily_sum
2020-08-12,0.0,Precipitation_daily_sum
2020-08-13,0.0,Precipitation_daily_sum
2020-08-14,0.0,Precipitation_daily_sum
2020-08-15,0.0,Precipitation_daily_sum
2020-08-16,0.0,Precipitation_daily_sum
2020-08-17,0.0,Precipitation_daily_sum
2020-08-18,0.0,Precipitation_daily_sum
2020-08-19,0.0,Precipitation_daily_sum
2020-08-20,0.0,Precipitation_daily_sum
2020-08-21,0.0,Precipitation_daily_sum
2020-08-22,0.0,Precipitation_daily_sum
2020-08-23,0.0,Precipitation_daily_sum
2020-08-24,5.8,Precipitation_daily_sum
2020-08-25,19.3,Precipitation_daily_sum
2020-08-26,0.0,Precipitation_daily_sum
2020-08-27,0.0,Precipitation_daily_sum
2020-08-28,0.0,Precipitation_daily_sum
2020-08-29,0.0,Precipitation_daily_sum
2020-08-30,0.0,Precipitation_daily_sum
2020-08-31,0.0,Precipitation_daily_sum
2020-09-01,0.0,Precipitation_daily_sum
2020-09-02,0.0,Precipitation_daily_sum
2020-09-03,0.0,Precipitation_daily_sum
2020-09-04,0.0,Precipitation_daily_sum
2020-09-05,0.0,Precipitation_daily_sum
2020-09-06,0.0,Precipitation_daily_sum
2020-09-07,0.0,Precipitation_daily_sum
2020-09-08,0.8,Precipitation_daily_sum
2020-09-09,0.0,Precipitation_daily_sum
2020-09-10,0.0,Precipitation_daily_sum
2020-09-11,0.0,Precipitation_daily_sum
2020-09-12,0.0,Precipitation_daily_sum
2020-09-13,0.0,Precipitation_daily_sum
2020-09-14,0.0,Precipitation_daily_sum
2020-09-15,0.0,Precipitation_daily_sum
2020-09-16,0.0,Precipitation_daily_sum
2020-09-17,0.0,Precipitation_daily_sum
2020-09-18,0.0,Precipitation_daily_sum
2020-09-19,0.0,Precipitation_daily_sum
2020-09-20,0.0,Precipitation_daily_sum
2020-09-21,0.0,Precipitation_daily_sum
2020-09-22,0.0,Precipitation_daily_sum
2020-09-23,0.0,Precipitation_daily_sum
2020-09-24,0.0,Precipitation_daily_sum
2020-09-25,0.0,Precipitation_daily_sum
2020-09-26,0.0,Precipitation_daily_sum
2020-09-27,0.0,Precipitation_daily_sum
2020-09-28,0.0,Precipitation_daily_sum
2020-09-29,0.0,Precipitation_daily_sum
2020-09-30,0.0,Precipitation_daily_sum
2020-10-01,0.0,Precipitation_daily_sum
2020-10-02,0.0,Precipitation_daily_sum
2020-10-03,0.0,Precipitation_daily_sum
2020-10-04,0.0,Precipitation_daily_sum
2020-10-05,0.0,Precipitation_daily_sum
2020-10-06,0.0,Precipitation_daily_sum
2020-10-07,0.0,Precipitation_daily_sum
2020-10-08,0.0,Precipitation_daily_sum
2020-10-09,0.0,Precipitation_daily_sum
2020-10-10,0.0,Precipitation_daily_sum
2020-10-11,0.0,Precipitation_daily_sum
2020-10-12,0.0,Precipitation_daily_sum
2020-10-13,0.0,Precipitation_daily_sum
2020-10-14,0.0,Precipitation_daily_sum
2020-10-15,0.0,Precipitation_daily_sum
2020-10-16,0.0,Precipitation_daily_sum
2020-10-17,0.0,Precipitation_daily_sum
2020-10-18,0.0,Precipitation_daily_sum
2020-10-19,0.0,Precipitation_daily_sum
2020-10-20,0.0,Precipitation_daily_sum
2020-10-21,0.0,Precipitation_daily_sum
2020-10-22,0.0,Precipitation_daily_sum
2020-10-23,0.0,Precipitation_daily_sum
2020-10-24,0.0,Precipitation_daily_sum
2020-10-25,0.0,Precipitation_daily_sum
2020-10-26,0.0,Precipitation_daily_sum
2020-10-27,0.0,Precipitation_daily_sum
2020-10-28,0.0,Precipitation_daily_sum
2020-10-29,0.0,Precipitation_daily_sum
2020-10-30,0.0,Precipitation_daily_sum
2020-10-31,0.0,Precipitation_daily_sum
2020-11-01,0.0,Precipitation_daily_sum
2020-11-02,0.0,Precipitation_daily_sum
2020-11-03,0.0,Precipitation_daily_sum
2020-11-04,0.0,Precipitation_daily_sum
2020-11-05,0.0,Precipitation_daily_sum
2020-11-06,0.0,Precipitation_daily_sum
2020-11-07,0.0,Precipitation_daily_sum
2020-11-08,0.0,Precipitation_daily_sum
2020-11-09,0.0,Precipitation_daily_sum
2020-11-10,0.0,Precipitation_daily_sum
2020-11-11,0.0,Precipitation_daily_sum
2020-11-12,0.0,Precipitation_daily_sum
2020-11-13,0.0,Precipitation_daily_sum
2020-11-14,0.0,Precipitation_daily_sum
2020-11-15,0.0,Precipitation_daily_sum
2020-11-16,0.0,Precipitation_daily_sum
2020-11-17,0.0,Precipitation_daily_sum
2020-11-18,0.0,Precipitation_daily_sum
2020-11-19,0.0,Precipitation_daily_sum
2020-11-20,0.0,Precipitation_daily_sum
2020-11-21,0.0,Precipitation_daily_sum
2020-11-22,0.0,Precipitation_daily_sum
2020-11-23,0.0,Precipitation_daily_sum
2020-11-24,0.0,Precipitation_daily_sum
2020-11-25,0.0,Precipitation_daily_sum
2020-11-26,0.0,Precipitation_daily_sum
2020-11-27,0.0,Precipitation_daily_sum
2020-11-28,0.0,Precipitation_daily_sum
2020-11-29,0.0,Precipitation_daily_sum
2020-11-30,0.0,Precipitation_daily_sum
2020-12-01,0.0,Precipitation_daily_sum
2020-12-02,0.0,Precipitation_daily_sum
2020-12-03,0.0,Precipitation_daily_sum
2020-12-04,0.0,Precipitation_daily_sum
2020-12-05,0.0,Precipitation_daily_sum
2020-12-06,0.0,Precipitation_daily_sum
2020-12-07,0.0,Precipitation_daily_sum
2020-12-08,0.0,Precipitation_daily_sum
2020-12-09,0.0,Precipitation_daily_sum
2020-12-10,0.0,Precipitation_daily_sum
2020-12-11,0.0,Precipitation_daily_sum
2020-12-12,0.0,Precipitation_daily_sum
2020-12-13,0.0,Precipitation_daily_sum
2020-12-14,0.0,Precipitation_daily_sum
2020-12-15,0.0,Precipitation_daily_sum
2020-12-16,0.0,Precipitation_daily_sum
2020-12-17,0.0,Precipitation_daily_sum
2020-12-18,0.0,Precipitation_daily_sum
2020-12-19,0.0,Precipitation_daily_sum
2020-12-20,0.0,Precipitation_daily_sum
2020-12-21,0.0,Precipitation_daily_sum
2020-12-22,0.0,Precipitation_daily_sum
2020-12-23,0.0,Precipitation_daily_sum
2020-12-24,0.0,Precipitation_daily_sum
2020-12-25,0.0,Precipitation_daily_sum
2020-12-26,0.0,Precipitation_daily_sum
2020-12-27,0.0,Precipitation_daily_sum
2020-12-28,0.0,Precipitation_daily_sum
2020-12-29,0.0,Precipitation_daily_sum
2020-12-30,0.0,Precipitation_daily_sum
2020-12-31,0.0,Precipitation_daily_sum
2021-01-01,0.0,Precipitation_daily_sum
2021-01-02,0.0,Precipitation_daily_sum
2021-01-03,0.0,Precipitation_daily_sum
2021-01-04,0.0,Precipitation_daily_sum
2021-01-05,0.0,Precipitation_daily_sum
2021-01-06,0.0,Precipitation_daily_sum
2021-01-07,0.0,Precipitation_daily_sum
2021-01-08,0.0,Precipitation_daily_sum
2021-01-09,0.0,Precipitation_daily_sum
2021-01-10,0.0,Precipitation_daily_sum
2021-01-11,0.0,Precipitation_daily_sum
2021-01-12,0.0,Precipitation_daily_sum
2021-01-13,0.0,Precipitation_daily_sum
2021-01-14,0.0,Precipitation_daily_sum
2021-01-15,0.0,Precipitation_daily_sum
2021-01-16,0.0,Precipitation_daily_sum
2021-01-17,0.0,Precipitation_daily_sum
2021-01-18,0.0,Precipitation_daily_sum
2021-01-19,0.0,Precipitation_daily_sum
2021-01-20,0.0,Precipitation_daily_sum
2021-01-21,0.0,Precipitation_daily_sum
2021-01-22,0.0,Precipitation_daily_sum
2021-01-23,0.0,Precipitation_daily_sum
2021-01-24,0.0,Precipitation_daily_sum
2021-01-25,0.0,Precipitation_daily_sum
2021-01-26,0.0,Precipitation_daily_sum
2021-01-27,0.0,Precipitation_daily_sum
2021-01-28,0.0,Precipitation_daily_sum
2021-01-29,27.2,Precipitation_daily_sum
2021-01-30,82.7,Precipitation_daily_sum
2021-01-31,0.0,Precipitation_daily_sum
2021-02-01,0.0,Precipitation_daily_sum
2021-02-02,0.0,Precipitation_daily_sum
2021-02-03,0.0,Precipitation_daily_sum
2021-02-04,0.0,Precipitation_daily_sum
2021-02-05,0.0,Precipitation_daily_sum
2021-02-06,0.0,Precipitation_daily_sum
2021-02-07,0.0,Precipitation_daily_sum
2021-02-08,0.0,Precipitation_daily_sum
2021-02-09,0.0,Precipitation_daily_sum
2021-02-10,0.0,Precipitation_daily_sum
2021-02-11,0.0,Precipitation_daily_sum
2021-02-12,0.0,Precipitation_daily_sum
2021-02-13,0.0,Precipitation_daily_sum
2021-02-14,0.0,Precipitation_daily_sum
2021-02-15,0.0,Precipitation_daily_sum
2021-02-16,0.0,Precipitation_daily_sum
2021-02-17,0.0,Precipitation_daily_sum
2021-02-18,0.0,Precipitation_daily_sum
2021-02-19,0.0,Precipitation_daily_sum
2021-02-20,0.0,Precipitation_daily_sum
2021-02-21,0.0,Precipitation_daily_sum
2021-02-22,0.0,Precipitation_daily_sum
2021-02-23,0.0,Precipitation_daily_sum
2021-02-24,0.0,Precipitation_daily_sum
2021-02-25,0.0,Precipitation_daily_sum
2021-02-26,0.0,Precipitation_daily_sum
2021-02-27,0.0,Precipitation_daily_sum
2021-02-28,0.0,Precipitation_daily_sum
2021-03-01,0.0,Precipitation_daily_sum
2021-03-02,0.0,Precipitation_daily_sum
2021-03-03,0.0,Precipitation_daily_sum
2021-03-04,0.0,Precipitation_daily_sum
2021-03-05,0.0,Precipitation_daily_sum
2021-03-06,0.0,Precipitation_daily_sum
2021-03-07,0.0,Precipitation_daily_sum
2021-03-08,0.0,Precipitation_daily_sum
2021-03-09,0.0,Precipitation_daily_sum
2021-03-10,0.0,Precipitation_daily_sum
2021-03-11,0.0,Precipitation_daily_sum
2021-03-12,0.0,Precipitation_daily_sum
2021-03-13,0.0,Precipitation_daily_sum
2021-03-14,0.0,Precipitation_daily_sum
2021-03-15,0.0,Precipitation_daily_sum
2021-03-16,0.0,Precipitation_daily_sum
2021-03-17,0.0,Precipitation_daily_sum
2021-03-18,0.0,Precipitation_daily_sum
2021-03-19,0.0,Precipitation_daily_sum
2021-03-20,0.0,Precipitation_daily_sum
2021-03-21,0.0,Precipitation_daily_sum
2021-03-22,0.0,Precipitation_daily_sum
2021-03-23,0.0,Precipitation_daily_sum
2021-03-24,0.0,Precipitation_daily_sum
2021-03-25,0.0,Precipitation_daily_sum
2021-03-26,0.0,Precipitation_daily_sum
2021-03-27,0.0,Precipitation_daily_sum
2021-03-28,0.0,Precipitation_daily_sum
2021-03-29,0.0,Precipitation_daily_sum
2021-03-30,0.0,Precipitation_daily_sum
2021-03-31,0.0,Precipitation_daily_sum
2021-04-01,0.0,Precipitation_daily_sum
2021-04-02,0.0,Precipitation_daily_sum
2021-04-03,0.0,Precipitation_daily_sum
2021-04-04,0.0,Precipitation_daily_sum
2021-04-05,0.0,Precipitation_daily_sum
2021-04-06,0.0,Precipitation_daily_sum
2021-04-07,0.0,Precipitation_daily_sum
2021-04-08,0.0,Precipitation_daily_sum
2021-04-09,0.0,Precipitation_daily_sum
2021-04-10,0.0,Precipitation_daily_sum
2021-04-11,0.0,Precipitation_daily_sum
2021-04-12,0.0,Precipitation_daily_sum
2021-04-13,0.0,Precipitation_daily_sum
2021-04-14,0.0,Precipitation_daily_sum
2021-04-15,0.0,Precipitation_daily_sum
2021-04-16,0.0,Precipitation_daily_sum
2021-04-17,0.0,Precipitation_daily_sum
2021-04-18,0.0,Precipitation_daily_sum
2021-04-19,0.0,Precipitation_daily_sum
2021-04-20,0.0,Precipitation_daily_sum
2021-04-21,0.0,Precipitation_daily_sum
2021-04-22,0.0,Precipitation_daily_sum
2021-04-23,0.0,Precipitation_daily_sum
2021-04-24,0.0,Precipitation_daily_sum
2021-04-25,0.0,Precipitation_daily_sum
2021-04-26,0.0,Precipitation_daily_sum
2021-04-27,0.0,Precipitation_daily_sum
2021-04-28,0.0,Precipitation_daily_sum
2021-04-29,0.0,Precipitation_daily_sum
2021-04-30,0.0,Precipitation_daily_sum
2021-05-01,0.0,Precipitation_daily_sum
2021-05-02,0.0,Precipitation_daily_sum
2021-05-03,0.0,Precipitation_daily_sum
2021-05-04,0.0,Precipitation_daily_sum
2021-05-05,0.0,Precipitation_daily_sum
2021-05-06,0.0,Precipitation_daily_sum
2021-05-07,0.0,Precipitation_daily_sum
2021-05-08,0.0,Precipitation_daily_sum
2021-05-09,0.0,Precipitation_daily_sum
2021-05-10,0.0,Precipitation_daily_sum
2021-05-11,0.0,Precipitation_daily_sum
2021-05-12,0.0,Precipitation_daily_sum
2021-05-13,0.0,Precipitation_daily_sum
2021-05-14,0.0,Precipitation_daily_sum
2021-05-15,0.0,Precipitation_daily_sum
2021-05-16,0.0,Precipitation_daily_sum
2021-05-17,0.0,Precipitation_daily_sum
2021-05-18,0.0,Precipitation_daily_sum
2021-05-19,6.7,Precipitation_daily_sum
2021-05-20,2.8,Precipitation_daily_sum
2021-05-21,0.0,Precipitation_daily_sum
2021-05-22,0.0,Precipitation_daily_sum
2021-05-23,0.0,Precipitation_daily_sum
2021-05-24,0.0,Precipitation_daily_sum
2021-05-25,0.0,Precipitation_daily_sum
2021-05-26,0.0,Precipitation_daily_sum
2021-05-27,0.0,Precipitation_daily_sum
2021-05-28,0.0,Precipitation_daily_sum
2021-05-29,0.0,Precipitation_daily_sum
2021-05-30,0.0,Precipitation_daily_sum
2021-05-31,0.0,Precipitation_daily_sum
2021-06-01,0.0,Precipitation_daily_sum
2021-06-02,0.0,Precipitation_daily_sum
2021-06-03,0.0,Precipitation_daily_sum
2021-06-04,0.0,Precipitation_daily_sum
2021-06-05,0.0,Precipitation_daily_sum
2021-06-06,2.9,Precipitation_daily_sum
2021-06-07,0.0,Precipitation_daily_sum
2021-06-08,0.0,Precipitation_daily_sum
2021-06-09,0.0,Precipitation_daily_sum
2021-06-10,0.0,Precipitation_daily_sum
2021-06-11,0.0,Precipitation_daily_sum
2021-06-12,0.0,Precipitation_daily_sum
2021-06-13,0.0,Precipitation_daily_sum
2021-06-14,0.0,Precipitation_daily_sum
2021-06-15,0.0,Precipitation_daily_sum
2021-06-16,0.0,Precipitation_daily_sum
2021-06-17,0.0,Precipitation_daily_sum
2021-06-18,0.0,Precipitation_daily_sum
2021-06-19,0.0,Precipitation_daily_sum
2021-06-20,0.0,Precipitation_daily_sum
2021-06-21,0.0,Precipitation_daily_sum
2021-06-22,4.6,Precipitation_daily_sum
2021-06-23,14.8,Precipitation_daily_sum
2021-06-24,10.5,Precipitation_daily_sum
2021-06-25,18.0,Precipitation_daily_sum
2021-06-26,0.0,Precipitation_daily_sum
2021-06-27,0.0,Precipitation_daily_sum
2021-06-28,0.0,Precipitation_daily_sum
2021-06-29,0.0,Precipitation_daily_sum
2021-06-30,0.0,Precipitation_daily_sum
2021-07-01,0.0,Precipitation_daily_sum
2021-07-02,0.0,Precipitation_daily_sum
2021-07-03,0.0,Precipitation_daily_sum
2021-07-04,0.0,Precipitation_daily_sum
2021-07-05,0.0,Precipitation_daily_sum
2021-07-06,0.0,Precipitation_daily_sum
2021-07-07,0.0,Precipitation_daily_sum
2021-07-08,0.0,Precipitation_daily_sum
2021-07-09,0.0,Precipitation_daily_sum
2021-07-10,0.0,Precipitation_daily_sum
2021-07-11,0.0,Precipitation_daily_sum
2021-07-12,0.0,Precipitation_daily_sum
2021-07-13,0.0,Precipitation_daily_sum
2021-07-14,0.0,Precipitation_daily_sum
2021-07-15,0.0,Precipitation_daily_sum
2021-07-16,0.0,Precipitation_daily_sum
2021-07-17,0.0,Precipitation_daily_sum
2021-07-18,0.0,Precipitation_daily_sum
2021-07-19,0.0,Precipitation_daily_sum
2021-07-20,0.0,Precipitation_daily_sum
2021-07-21,0.0,Precipitation_daily_sum
2021-07-22,0.0,Precipitation_daily_sum
2021-07-23,0.0,Precipitation_daily_sum
2021-07-24,0.0,Precipitation_daily_sum
2021-07-25,8.5,Precipitation_daily_sum
2021-07-26,0.0,Precipitation_daily_sum
2021-07-27,0.0,Precipitation_daily_sum
2021-07-28,0.0,Precipitation_daily_sum
2021-07-29,0.0,Precipitation_daily_sum
2021-07-30,0.0,Precipitation_daily_sum
2021-07-31,0.0,Precipitation_daily_sum
2021-08-01,0.0,Precipitation_daily_sum
2021-08-02,0.0,Precipitation_daily_sum
2021-08-03,0.0,Precipitation_daily_sum
2021-08-04,0.0,Precipitation_daily_sum
2021-08-05,0.0,Precipitation_daily_sum
2021-08-06,0.0,Precipitation_daily_sum
2021-08-07,0.0,Precipitation_daily_sum
2021-08-08,0.0,Precipitation_daily_sum
2021-08-09,0.0,Precipitation_daily_sum
2021-08-10,0.0,Precipitation_daily_sum
2021-08-11,0.0,Precipitation_daily_sum
2021-08-12,0.0,Precipitation_daily_sum
2021-08-13,0.0,Precipitation_daily_sum
2021-08-14,0.0,Precipitation_daily_sum
2021-08-15,0.0,Precipitation_daily_sum
2021-08-16,26.5,Precipitation_daily_sum
2021-08-17,11.0,Precipitation_daily_sum
2021-08-18,48.0,Precipitation_daily_sum
2021-08-19,4.0,Precipitation_daily_sum
2021-08-20,0.0,Precipitation_daily_sum
2021-08-21,8.0,Precipitation_daily_sum
2021-08-22,0.0,Precipitation_daily_sum
2021-08-23,0.0,Precipitation_daily_sum
2021-08-24,0.0,Precipitation_daily_sum
2021-08-25,0.0,Precipitation_daily_sum
2021-08-26,0.0,Precipitation_daily_sum
2021-08-27,0.0,Precipitation_daily_sum
2021-08-28,0.0,Precipitation_daily_sum
2021-08-29,0.0,Precipitation_daily_sum
2021-08-30,0.0,Precipitation_daily_sum
2021-08-31,0.0,Precipitation_daily_sum
2021-09-01,0.0,Precipitation_daily_sum
2021-09-02,0.0,Precipitation_daily_sum
2021-09-03,0.0,Precipitation_daily_sum
2021-09-04,0.0,Precipitation_daily_sum
2021-09-05,0.0,Precipitation_daily_sum
2021-09-06,0.0,Precipitation_daily_sum
2021-09-07,0.0,Precipitation_daily_sum
2021-09-08,0.0,Precipitation_daily_sum
2021-09-09,0.0,Precipitation_daily_sum
2021-09-10,0.0,Precipitation_daily_sum
2021-09-11,21.7,Precipitation_daily_sum
2021-09-12,2.5,Precipitation_daily_sum
2021-09-13,0.0,Precipitation_daily_sum
2021-09-14,0.0,Precipitation_daily_sum
2021-09-15,0.0,Precipitation_daily_sum
2021-09-16,0.0,Precipitation_daily_sum
2021-09-17,0.0,Precipitation_daily_sum
2021-09-18,0.0,Precipitation_daily_sum
2021-09-19,0.0,Precipitation_daily_sum
2021-09-20,0.0,Precipitation_daily_sum
2021-09-21,0.0,Precipitation_daily_sum
2021-09-22,0.0,Precipitation_daily_sum
2021-09-23,0.0,Precipitation_daily_sum
2021-09-24,0.0,Precipitation_daily_sum
2021-09-25,0.0,Precipitation_daily_sum
2021-09-26,0.0,Precipitation_daily_sum
2021-09-27,0.0,Precipitation_daily_sum
2021-09-28,0.0,Precipitation_daily_sum
2021-09-29,0.0,Precipitation_daily_sum
2021-09-30,0.0,Precipitation_daily_sum
2021-10-01,0.0,Precipitation_daily_sum
2021-10-02,0.0,Precipitation_daily_sum
2021-10-03,0.0,Precipitation_daily_sum
2021-10-04,0.0,Precipitation_daily_sum
2021-10-05,0.0,Precipitation_daily_sum
2021-10-06,0.0,Precipitation_daily_sum
2021-10-07,0.0,Precipitation_daily_sum
2021-10-08,0.0,Precipitation_daily_sum
2021-10-09,0.0,Precipitation_daily_sum
2021-10-10,0.0,Precipitation_daily_sum
2021-10-11,0.0,Precipitation_daily_sum
2021-10-12,0.0,Precipitation_daily_sum
2021-10-13,5.6,Precipitation_daily_sum
2021-10-14,0.0,Precipitation_daily_sum
2021-10-15,0.0,Precipitation_daily_sum
2021-10-16,0.0,Precipitation_daily_sum
2021-10-17,0.0,Precipitation_daily_sum
2021-10-18,0.0,Precipitation_daily_sum
2021-10-19,0.0,Precipitation_daily_sum
2021-10-20,0.0,Precipitation_daily_sum
2021-10-21,0.0,Precipitation_daily_sum
2021-10-22,0.0,Precipitation_daily_sum
2021-10-23,0.0,Precipitation_daily_sum
2021-10-24,0.0,Precipitation_daily_sum
2021-10-25,0.0,Precipitation_daily_sum
2021-10-26,0.0,Precipitation_daily_sum
2021-10-27,0.0,Precipitation_daily_sum
2021-10-28,0.0,Precipitation_daily_sum
2021-10-29,0.0,Precipitation_daily_sum
2021-10-30,0.0,Precipitation_daily_sum
2021-10-31,0.0,Precipitation_daily_sum
2021-11-01,0.0,Precipitation_daily_sum
2021-11-02,0.0,Precipitation_daily_sum
2021-11-03,0.0,Precipitation_daily_sum
2021-11-04,0.0,Precipitation_daily_sum
2021-11-05,0.0,Precipitation_daily_sum
2021-11-06,0.0,Precipitation_daily_sum
2021-11-07,0.0,Precipitation_daily_sum
2021-11-08,0.0,Precipitation_daily_sum
2021-11-09,0.0,Precipitation_daily_sum
2021-11-10,0.0,Precipitation_daily_sum
2021-11-11,0.0,Precipitation_daily_sum
2021-11-12,0.0,Precipitation_daily_sum
2021-11-13,0.0,Precipitation_daily_sum
2021-11-14,0.0,Precipitation_daily_sum
2021-11-15,0.0,Precipitation_daily_sum
2021-11-16,0.0,Precipitation_daily_sum
2021-11-17,0.0,Precipitation_daily_sum
2021-11-18,0.0,Precipitation_daily_sum
2021-11-19,0.0,Precipitation_daily_sum
2021-11-20,0.0,Precipitation_daily_sum
2021-11-21,0.0,Precipitation_daily_sum
2021-11-22,0.0,Precipitation_daily_sum
2021-11-23,0.0,Precipitation_daily_sum
2021-11-24,0.0,Precipitation_daily_sum
2021-11-25,0.0,Precipitation_daily_sum
2021-11-26,0.0,Precipitation_daily_sum
2021-11-27,0.0,Precipitation_daily_sum
2021-11-28,0.0,Precipitation_daily_sum
2021-11-29,0.0,Precipitation_daily_sum
2021-11-30,0.0,Precipitation_daily_sum
2021-12-01,0.0,Precipitation_daily_sum
2021-12-02,0.0,Precipitation_daily_sum
2021-12-03,0.0,Precipitation_daily_sum
2021-12-04,0.0,Precipitation_daily_sum
2021-12-05,0.0,Precipitation_daily_sum
2021-12-06,0.0,Precipitation_daily_sum
2021-12-07,0.0,Precipitation_daily_sum
2021-12-08,0.0,Precipitation_daily_sum
2021-12-09,0.0,Precipitation_daily_sum
2021-12-10,0.0,Precipitation_daily_sum
2021-12-11,0.0,Precipitation_daily_sum
2021-12-12,0.0,Precipitation_daily_sum
2021-12-13,0.0,Precipitation_daily_sum
2021-12-14,0.0,Precipitation_daily_sum
2021-12-15,0.0,Precipitation_daily_sum
2021-12-16,0.0,Precipitation_daily_sum
2021-12-17,0.0,Precipitation_daily_sum
2021-12-18,0.0,Precipitation_daily_sum
2021-12-19,0.0,Precipitation_daily_sum
2021-12-20,0.0,Precipitation_daily_sum
2021-12-21,0.0,Precipitation_daily_sum
2021-12-22,0.0,Precipitation_daily_sum
2021-12-23,0.0,Precipitation_daily_sum
2021-12-24,0.0,Precipitation_daily_sum
2021-12-25,0.0,Precipitation_daily_sum
2021-12-26,0.0,Precipitation_daily_sum
2021-12-27,0.0,Precipitation_daily_sum
2021-12-28,0.0,Precipitation_daily_sum
2021-12-29,0.0,Precipitation_daily_sum
2021-12-30,0.0,Precipitation_daily_sum
2021-12-31,0.0,Precipitation_daily_sum
2022-01-01,0.0,Precipitation_daily_sum
2022-01-02,0.0,Precipitation_daily_sum
2022-01-03,0.0,Precipitation_daily_sum
2022-01-04,0.0,Precipitation_daily_sum
2022-01-05,0.0,Precipitation_daily_sum
2022-01-06,0.0,Precipitation_daily_sum
2022-01-07,0.0,Precipitation_daily_sum
2022-01-08,0.0,Precipitation_daily_sum
2022-01-09,0.0,Precipitation_daily_sum
2022-01-10,0.0,Precipitation_daily_sum
2022-01-11,0.0,Precipitation_daily_sum
2022-01-12,0.0,Precipitation_daily_sum
2022-01-13,0.0,Precipitation_daily_sum
2022-01-14,0.0,Precipitation_daily_sum
2022-01-15,0.0,Precipitation_daily_sum
2022-01-16,0.0,Precipitation_daily_sum
2022-01-17,0.0,Precipitation_daily_sum
2022-01-18,0.0,Precipitation_daily_sum
2022-01-19,0.0,Precipitation_daily_sum
2022-01-20,0.0,Precipitation_daily_sum
2022-01-21,0.0,Precipitation_daily_sum
2022-01-22,0.0,Precipitation_daily_sum
2022-01-23,0.0,Precipitation_daily_sum
2022-01-24,0.0,Precipitation_daily_sum
2022-01-25,0.0,Precipitation_daily_sum
2022-01-26,0.0,Precipitation_daily_sum
2022-01-27,0.0,Precipitation_daily_sum
2022-01-28,0.0,Precipitation_daily_sum
2022-01-29,0.0,Precipitation_daily_sum
2022-01-30,0.0,Precipitation_daily_sum
2022-01-31,0.0,Precipitation_daily_sum
2022-02-01,0.0,Precipitation_daily_sum
2022-02-02,0.0,Precipitation_daily_sum
2022-02-03,0.0,Precipitation_daily_sum
2022-02-04,0.0,Precipitation_daily_sum
2022-02-05,0.0,Precipitation_daily_sum
2022-02-06,0.0,Precipitation_daily_sum
2022-02-07,0.0,Precipitation_daily_sum
2022-02-08,0.0,Precipitation_daily_sum
2022-02-09,0.0,Precipitation_daily_sum
2022-02-10,0.0,Precipitation_daily_sum
2022-02-11,0.0,Precipitation_daily_sum
2022-02-12,0.0,Precipitation_daily_sum
2022-02-13,0.0,Precipitation_daily_sum
2022-02-14,0.0,Precipitation_daily_sum
2022-02-15,0.0,Precipitation_daily_sum
2022-02-16,0.0,Precipitation_daily_sum
2022-02-17,0.0,Precipitation_daily_sum
2022-02-18,0.0,Precipitation_daily_sum
2022-02-19,0.0,Precipitation_daily_sum
2022-02-20,0.0,Precipitation_daily_sum
2022-02-21,0.0,Precipitation_daily_sum
2022-02-22,0.0,Precipitation_daily_sum
2022-02-23,0.0,Precipitation_daily_sum
2022-02-24,0.0,Precipitation_daily_sum
2022-02-25,0.0,Precipitation_daily_sum
2022-02-26,0.0,Precipitation_daily_sum
2022-02-27,0.0,Precipitation_daily_sum
2022-02-28,0.0,Precipitation_daily_sum
2022-03-01,0.0,Precipitation_daily_sum
2022-03-02,0.0,Precipitation_daily_sum
2022-03-03,0.0,Precipitation_daily_sum
2022-03-04,0.0,Precipitation_daily_sum
2022-03-05,0.0,Precipitation_daily_sum
2022-03-06,0.0,Precipitation_daily_sum
2022-03-07,0.0,Precipitation_daily_sum
2022-03-08,0.0,Precipitation_daily_sum
2022-03-09,0.0,Precipitation_daily_sum
2022-03-10,0.0,Precipitation_daily_sum
2022-03-11,0.0,Precipitation_daily_sum
2022-03-12,0.0,Precipitation_daily_sum
2022-03-13,0.0,Precipitation_daily_sum
2022-03-14,0.0,Precipitation_daily_sum
2022-03-15,0.0,Precipitation_daily_sum
2022-03-16,0.0,Precipitation_daily_sum
2022-03-17,0.0,Precipitation_daily_sum
2022-03-18,0.0,Precipitation_daily_sum
2022-03-19,0.0,Precipitation_daily_sum
2022-03-20,0.0,Precipitation_daily_sum
2022-03-21,0.0,Precipitation_daily_sum
2022-03-22,0.0,Precipitation_daily_sum
2022-03-23,0.0,Precipitation_daily_sum
2022-03-24,0.0,Precipitation_daily_sum
2022-03-25,0.0,Precipitation_daily_sum
2022-03-26,0.0,Precipitation_daily_sum
2022-03-27,0.0,Precipitation_daily_sum
2022-03-28,0.0,Precipitation_daily_sum
2022-03-29,0.0,Precipitation_daily_sum
2022-03-30,0.0,Precipitation_daily_sum
2022-03-31,0.0,Precipitation_daily_sum
2022-04-01,0.0,Precipitation_daily_sum
2022-04-02,0.0,Precipitation_daily_sum
2022-04-03,0.0,Precipitation_daily_sum
2022-04-04,0.0,Precipitation_daily_sum
2022-04-05,0.0,Precipitation_daily_sum
2022-04-06,0.0,Precipitation_daily_sum
2022-04-07,0.0,Precipitation_daily_sum
2022-04-08,0.0,Precipitation_daily_sum
2022-04-09,0.0,Precipitation_daily_sum
2022-04-10,0.0,Precipitation_daily_sum
2022-04-11,0.0,Precipitation_daily_sum
2022-04-12,0.0,Precipitation_daily_sum
2022-04-13,0.0,Precipitation_daily_sum
2022-04-14,0.0,Precipitation_daily_sum
2022-04-15,0.0,Precipitation_daily_sum
2022-04-16,0.0,Precipitation_daily_sum
2022-04-17,0.0,Precipitation_daily_sum
2022-04-18,0.0,Precipitation_daily_sum
2022-04-19,0.0,Precipitation_daily_sum
2022-04-20,0.0,Precipitation_daily_sum
2022-04-21,0.0,Precipitation_daily_sum
2022-04-22,0.0,Precipitation_daily_sum
2022-04-23,0.0,Precipitation_daily_sum
2022-04-24,8.3,Precipitation_daily_sum
2022-04-25,19.5,Precipitation_daily_sum
2022-04-26,0.0,Precipitation_daily_sum
2022-04-27,0.0,Precipitation_daily_sum
2022-04-28,0.0,Precipitation_daily_sum
2022-04-29,0.0,Precipitation_daily_sum
2022-04-30,0.0,Precipitation_daily_sum
2022-05-01,0.0,Precipitation_daily_sum
2022-05-02,0.0,Precipitation_daily_sum
2022-05-03,0.0,Precipitation_daily_sum
2022-05-04,0.0,Precipitation_daily_sum
2022-05-05,0.0,Precipitation_daily_sum
2022-05-06,0.0,Precipitation_daily_sum
2022-05-07,0.0,Precipitation_daily_sum
2022-05-08,0.0,Precipitation_daily_sum
2022-05-09,0.0,Precipitation_daily_sum
2022-05-10,0.0,Precipitation_daily_sum
2022-05-11,0.0,Precipitation_daily_sum
2022-05-12,0.0,Precipitation_daily_sum
2022-05-13,0.0,Precipitation_daily_sum
2022-05-14,0.0,Precipitation_daily_sum
2022-05-15,0.0,Precipitation_daily_sum
2022-05-16,0.0,Precipitation_daily_sum
2022-05-17,0.0,Precipitation_daily_sum
2022-05-18,0.0,Precipitation_daily_sum
2022-05-19,6.1,Precipitation_daily_sum
2022-05-20,0.0,Precipitation_daily_sum
2022-05-21,1.5,Precipitation_daily_sum
2022-05-22,0.0,Precipitation_daily_sum
2022-05-23,0.0,Precipitation_daily_sum
2022-05-24,0.0,Precipitation_daily_sum
2022-05-25,0.0,Precipitation_daily_sum
2022-05-26,0.0,Precipitation_daily_sum
2022-05-27,0.0,Precipitation_daily_sum
2022-05-28,0.0,Precipitation_daily_sum
2022-05-29,0.0,Precipitation_daily_sum
2022-05-30,0.0,Precipitation_daily_sum
2022-05-31,0.0,Precipitation_daily_sum
2022-06-01,0.4,Precipitation_daily_sum
2022-06-02,28.1,Precipitation_daily_sum
2022-06-03,4.7,Precipitation_daily_sum
2022-06-04,0.8,Precipitation_daily_sum
2022-06-05,0.0,Precipitation_daily_sum
2022-06-06,0.0,Precipitation_daily_sum
2022-06-07,0.0,Precipitation_daily_sum
2022-06-08,0.0,Precipitation_daily_sum
2022-06-09,0.0,Precipitation_daily_sum
2022-06-10,0.0,Precipitation_daily_sum
2022-06-11,0.0,Precipitation_daily_sum
2022-06-12,0.0,Precipitation_daily_sum
2022-06-13,0.0,Precipitation_daily_sum
2022-06-14,0.0,Precipitation_daily_sum
2022-06-15,0.0,Precipitation_daily_sum
2022-06-16,0.0,Precipitation_daily_sum
2022-06-17,0.0,Precipitation_daily_sum
2022-06-18,0.0,Precipitation_daily_sum
2022-06-19,0.0,Precipitation_daily_sum
2022-06-20,0.0,Precipitation_daily_sum
2022-06-21,35.9,Precipitation_daily_sum
2022-06-22,28.5,Precipitation_daily_sum
2022-06-23,0.0,Precipitation_daily_sum
2022-06-24,0.0,Precipitation_daily_sum
2022-06-25,0.0,Precipitation_daily_sum
2022-06-26,2.5,Precipitation_daily_sum
2022-06-27,0.0,Precipitation_daily_sum
2022-06-28,0.0,Precipitation_daily_sum
2022-06-29,15.0,Precipitation_daily_sum
2022-06-30,13.5,Precipitation_daily_sum
2022-07-01,0.0,Precipitation_daily_sum
2022-07-02,0.0,Precipitation_daily_sum
2022-07-03,0.0,Precipitation_daily_sum
2022-07-04,0.0,Precipitation_daily_sum
2022-07-05,10.5,Precipitation_daily_sum
2022-07-06,0.0,Precipitation_daily_sum
2022-07-07,0.0,Precipitation_daily_sum
2022-07-08,44.5,Precipitation_daily_sum
2022-07-09,20.9,Precipitation_daily_sum
2022-07-10,0.0,Precipitation_daily_sum
2022-07-11,0.0,Precipitation_daily_sum
2022-07-12,36.7,Precipitation_daily_sum
2022-07-13,12.5,Precipitation_daily_sum
2022-07-14,14.2,Precipitation_daily_sum
2022-07-15,0.0,Precipitation_daily_sum
2022-07-16,0.0,Precipitation_daily_sum
2022-07-17,0.0,Precipitation_daily_sum
2022-07-18,0.0,Precipitation_daily_sum
2022-07-19,0.0,Precipitation_daily_sum
2022-07-20,0.0,Precipitation_daily_sum
2022-07-21,0.0,Precipitation_daily_sum
2022-07-22,0.0,Precipitation_daily_sum
2022-07-23,0.0,Precipitation_daily_sum
2022-07-24,0.0,Precipitation_daily_sum
2022-07-25,0.0,Precipitation_daily_sum
2022-07-26,0.0,Precipitation_daily_sum
2022-07-27,0.0,Precipitation_daily_sum
2022-07-28,0.0,Precipitation_daily_sum
2022-07-29,0.0,Precipitation_daily_sum
2022-07-30,0.0,Precipitation_daily_sum
2022-07-31,0.0,Precipitation_daily_sum
2022-08-01,0.0,Precipitation_daily_sum
2022-08-02,0.0,Precipitation_daily_sum
2022-08-03,0.0,Precipitation_daily_sum
2022-08-04,2.0,Precipitation_daily_sum
2022-08-05,22.5,Precipitation_daily_sum
2022-08-06,2.3,Precipitation_daily_sum
2022-08-07,0.0,Precipitation_daily_sum
2022-08-08,0.0,Precipitation_daily_sum
2022-08-09,0.0,Precipitation_daily_sum
2022-08-10,0.0,Precipitation_daily_sum
2022-08-11,0.0,Precipitation_daily_sum
2022-08-12,0.0,Precipitation_daily_sum
2022-08-13,8.6,Precipitation_daily_sum
2022-08-14,0.0,Precipitation_daily_sum
2022-08-15,1.1,Precipitation_daily_sum
2022-08-16,0.0,Precipitation_daily_sum
2022-08-17,0.0,Precipitation_daily_sum
2022-08-18,0.0,Precipitation_daily_sum
2022-08-19,0.0,Precipitation_daily_sum
2022-08-20,0.0,Precipitation_daily_sum
2022-08-21,0.0,Precipitation_daily_sum
2022-08-22,0.0,Precipitation_daily_sum
2022-08-23,0.0,Precipitation_daily_sum
2022-08-24,0.0,Precipitation_daily_sum
2022-08-25,0.0,Precipitation_daily_sum
2022-08-26,0.0,Precipitation_daily_sum
2022-08-27,0.0,Precipitation_daily_sum
2022-08-28,0.0,Precipitation_daily_sum
2022-08-29,0.0,Precipitation_daily_sum
2022-08-30,0.0,Precipitation_daily_sum
2022-08-31,0.0,Precipitation_daily_sum
2022-09-01,0.0,Precipitation_daily_sum
2022-09-02,0.0,Precipitation_daily_sum
2022-09-03,0.0,Precipitation_daily_sum
2022-09-04,0.0,Precipitation_daily_sum
2022-09-05,0.0,Precipitation_daily_sum
2022-09-06,10.3,Precipitation_daily_sum
2022-09-07,0.0,Precipitation_daily_sum
2022-09-08,0.0,Precipitation_daily_sum
2022-09-09,0.0,Precipitation_daily_sum
2022-09-10,0.0,Precipitation_daily_sum
2022-09-11,0.0,Precipitation_daily_sum
2022-09-12,0.0,Precipitation_daily_sum
2022-09-13,0.0,Precipitation_daily_sum
2022-09-14,0.0,Precipitation_daily_sum
2022-09-15,0.0,Precipitation_daily_sum
2022-09-16,2.2,Precipitation_daily_sum
2022-09-17,0.0,Precipitation_daily_sum
2022-09-18,0.0,Precipitation_daily_sum
2022-09-19,0.0,Precipitation_daily_sum
2022-09-20,0.0,Precipitation_daily_sum
2022-09-21,0.0,Precipitation_daily_sum
2022-09-22,0.0,Precipitation_daily_sum
2022-09-23,0.0,Precipitation_daily_sum
2022-09-24,0.0,Precipitation_daily_sum
2022-09-25,0.0,Precipitation_daily_sum
2022-09-26,0.0,Precipitation_daily_sum
2022-09-27,0.0,Precipitation_daily_sum
2022-09-28,0.0,Precipitation_daily_sum
2022-09-29,0.0,Precipitation_daily_sum
2022-09-30,0.0,Precipitation_daily_sum
2022-10-01,0.0,Precipitation_daily_sum
2022-10-02,0.0,Precipitation_daily_sum
2022-10-03,0.0,Precipitation_daily_sum
2022-10-04,0.0,Precipitation_daily_sum
2022-10-05,0.0,Precipitation_daily_sum
2022-10-06,0.0,Precipitation_daily_sum
2022-10-07,0.0,Precipitation_daily_sum
2022-10-08,0.0,Precipitation_daily_sum
2022-10-09,0.0,Precipitation_daily_sum
2022-10-10,0.0,Precipitation_daily_sum
2022-10-11,0.0,Precipitation_daily_sum
2022-10-12,0.0,Precipitation_daily_sum
2022-10-13,0.0,Precipitation_daily_sum
2022-10-14,0.0,Precipitation_daily_sum
2022-10-15,0.0,Precipitation_daily_sum
2022-10-16,0.0,Precipitation_daily_sum
2022-10-17,0.0,Precipitation_daily_sum
2022-10-18,0.0,Precipitation_daily_sum
2022-10-19,0.0,Precipitation_daily_sum
2022-10-20,0.0,Precipitation_daily_sum
2022-10-21,0.0,Precipitation_daily_sum
2022-10-22,0.0,Precipitation_daily_sum
2022-10-23,0.0,Precipitation_daily_sum
2022-10-24,0.0,Precipitation_daily_sum
2022-10-25,0.0,Precipitation_daily_sum
2022-10-26,0.0,Precipitation_daily_sum
2022-10-27,0.0,Precipitation_daily_sum
2022-10-28,0.0,Precipitation_daily_sum
2022-10-29,0.0,Precipitation_daily_sum
2022-10-30,0.0,Precipitation_daily_sum
2022-10-31,0.0,Precipitation_daily_sum
2022-11-01,0.0,Precipitation_daily_sum
2022-11-02,0.0,Precipitation_daily_sum
2022-11-03,0.0,Precipitation_daily_sum
2022-11-04,0.0,Precipitation_daily_sum
2022-11-05,0.0,Precipitation_daily_sum
2022-11-06,0.0,Precipitation_daily_sum
2022-11-07,0.0,Precipitation_daily_sum
2022-11-08,1.0,Precipitation_daily_sum
2022-11-09,0.0,Precipitation_daily_sum
2022-11-10,0.0,Precipitation_daily_sum
2022-11-11,1.8,Precipitation_daily_sum
2022-11-12,0.0,Precipitation_daily_sum
2022-11-13,0.0,Precipitation_daily_sum
2022-11-14,0.0,Precipitation_daily_sum
2022-11-15,0.0,Precipitation_daily_sum
2022-11-16,0.0,Precipitation_daily_sum
2022-11-17,0.0,Precipitation_daily_sum
2022-11-18,0.0,Precipitation_daily_sum
2022-11-19,0.0,Precipitation_daily_sum
2022-11-20,0.0,Precipitation_daily_sum
2022-11-21,0.0,Precipitation_daily_sum
2022-11-22,0.0,Precipitation_daily_sum
2022-11-23,0.0,Precipitation_daily_sum
2022-11-24,0.0,Precipitation_daily_sum
2022-11-25,0.0,Precipitation_daily_sum
2022-11-26,0.0,Precipitation_daily_sum
2022-11-27,0.0,Precipitation_daily_sum
2022-11-28,0.0,Precipitation_daily_sum
2022-11-29,0.0,Precipitation_daily_sum
2022-11-30,0.0,Precipitation_daily_sum
2022-12-01,0.0,Precipitation_daily_sum
2022-12-02,0.0,Precipitation_daily_sum
2022-12-03,0.0,Precipitation_daily_sum
2022-12-04,0.0,Precipitation_daily_sum
2022-12-05,0.0,Precipitation_daily_sum
2022-12-06,0.0,Precipitation_daily_sum
2022-12-07,0.0,Precipitation_daily_sum
2022-12-08,0.0,Precipitation_daily_sum
2022-12-09,0.0,Precipitation_daily_sum
2022-12-10,0.0,Precipitation_daily_sum
2022-12-11,0.0,Precipitation_daily_sum
2022-12-12,0.0,Precipitation_daily_sum
2022-12-13,0.0,Precipitation_daily_sum
2022-12-14,0.0,Precipitation_daily_sum
2022-12-15,0.0,Precipitation_daily_sum
2022-12-16,0.0,Precipitation_daily_sum
2022-12-17,0.0,Precipitation_daily_sum
2022-12-18,0.0,Precipitation_daily_sum
2022-12-19,0.0,Precipitation_daily_sum
2022-12-20,0.0,Precipitation_daily_sum
2022-12-21,0.0,Precipitation_daily_sum
2022-12-22,0.0,Precipitation_daily_sum
2022-12-23,0.0,Precipitation_daily_sum
2022-12-24,0.0,Precipitation_daily_sum
2022-12-25,0.0,Precipitation_daily_sum
2022-12-26,0.0,Precipitation_daily_sum
2022-12-27,0.0,Precipitation_daily_sum
2022-12-28,0.0,Precipitation_daily_sum
2022-12-29,0.0,Precipitation_daily_sum
2022-12-30,1.5,Precipitation_daily_sum
2022-12-31,0.0,Precipitation_daily_sum
2023-01-01,0.0,Precipitation_daily_sum
2023-01-02,0.0,Precipitation_daily_sum
2023-01-03,0.0,Precipitation_daily_sum
2023-01-04,0.0,Precipitation_daily_sum
2023-01-05,0.0,Precipitation_daily_sum
2023-01-06,0.0,Precipitation_daily_sum
2023-01-07,0.0,Precipitation_daily_sum
2023-01-08,0.0,Precipitation_daily_sum
2023-01-09,0.0,Precipitation_daily_sum
2023-01-10,0.0,Precipitation_daily_sum
2023-01-11,0.0,Precipitation_daily_sum
2023-01-12,0.0,Precipitation_daily_sum
2023-01-13,0.0,Precipitation_daily_sum
2023-01-14,0.0,Precipitation_daily_sum
2023-01-15,0.0,Precipitation_daily_sum
2023-01-16,0.0,Precipitation_daily_sum
2023-01-17,0.0,Precipitation_daily_sum
2023-01-18,0.0,Precipitation_daily_sum
2023-01-19,0.0,Precipitation_daily_sum
2023-01-20,0.0,Precipitation_daily_sum
2023-01-21,0.0,Precipitation_daily_sum
2023-01-22,0.0,Precipitation_daily_sum
2023-01-23,0.0,Precipitation_daily_sum
2023-01-24,0.0,Precipitation_daily_sum
2023-01-25,0.0,Precipitation_daily_sum
2023-01-26,0.0,Precipitation_daily_sum
2023-01-27,0.0,Precipitation_daily_sum
2023-01-28,0.0,Precipitation_daily_sum
2023-01-29,0.0,Precipitation_daily_sum
2023-01-30,0.0,Precipitation_daily_sum
2023-01-31,0.0,Precipitation_daily_sum
2023-02-01,0.0,Precipitation_daily_sum
2023-02-02,0.0,Precipitation_daily_sum
2023-02-03,0.0,Precipitation_daily_sum
2023-02-04,0.0,Precipitation_daily_sum
2023-02-05,0.0,Precipitation_daily_sum
2023-02-06,0.0,Precipitation_daily_sum
2023-02-07,0.0,Precipitation_daily_sum
2023-02-08,0.0,Precipitation_daily_sum
2023-02-09,0.0,Precipitation_daily_sum
2023-02-10,0.0,Precipitation_daily_sum
2023-02-11,0.0,Precipitation_daily_sum
2023-02-12,0.0,Precipitation_daily_sum
2023-02-13,0.0,Precipitation_daily_sum
2023-02-14,0.0,Precipitation_daily_sum
2023-02-15,0.0,Precipitation_daily_sum
2023-02-16,0.0,Precipitation_daily_sum
2023-02-17,0.0,Precipitation_daily_sum
2023-02-18,0.0,Precipitation_daily_sum
2023-02-19,0.0,Precipitation_daily_sum
2023-02-20,0.0,Precipitation_daily_sum
2023-02-21,0.0,Precipitation_daily_sum
2023-02-22,0.0,Precipitation_daily_sum
2023-02-23,0.0,Precipitation_daily_sum
2023-02-24,0.0,Precipitation_daily_sum
2023-02-25,0.0,Precipitation_daily_sum
2023-02-26,0.0,Precipitation_daily_sum
2023-02-27,0.0,Precipitation_daily_sum
2023-02-28,0.0,Precipitation_daily_sum
2023-03-01,0.0,Precipitation_daily_sum
2023-03-02,0.0,Precipitation_daily_sum
2023-03-03,0.0,Precipitation_daily_sum
2023-03-04,0.0,Precipitation_daily_sum
2023-03-05,0.0,Precipitation_daily_sum
2023-03-06,0.0,Precipitation_daily_sum
2023-03-07,0.0,Precipitation_daily_sum
2023-03-08,0.0,Precipitation_daily_sum
2023-03-09,0.0,Precipitation_daily_sum
2023-03-10,0.0,Precipitation_daily_sum
2023-03-11,0.0,Precipitation_daily_sum
2023-03-12,0.0,Precipitation_daily_sum
2023-03-13,0.0,Precipitation_daily_sum
2023-03-14,0.0,Precipitation_daily_sum
2023-03-15,0.0,Precipitation_daily_sum
2023-03-16,0.0,Precipitation_daily_sum
2023-03-17,0.0,Precipitation_daily_sum
2023-03-18,0.0,Precipitation_daily_sum
2023-03-19,0.0,Precipitation_daily_sum
2023-03-20,0.0,Precipitation_daily_sum
2023-03-21,0.0,Precipitation_daily_sum
2023-03-22,0.0,Precipitation_daily_sum
2023-03-23,0.0,Precipitation_daily_sum
2023-03-24,0.0,Precipitation_daily_sum
2023-03-25,0.0,Precipitation_daily_sum
2023-03-26,0.0,Precipitation_daily_sum
2023-03-27,0.0,Precipitation_daily_sum
2023-03-28,0.0,Precipitation_daily_sum
2023-03-29,0.0,Precipitation_daily_sum
2023-03-30,0.0,Precipitation_daily_sum
2023-03-31,0.0,Precipitation_daily_sum
2023-04-01,0.0,Precipitation_daily_sum
2023-04-02,0.0,Precipitation_daily_sum
2023-04-03,0.0,Precipitation_daily_sum
2023-04-04,0.0,Precipitation_daily_sum
2023-04-05,0.0,Precipitation_daily_sum
2023-04-06,0.0,Precipitation_daily_sum
2023-04-07,0.0,Precipitation_daily_sum
2023-04-08,0.0,Precipitation_daily_sum
2023-04-09,0.0,Precipitation_daily_sum
2023-04-10,0.0,Precipitation_daily_sum
2023-04-11,40.3,Precipitation_daily_sum
2023-04-12,14.9,Precipitation_daily_sum
2023-04-13,1.2,Precipitation_daily_sum
2023-04-14,0.0,Precipitation_daily_sum
2023-04-15,0.0,Precipitation_daily_sum
2023-04-16,0.0,Precipitation_daily_sum
2023-04-17,0.0,Precipitation_daily_sum
2023-04-18,0.0,Precipitation_daily_sum
2023-04-19,0.0,Precipitation_daily_sum
2023-04-20,0.0,Precipitation_daily_sum
2023-04-21,0.0,Precipitation_daily_sum
2023-04-22,0.0,Precipitation_daily_sum
2023-04-23,0.0,Precipitation_daily_sum
2023-04-24,0.0,Precipitation_daily_sum
2023-04-25,0.0,Precipitation_daily_sum
2023-04-26,0.0,Precipitation_daily_sum
2023-04-27,0.0,Precipitation_daily_sum
2023-04-28,0.0,Precipitation_daily_sum
2023-04-29,0.0,Precipitation_daily_sum
2023-04-30,0.0,Precipitation_daily_sum
2023-05-01,0.0,Precipitation_daily_sum
2023-05-02,0.0,Precipitation_daily_sum
2023-05-03,0.0,Precipitation_daily_sum
2023-05-04,53.8,Precipitation_daily_sum
2023-05-05,0.5,Precipitation_daily_sum
2023-05-06,0.7,Precipitation_daily_sum
2023-05-07,0.0,Precipitation_daily_sum
2023-05-08,0.0,Precipitation_daily_sum
2023-05-09,0.0,Precipitation_daily_sum
2023-05-10,0.0,Precipitation_daily_sum
2023-05-11,0.0,Precipitation_daily_sum
2023-05-12,0.0,Precipitation_daily_sum
2023-05-13,0.0,Precipitation_daily_sum
2023-05-14,0.0,Precipitation_daily_sum
2023-05-15,0.0,Precipitation_daily_sum
2023-05-16,3.5,Precipitation_daily_sum
2023-05-17,0.0,Precipitation_daily_sum
2023-05-18,0.0,Precipitation_daily_sum
2023-05-19,0.0,Precipitation_daily_sum
2023-05-20,0.0,Precipitation_daily_sum
2023-05-21,0.0,Precipitation_daily_sum
2023-05-22,10.5,Precipitation_daily_sum
2023-05-23,0.0,Precipitation_daily_sum
2023-05-24,0.0,Precipitation_daily_sum
2023-05-25,0.0,Precipitation_daily_sum
2023-05-26,0.0,Precipitation_daily_sum
2023-05-27,0.0,Precipitation_daily_sum
2023-05-28,0.0,Precipitation_daily_sum
2023-05-29,0.0,Precipitation_daily_sum
2023-05-30,0.0,Precipitation_daily_sum
2023-05-31,0.0,Precipitation_daily_sum
2023-06-01,0.0,Precipitation_daily_sum
2023-06-02,0.0,Precipitation_daily_sum
2023-06-03,19.0,Precipitation_daily_sum
2023-06-04,41.6,Precipitation_daily_sum
2023-06-05,19.0,Precipitation_daily_sum
2023-06-06,1.9,Precipitation_daily_sum
2023-06-07,3.3,Precipitation_daily_sum
2023-06-08,0.0,Precipitation_daily_sum
2023-06-09,0.0,Precipitation_daily_sum
2023-06-10,0.0,Precipitation_daily_sum
2023-06-11,0.0,Precipitation_daily_sum
2023-06-12,0.0,Precipitation_daily_sum
2023-06-13,0.0,Precipitation_daily_sum
2023-06-14,0.0,Precipitation_daily_sum
2023-06-15,0.0,Precipitation_daily_sum
2023-06-16,0.0,Precipitation_daily_sum
2023-06-17,0.0,Precipitation_daily_sum
2023-06-18,0.0,Precipitation_daily_sum
2023-06-19,2.0,Precipitation_daily_sum
2023-06-20,0.0,Precipitation_daily_sum
2023-06-21,0.0,Precipitation_daily_sum
2023-06-22,0.4,Precipitation_daily_sum
2023-06-23,33.5,Precipitation_daily_sum
2023-06-24,0.0,Precipitation_daily_sum
2023-06-25,0.0,Precipitation_daily_sum
2023-06-26,0.0,Precipitation_daily_sum
2023-06-27,0.0,Precipitation_daily_sum
2023-06-28,0.0,Precipitation_daily_sum
2023-06-29,0.0,Precipitation_daily_sum
2023-06-30,0.0,Precipitation_daily_sum
2023-07-01,0.0,Precipitation_daily_sum
2023-07-02,0.8,Precipitation_daily_sum
2023-07-03,35.3,Precipitation_daily_sum
2023-07-04,2.5,Precipitation_daily_sum
2023-07-05,0.0,Precipitation_daily_sum
2023-07-06,0.0,Precipitation_daily_sum
2023-07-07,0.0,Precipitation_daily_sum
2023-07-08,0.0,Precipitation_daily_sum
2023-07-09,0.0,Precipitation_daily_sum
2023-07-10,0.0,Precipitation_daily_sum
2023-07-11,0.0,Precipitation_daily_sum
2023-07-12,0.0,Precipitation_daily_sum
2023-07-13,0.0,Precipitation_daily_sum
2023-07-14,0.0,Precipitation_daily_sum
2023-07-15,0.0,Precipitation_daily_sum
2023-07-16,0.0,Precipitation_daily_sum
2023-07-17,4.4,Precipitation_daily_sum
2023-07-18,0.0,Precipitation_daily_sum
2023-07-19,0.0,Precipitation_daily_sum
2023-07-20,0.0,Precipitation_daily_sum
2023-07-21,33.1,Precipitation_daily_sum
2023-07-22,7.4,Precipitation_daily_sum
2023-07-23,0.0,Precipitation_daily_sum
2023-07-24,0.0,Precipitation_daily_sum
2023-07-25,0.0,Precipitation_daily_sum
2023-07-26,0.0,Precipitation_daily_sum
2023-07-27,7.0,Precipitation_daily_sum
2023-07-28,0.0,Precipitation_daily_sum
2023-07-29,12.9,Precipitation_daily_sum
2023-07-30,61.6,Precipitation_daily_sum
2023-07-31,52.5,Precipitation_daily_sum
2023-08-01,91.6,Precipitation_daily_sum
2023-08-02,0.0,Precipitation_daily_sum
2023-08-03,0.0,Precipitation_daily_sum
2023-08-04,0.0,Precipitation_daily_sum
2023-08-05,0.0,Precipitation_daily_sum
2023-08-06,0.0,Precipitation_daily_sum
2023-08-07,0.0,Precipitation_daily_sum
2023-08-08,0.0,Precipitation_daily_sum
2023-08-09,0.0,Precipitation_daily_sum
2023-08-10,0.0,Precipitation_daily_sum
2023-08-11,0.0,Precipitation_daily_sum
2023-08-12,0.0,Precipitation_daily_sum
2023-08-13,7.0,Precipitation_daily_sum
2023-08-14,5.6,Precipitation_daily_sum
2023-08-15,0.0,Precipitation_daily_sum
2023-08-16,0.0,Precipitation_daily_sum
2023-08-17,17.3,Precipitation_daily_sum
2023-08-18,0.0,Precipitation_daily_sum
2023-08-19,0.0,Precipitation_daily_sum
2023-08-20,0.0,Precipitation_daily_sum
2023-08-21,0.0,Precipitation_daily_sum
2023-08-22,0.0,Precipitation_daily_sum
2023-08-23,0.0,Precipitation_daily_sum
2023-08-24,0.0,Precipitation_daily_sum
2023-08-25,0.0,Precipitation_daily_sum
2023-08-26,0.0,Precipitation_daily_sum
2023-08-27,0.0,Precipitation_daily_sum
2023-08-28,0.0,Precipitation_daily_sum
2023-08-29,0.0,Precipitation_daily_sum
2023-08-30,0.0,Precipitation_daily_sum
2023-08-31,0.0,Precipitation_daily_sum
2023-09-01,0.0,Precipitation_daily_sum
2023-09-02,0.0,Precipitation_daily_sum
2023-09-03,0.0,Precipitation_daily_sum
2023-09-04,0.0,Precipitation_daily_sum
2023-09-05,0.0,Precipitation_daily_sum
2023-09-06,0.0,Precipitation_daily_sum
2023-09-07,0.0,Precipitation_daily_sum
2023-09-08,0.0,Precipitation_daily_sum
2023-09-09,0.0,Precipitation_daily_sum
2023-09-10,0.0,Precipitation_daily_sum
2023-09-11,0.0,Precipitation_daily_sum
2023-09-12,0.0,Precipitation_daily_sum
2023-09-13,0.0,Precipitation_daily_sum
2023-09-14,0.0,Precipitation_daily_sum
2023-09-15,0.0,Precipitation_daily_sum
2023-09-16,0.0,Precipitation_daily_sum
2023-09-17,0.0,Precipitation_daily_sum
2023-09-18,0.0,Precipitation_daily_sum
2023-09-19,0.0,Precipitation_daily_sum
2023-09-20,0.0,Precipitation_daily_sum
2023-09-21,0.0,Precipitation_daily_sum
2023-09-22,0.0,Precipitation_daily_sum
2023-09-23,0.0,Precipitation_daily_sum
2023-09-24,0.0,Precipitation_daily_sum
2023-09-25,0.0,Precipitation_daily_sum
2023-09-26,0.0,Precipitation_daily_sum
2023-09-27,0.0,Precipitation_daily_sum
2023-09-28,0.0,Precipitation_daily_sum
2023-09-29,0.0,Precipitation_daily_sum
2023-09-30,14.1,Precipitation_daily_sum
2023-10-01,19.0,Precipitation_daily_sum
2023-10-02,0.0,Precipitation_daily_sum
2023-10-03,0.0,Precipitation_daily_sum
2023-10-04,0.0,Precipitation_daily_sum
2023-10-05,0.0,Precipitation_daily_sum
2023-10-06,0.0,Precipitation_daily_sum
2023-10-07,0.0,Precipitation_daily_sum
2023-10-08,0.0,Precipitation_daily_sum
2023-10-09,0.0,Precipitation_daily_sum
2023-10-10,0.0,Precipitation_daily_sum
2023-10-11,0.0,Precipitation_daily_sum
2023-10-12,0.0,Precipitation_daily_sum
2023-10-13,8.8,Precipitation_daily_sum
2023-10-14,0.0,Precipitation_daily_sum
2023-10-15,0.0,Precipitation_daily_sum
2023-10-16,0.0,Precipitation_daily_sum
2023-10-17,0.0,Precipitation_daily_sum
2023-10-18,0.0,Precipitation_daily_sum
2023-10-19,0.0,Precipitation_daily_sum
2023-10-20,0.0,Precipitation_daily_sum
2023-10-21,0.0,Precipitation_daily_sum
2023-10-22,0.0,Precipitation_daily_sum
2023-10-23,0.0,Precipitation_daily_sum
2023-10-24,0.0,Precipitation_daily_sum
2023-10-25,0.0,Precipitation_daily_sum
2023-10-26,0.0,Precipitation_daily_sum
2023-10-27,0.0,Precipitation_daily_sum
2023-10-28,0.0,Precipitation_daily_sum
2023-10-29,0.0,Precipitation_daily_sum
2023-10-30,0.0,Precipitation_daily_sum
2023-10-31,0.0,Precipitation_daily_sum
2023-11-01,0.0,Precipitation_daily_sum
2023-11-02,0.0,Precipitation_daily_sum
2023-11-03,0.0,Precipitation_daily_sum
2023-11-04,0.0,Precipitation_daily_sum
2023-11-05,0.0,Precipitation_daily_sum
2023-11-06,0.0,Precipitation_daily_sum
2023-11-07,0.0,Precipitation_daily_sum
2023-11-08,0.0,Precipitation_daily_sum
2023-11-09,0.0,Precipitation_daily_sum
2023-11-10,0.0,Precipitation_daily_sum
2023-11-11,0.0,Precipitation_daily_sum
2023-11-12,0.0,Precipitation_daily_sum
2023-11-13,0.0,Precipitation_daily_sum
2023-11-14,0.0,Precipitation_daily_sum
2023-11-15,0.0,Precipitation_daily_sum
2023-11-16,0.0,Precipitation_daily_sum
2023-11-17,0.0,Precipitation_daily_sum
2023-11-18,0.0,Precipitation_daily_sum
2023-11-19,0.0,Precipitation_daily_sum
2023-11-20,0.0,Precipitation_daily_sum
2023-11-21,0.0,Precipitation_daily_sum
2023-11-22,0.0,Precipitation_daily_sum
2023-11-23,0.0,Precipitation_daily_sum
2023-11-24,0.0,Precipitation_daily_sum
2023-11-25,0.0,Precipitation_daily_sum
2023-11-26,0.0,Precipitation_daily_sum
2023-11-27,0.0,Precipitation_daily_sum
2023-11-28,0.0,Precipitation_daily_sum
2023-11-29,0.0,Precipitation_daily_sum
2023-11-30,0.0,Precipitation_daily_sum
2023-12-01,0.0,Precipitation_daily_sum
2023-12-02,0.0,Precipitation_daily_sum
2023-12-03,0.0,Precipitation_daily_sum
2023-12-04,0.0,Precipitation_daily_sum
2023-12-05,0.0,Precipitation_daily_sum
2023-12-06,0.0,Precipitation_daily_sum
2023-12-07,0.0,Precipitation_daily_sum
2023-12-08,0.0,Precipitation_daily_sum
2023-12-09,0.0,Precipitation_daily_sum
2023-12-10,0.0,Precipitation_daily_sum
2023-12-11,0.0,Precipitation_daily_sum
2023-12-12,0.0,Precipitation_daily_sum
2023-12-13,0.0,Precipitation_daily_sum
2023-12-14,0.0,Precipitation_daily_sum
2023-12-15,0.0,Precipitation_daily_sum
2023-12-16,0.0,Precipitation_daily_sum
2023-12-17,0.0,Precipitation_daily_sum
2023-12-18,0.0,Precipitation_daily_sum
2023-12-19,0.0,Precipitation_daily_sum
2023-12-20,0.0,Precipitation_daily_sum
2023-12-21,0.0,Precipitation_daily_sum
2023-12-22,0.0,Precipitation_daily_sum
2023-12-23,0.0,Precipitation_daily_sum
2023-12-24,0.0,Precipitation_daily_sum
2023-12-25,0.0,Precipitation_daily_sum
2023-12-26,0.0,Precipitation_daily_sum
2023-12-27,0.0,Precipitation_daily_sum
2023-12-28,0.0,Precipitation_daily_sum
2023-12-29,0.0,Precipitation_daily_sum
2023-12-30,0.0,Precipitation_daily_sum
2023-12-31,0.0,Precipitation_daily_sum
2024-01-01,0.0,Precipitation_daily_sum
2024-01-02,0.0,Precipitation_daily_sum
2024-01-03,0.0,Precipitation_daily_sum
2024-01-04,0.0,Precipitation_daily_sum
2024-01-05,0.0,Precipitation_daily_sum
2024-01-06,0.0,Precipitation_daily_sum
2024-01-07,0.0,Precipitation_daily_sum
2024-01-08,0.0,Precipitation_daily_sum
2024-01-09,0.0,Precipitation_daily_sum
2024-01-10,0.0,Precipitation_daily_sum
2024-01-11,0.0,Precipitation_daily_sum
2024-01-12,0.0,Precipitation_daily_sum
2024-01-13,0.0,Precipitation_daily_sum
2024-01-14,0.0,Precipitation_daily_sum
2024-01-15,0.0,Precipitation_daily_sum
2024-01-16,0.0,Precipitation_daily_sum
2024-01-17,0.0,Precipitation_daily_sum
2024-01-18,0.0,Precipitation_daily_sum
2024-01-19,0.0,Precipitation_daily_sum
2024-01-20,0.0,Precipitation_daily_sum
2024-01-21,0.0,Precipitation_daily_sum
2024-01-22,0.0,Precipitation_daily_sum
2024-01-23,0.0,Precipitation_daily_sum
2024-01-24,0.0,Precipitation_daily_sum
2024-01-25,0.0,Precipitation_daily_sum
2024-01-26,0.0,Precipitation_daily_sum
2024-01-27,0.0,Precipitation_daily_sum
2024-01-28,0.0,Precipitation_daily_sum
2024-01-29,0.0,Precipitation_daily_sum
2024-01-30,0.0,Precipitation_daily_sum
2024-01-31,0.0,Precipitation_daily_sum
2024-02-01,0.0,Precipitation_daily_sum
2024-02-02,0.0,Precipitation_daily_sum
2024-02-03,0.0,Precipitation_daily_sum
2024-02-04,0.0,Precipitation_daily_sum
2024-02-05,0.0,Precipitation_daily_sum
2024-02-06,0.0,Precipitation_daily_sum
2024-02-07,0.0,Precipitation_daily_sum
2024-02-08,0.0,Precipitation_daily_sum
2024-02-09,0.0,Precipitation_daily_sum
2024-02-10,0.0,Precipitation_daily_sum
2024-02-11,0.0,Precipitation_daily_sum
2024-02-12,0.0,Precipitation_daily_sum
2024-02-13,0.0,Precipitation_daily_sum
2024-02-14,0.0,Precipitation_daily_sum
2024-02-15,0.0,Precipitation_daily_sum
2024-02-16,0.0,Precipitation_daily_sum
2024-02-17,0.0,Precipitation_daily_sum
2024-02-18,0.0,Precipitation_daily_sum
2024-02-19,0.0,Precipitation_daily_sum
2024-02-20,0.0,Precipitation_daily_sum
2024-02-21,0.0,Precipitation_daily_sum
2024-02-22,0.0,Precipitation_daily_sum
2024-02-23,0.0,Precipitation_daily_sum
2024-02-24,0.0,Precipitation_daily_sum
2024-02-25,0.0,Precipitation_daily_sum
2024-02-26,0.0,Precipitation_daily_sum
2024-02-27,0.0,Precipitation_daily_sum
2024-02-28,0.0,Precipitation_daily_sum
2024-02-29,0.0,Precipitation_daily_sum
2024-03-01,0.0,Precipitation_daily_sum
2024-03-02,0.0,Precipitation_daily_sum
2024-03-03,0.0,Precipitation_daily_sum
2024-03-04,0.0,Precipitation_daily_sum
2024-03-05,0.0,Precipitation_daily_sum
2024-03-06,0.0,Precipitation_daily_sum
2024-03-07,0.0,Precipitation_daily_sum
2024-03-08,0.0,Precipitation_daily_sum
2024-03-09,0.0,Precipitation_daily_sum
2024-03-10,0.0,Precipitation_daily_sum
2024-03-11,0.0,Precipitation_daily_sum
2024-03-12,0.0,Precipitation_daily_sum
2024-03-13,0.0,Precipitation_daily_sum
2024-03-14,0.0,Precipitation_daily_sum
2024-03-15,0.0,Precipitation_daily_sum
2024-03-16,0.0,Precipitation_daily_sum
2024-03-17,0.0,Precipitation_daily_sum
2024-03-18,0.0,Precipitation_daily_sum
2024-03-19,0.0,Precipitation_daily_sum
2015-01-01,104.04875,Water_Level_daily_avg
2015-01-02,104.065,Water_Level_daily_avg
2015-01-03,104.07166666666666,Water_Level_daily_avg
2015-01-04,104.06541666666664,Water_Level_daily_avg
2015-01-05,104.07041666666667,Water_Level_daily_avg
2015-01-06,104.07583333333332,Water_Level_daily_avg
2015-01-07,104.08,Water_Level_daily_avg
2015-01-08,104.08916666666666,Water_Level_daily_avg
2015-01-09,104.08916666666666,Water_Level_daily_avg
2015-01-10,104.07625,Water_Level_daily_avg
2015-01-11,104.07083333333333,Water_Level_daily_avg
2015-01-12,104.07125,Water_Level_daily_avg
2015-01-13,104.08916666666666,Water_Level_daily_avg
2015-01-14,104.09791666666666,Water_Level_daily_avg
2015-01-15,104.09999999999998,Water_Level_daily_avg
2015-01-16,104.09999999999998,Water_Level_daily_avg
2015-01-17,104.09833333333331,Water_Level_daily_avg
2015-01-18,104.09999999999998,Water_Level_daily_avg
2015-01-19,104.11541666666666,Water_Level_daily_avg
2015-01-20,104.145,Water_Level_daily_avg
2015-01-21,104.16916666666668,Water_Level_daily_avg
2015-01-22,104.18625000000002,Water_Level_daily_avg
2015-01-23,104.20083333333334,Water_Level_daily_avg
2015-01-24,104.21666666666664,Water_Level_daily_avg
2015-01-25,104.22875,Water_Level_daily_avg
2015-01-26,104.2325,Water_Level_daily_avg
2015-01-27,104.20791666666666,Water_Level_daily_avg
2015-01-28,104.12208333333332,Water_Level_daily_avg
2015-01-29,104.05291666666666,Water_Level_daily_avg
2015-01-30,104.04,Water_Level_daily_avg
2015-01-31,104.04791666666668,Water_Level_daily_avg
2015-02-01,104.05541666666666,Water_Level_daily_avg
2015-02-02,104.0675,Water_Level_daily_avg
2015-02-03,104.08125,Water_Level_daily_avg
2015-02-04,104.08833333333332,Water_Level_daily_avg
2015-02-05,104.08666666666666,Water_Level_daily_avg
2015-02-06,104.07666666666668,Water_Level_daily_avg
2015-02-07,104.07,Water_Level_daily_avg
2015-02-08,104.07,Water_Level_daily_avg
2015-02-09,104.07458333333334,Water_Level_daily_avg
2015-02-10,104.08,Water_Level_daily_avg
2015-02-11,104.08,Water_Level_daily_avg
2015-02-12,104.08,Water_Level_daily_avg
2015-02-13,104.0775,Water_Level_daily_avg
2015-02-14,104.07,Water_Level_daily_avg
2015-02-15,104.06,Water_Level_daily_avg
2015-02-16,104.05791666666666,Water_Level_daily_avg
2015-02-17,104.05,Water_Level_daily_avg
2015-02-18,104.05,Water_Level_daily_avg
2015-02-19,104.045,Water_Level_daily_avg
2015-02-20,104.04,Water_Level_daily_avg
2015-02-21,104.04,Water_Level_daily_avg
2015-02-22,104.04,Water_Level_daily_avg
2015-02-23,104.05,Water_Level_daily_avg
2015-02-24,104.065,Water_Level_daily_avg
2015-02-25,104.07875,Water_Level_daily_avg
2015-02-26,104.08166666666666,Water_Level_daily_avg
2015-02-27,104.09791666666666,Water_Level_daily_avg
2015-02-28,104.10541666666666,Water_Level_daily_avg
2015-03-01,104.1225,Water_Level_daily_avg
2015-03-02,104.13375,Water_Level_daily_avg
2015-03-03,104.13583333333334,Water_Level_daily_avg
2015-03-04,104.0625,Water_Level_daily_avg
2015-03-05,103.98458333333332,Water_Level_daily_avg
2015-03-06,103.88291666666667,Water_Level_daily_avg
2015-03-07,103.76625,Water_Level_daily_avg
2015-03-08,103.75083333333332,Water_Level_daily_avg
2015-03-09,103.74041666666666,Water_Level_daily_avg
2015-03-10,103.63208333333334,Water_Level_daily_avg
2015-03-11,103.45791666666666,Water_Level_daily_avg
2015-03-12,103.31374999999998,Water_Level_daily_avg
2015-03-13,103.21041666666667,Water_Level_daily_avg
2015-03-14,103.135,Water_Level_daily_avg
2015-03-15,103.15416666666664,Water_Level_daily_avg
2015-03-16,103.155,Water_Level_daily_avg
2015-03-17,103.11875,Water_Level_daily_avg
2015-03-18,103.05833333333334,Water_Level_daily_avg
2015-03-19,102.92041666666668,Water_Level_daily_avg
2015-03-20,102.755,Water_Level_daily_avg
2015-03-21,102.68666666666668,Water_Level_daily_avg
2015-03-22,102.71,Water_Level_daily_avg
2015-03-23,102.63375,Water_Level_daily_avg
2015-03-24,102.50916666666666,Water_Level_daily_avg
2015-03-25,102.45041666666668,Water_Level_daily_avg
2015-03-26,102.39916666666666,Water_Level_daily_avg
2015-03-27,102.32833333333332,Water_Level_daily_avg
2015-03-28,102.26416666666668,Water_Level_daily_avg
2015-03-29,102.32,Water_Level_daily_avg
2015-03-30,102.39,Water_Level_daily_avg
2015-03-31,102.40458333333332,Water_Level_daily_avg
2015-04-01,102.29708333333332,Water_Level_daily_avg
2015-04-02,102.22,Water_Level_daily_avg
2015-04-03,102.23625,Water_Level_daily_avg
2015-04-04,102.30125,Water_Level_daily_avg
2015-04-05,102.36291666666666,Water_Level_daily_avg
2015-04-06,102.315,Water_Level_daily_avg
2015-04-07,102.09666666666668,Water_Level_daily_avg
2015-04-08,101.94875,Water_Level_daily_avg
2015-04-09,101.79291666666668,Water_Level_daily_avg
2015-04-10,101.57,Water_Level_daily_avg
2015-04-11,101.43791666666668,Water_Level_daily_avg
2015-04-12,101.45041666666668,Water_Level_daily_avg
2015-04-13,101.43708333333336,Water_Level_daily_avg
2015-04-14,101.46041666666667,Water_Level_daily_avg
2015-04-15,101.4825,Water_Level_daily_avg
2015-04-16,101.39958333333334,Water_Level_daily_avg
2015-04-17,101.26708333333332,Water_Level_daily_avg
2015-04-18,101.19041666666668,Water_Level_daily_avg
2015-04-19,101.18666666666668,Water_Level_daily_avg
2015-04-20,101.125,Water_Level_daily_avg
2015-04-21,101.09166666666664,Water_Level_daily_avg
2015-04-22,101.03333333333336,Water_Level_daily_avg
2015-04-23,100.84916666666668,Water_Level_daily_avg
2015-04-24,100.82208333333334,Water_Level_daily_avg
2015-04-25,100.85333333333334,Water_Level_daily_avg
2015-04-26,100.93833333333332,Water_Level_daily_avg
2015-04-27,100.99375,Water_Level_daily_avg
2015-04-28,100.97083333333336,Water_Level_daily_avg
2015-04-29,100.81458333333336,Water_Level_daily_avg
2015-04-30,100.58791666666669,Water_Level_daily_avg
2015-05-01,100.56416666666668,Water_Level_daily_avg
2015-05-02,100.66625,Water_Level_daily_avg
2015-05-03,100.76625,Water_Level_daily_avg
2015-05-04,100.87166666666668,Water_Level_daily_avg
2015-05-05,100.96833333333332,Water_Level_daily_avg
2015-05-06,101.06625,Water_Level_daily_avg
2015-05-07,101.15791666666668,Water_Level_daily_avg
2015-05-08,101.1775,Water_Level_daily_avg
2015-05-09,101.16166666666668,Water_Level_daily_avg
2015-05-10,101.24791666666664,Water_Level_daily_avg
2015-05-11,101.21458333333334,Water_Level_daily_avg
2015-05-12,100.90333333333332,Water_Level_daily_avg
2015-05-13,100.57666666666668,Water_Level_daily_avg
2015-05-14,100.49333333333334,Water_Level_daily_avg
2015-05-15,100.59666666666668,Water_Level_daily_avg
2015-05-16,100.69875,Water_Level_daily_avg
2015-05-17,100.78791666666666,Water_Level_daily_avg
2015-05-18,100.85791666666668,Water_Level_daily_avg
2015-05-19,100.92666666666668,Water_Level_daily_avg
2015-05-20,100.8875,Water_Level_daily_avg
2015-05-21,100.96,Water_Level_daily_avg
2015-05-22,101.11708333333333,Water_Level_daily_avg
2015-05-23,101.32208333333334,Water_Level_daily_avg
2015-05-24,101.48208333333334,Water_Level_daily_avg
2015-05-25,101.50041666666668,Water_Level_daily_avg
2015-05-26,101.15583333333332,Water_Level_daily_avg
2015-05-27,100.78916666666667,Water_Level_daily_avg
2015-05-28,100.56791666666668,Water_Level_daily_avg
2015-05-29,100.56291666666668,Water_Level_daily_avg
2015-05-30,100.7425,Water_Level_daily_avg
2015-05-31,100.91208333333331,Water_Level_daily_avg
2015-06-01,101.04375,Water_Level_daily_avg
2015-06-02,101.1825,Water_Level_daily_avg
2015-06-03,101.34708333333332,Water_Level_daily_avg
2015-06-04,101.49541666666666,Water_Level_daily_avg
2015-06-05,101.54125,Water_Level_daily_avg
2015-06-06,101.64041666666668,Water_Level_daily_avg
2015-06-07,101.79916666666666,Water_Level_daily_avg
2015-06-08,101.75708333333334,Water_Level_daily_avg
2015-06-09,101.63291666666667,Water_Level_daily_avg
2015-06-10,101.64833333333333,Water_Level_daily_avg
2015-06-11,101.62208333333332,Water_Level_daily_avg
2015-06-12,101.55833333333334,Water_Level_daily_avg
2015-06-13,101.48958333333331,Water_Level_daily_avg
2015-06-14,101.55375,Water_Level_daily_avg
2015-06-15,101.49875,Water_Level_daily_avg
2015-06-16,101.11208333333332,Water_Level_daily_avg
2015-06-17,100.805,Water_Level_daily_avg
2015-06-18,100.84958333333331,Water_Level_daily_avg
2015-06-19,100.94541666666667,Water_Level_daily_avg
2015-06-20,101.05666666666669,Water_Level_daily_avg
2015-06-21,101.18,Water_Level_daily_avg
2015-06-22,101.295,Water_Level_daily_avg
2015-06-23,101.40208333333334,Water_Level_daily_avg
2015-06-24,101.41416666666667,Water_Level_daily_avg
2015-06-25,101.37958333333334,Water_Level_daily_avg
2015-06-26,101.37375,Water_Level_daily_avg
2015-06-27,101.37958333333334,Water_Level_daily_avg
2015-06-28,101.46875,Water_Level_daily_avg
2015-06-29,101.56416666666668,Water_Level_daily_avg
2015-06-30,101.66041666666666,Water_Level_daily_avg
2015-07-01,101.57125,Water_Level_daily_avg
2015-07-02,101.37708333333336,Water_Level_daily_avg
2015-07-03,101.4375,Water_Level_daily_avg
2015-07-04,101.54166666666669,Water_Level_daily_avg
2015-07-05,101.64708333333334,Water_Level_daily_avg
2015-07-06,101.77916666666664,Water_Level_daily_avg
2015-07-07,101.91416666666667,Water_Level_daily_avg
2015-07-08,102.0125,Water_Level_daily_avg
2015-07-09,102.07083333333333,Water_Level_daily_avg
2015-07-10,102.15666666666668,Water_Level_daily_avg
2015-07-11,102.29541666666668,Water_Level_daily_avg
2015-07-12,102.47791666666666,Water_Level_daily_avg
2015-07-13,102.91041666666666,Water_Level_daily_avg
2015-07-14,103.24083333333334,Water_Level_daily_avg
2015-07-15,103.27875,Water_Level_daily_avg
2015-07-16,103.10041666666666,Water_Level_daily_avg
2015-07-17,102.79875,Water_Level_daily_avg
2015-07-18,102.70958333333334,Water_Level_daily_avg
2015-07-19,102.69333333333331,Water_Level_daily_avg
2015-07-20,102.53208333333332,Water_Level_daily_avg
2015-07-21,102.47291666666666,Water_Level_daily_avg
2015-07-22,102.25083333333332,Water_Level_daily_avg
2015-07-23,102.36208333333332,Water_Level_daily_avg
2015-07-24,102.48583333333332,Water_Level_daily_avg
2015-07-25,102.53583333333334,Water_Level_daily_avg
2015-07-26,102.59541666666668,Water_Level_daily_avg
2015-07-27,102.70166666666668,Water_Level_daily_avg
2015-07-28,102.82916666666668,Water_Level_daily_avg
2015-07-29,102.96708333333332,Water_Level_daily_avg
2015-07-30,103.09708333333332,Water_Level_daily_avg
2015-07-31,103.25833333333333,Water_Level_daily_avg
2015-08-01,103.4875,Water_Level_daily_avg
2015-08-02,103.59125,Water_Level_daily_avg
2015-08-03,103.82708333333332,Water_Level_daily_avg
2015-08-04,104.00666666666666,Water_Level_daily_avg
2015-08-05,103.60791666666668,Water_Level_daily_avg
2015-08-06,103.2025,Water_Level_daily_avg
2015-08-07,103.78916666666667,Water_Level_daily_avg
2015-08-08,104.44166666666666,Water_Level_daily_avg
2015-08-09,104.70125,Water_Level_daily_avg
2015-08-10,104.69291666666668,Water_Level_daily_avg
2015-08-11,104.60541666666668,Water_Level_daily_avg
2015-08-12,104.52958333333332,Water_Level_daily_avg
2015-08-13,104.50041666666668,Water_Level_daily_avg
2015-08-14,104.25208333333336,Water_Level_daily_avg
2015-08-15,103.83375,Water_Level_daily_avg
2015-08-16,103.4125,Water_Level_daily_avg
2015-08-17,103.04208333333332,Water_Level_daily_avg
2015-08-18,102.73333333333332,Water_Level_daily_avg
2015-08-19,102.58291666666666,Water_Level_daily_avg
2015-08-20,102.64208333333332,Water_Level_daily_avg
2015-08-21,102.72916666666669,Water_Level_daily_avg
2015-08-22,102.86541666666666,Water_Level_daily_avg
2015-08-23,103.17708333333331,Water_Level_daily_avg
2015-08-24,103.37416666666668,Water_Level_daily_avg
2015-08-25,103.43916666666668,Water_Level_daily_avg
2015-08-26,103.53875,Water_Level_daily_avg
2015-08-27,103.54333333333334,Water_Level_daily_avg
2015-08-28,103.50291666666668,Water_Level_daily_avg
2015-08-29,103.62041666666666,Water_Level_daily_avg
2015-08-30,103.88708333333334,Water_Level_daily_avg
2015-08-31,104.1075,Water_Level_daily_avg
2015-09-01,104.31125,Water_Level_daily_avg
2015-09-02,104.34375,Water_Level_daily_avg
2015-09-03,104.34375,Water_Level_daily_avg
2015-09-04,104.26166666666668,Water_Level_daily_avg
2015-09-05,104.34125,Water_Level_daily_avg
2015-09-06,104.53333333333336,Water_Level_daily_avg
2015-09-07,104.59708333333332,Water_Level_daily_avg
2015-09-08,104.48125,Water_Level_daily_avg
2015-09-09,104.45625,Water_Level_daily_avg
2015-09-10,104.22375,Water_Level_daily_avg
2015-09-11,104.1125,Water_Level_daily_avg
2015-09-12,104.19833333333334,Water_Level_daily_avg
2015-09-13,104.11083333333332,Water_Level_daily_avg
2015-09-14,103.95375,Water_Level_daily_avg
2015-09-15,103.725,Water_Level_daily_avg
2015-09-16,103.56458333333336,Water_Level_daily_avg
2015-09-17,103.53041666666668,Water_Level_daily_avg
2015-09-18,103.64708333333334,Water_Level_daily_avg
2015-09-19,103.82,Water_Level_daily_avg
2015-09-20,103.99708333333332,Water_Level_daily_avg
2015-09-21,104.07625,Water_Level_daily_avg
2015-09-22,103.94625,Water_Level_daily_avg
2015-09-23,103.96916666666668,Water_Level_daily_avg
2015-09-24,103.90666666666664,Water_Level_daily_avg
2015-09-25,103.82666666666668,Water_Level_daily_avg
2015-09-26,104.03,Water_Level_daily_avg
2015-09-27,104.19375,Water_Level_daily_avg
2015-09-28,104.30375,Water_Level_daily_avg
2015-09-29,104.425,Water_Level_daily_avg
2015-09-30,104.54833333333332,Water_Level_daily_avg
2015-10-01,104.59333333333332,Water_Level_daily_avg
2015-10-02,104.51958333333332,Water_Level_daily_avg
2015-10-03,104.55083333333332,Water_Level_daily_avg
2015-10-04,104.59333333333332,Water_Level_daily_avg
2015-10-05,104.6375,Water_Level_daily_avg
2015-10-06,104.46750000000002,Water_Level_daily_avg
2015-10-07,104.48916666666668,Water_Level_daily_avg
2015-10-08,104.55333333333334,Water_Level_daily_avg
2015-10-09,104.645,Water_Level_daily_avg
2015-10-10,104.48291666666668,Water_Level_daily_avg
2015-10-11,104.40916666666668,Water_Level_daily_avg
2015-10-12,104.3325,Water_Level_daily_avg
2015-10-13,104.09291666666668,Water_Level_daily_avg
2015-10-14,103.83333333333331,Water_Level_daily_avg
2015-10-15,103.7,Water_Level_daily_avg
2015-10-16,103.72791666666666,Water_Level_daily_avg
2015-10-17,103.87333333333332,Water_Level_daily_avg
2015-10-18,104.09791666666666,Water_Level_daily_avg
2015-10-19,104.2625,Water_Level_daily_avg
2015-10-20,104.26458333333332,Water_Level_daily_avg
2015-10-21,104.39625,Water_Level_daily_avg
2015-10-22,104.48583333333332,Water_Level_daily_avg
2015-10-23,104.48125,Water_Level_daily_avg
2015-10-24,104.47,Water_Level_daily_avg
2015-10-25,104.5725,Water_Level_daily_avg
2015-10-26,104.62875,Water_Level_daily_avg
2015-10-27,104.46875,Water_Level_daily_avg
2015-10-28,104.31541666666668,Water_Level_daily_avg
2015-10-29,104.16708333333332,Water_Level_daily_avg
2015-10-30,104.02958333333332,Water_Level_daily_avg
2015-10-31,104.05583333333334,Water_Level_daily_avg
2015-11-01,104.26666666666668,Water_Level_daily_avg
2015-11-02,104.26625,Water_Level_daily_avg
2015-11-03,104.01375,Water_Level_daily_avg
2015-11-04,103.84916666666668,Water_Level_daily_avg
2015-11-05,103.91125,Water_Level_daily_avg
2015-11-06,103.94708333333334,Water_Level_daily_avg
2015-11-07,104.08666666666666,Water_Level_daily_avg
2015-11-08,104.29458333333334,Water_Level_daily_avg
2015-11-09,104.41458333333333,Water_Level_daily_avg
2015-11-10,104.3425,Water_Level_daily_avg
2015-11-11,104.305,Water_Level_daily_avg
2015-11-12,104.32916666666668,Water_Level_daily_avg
2015-11-13,104.42125,Water_Level_daily_avg
2015-11-14,104.405,Water_Level_daily_avg
2015-11-15,104.41708333333334,Water_Level_daily_avg
2015-11-16,104.43625,Water_Level_daily_avg
2015-11-17,104.37916666666666,Water_Level_daily_avg
2015-11-18,104.325,Water_Level_daily_avg
2015-11-19,104.21916666666668,Water_Level_daily_avg
2015-11-20,104.08666666666666,Water_Level_daily_avg
2015-11-21,104.01333333333334,Water_Level_daily_avg
2015-11-22,103.99666666666668,Water_Level_daily_avg
2015-11-23,104.06625,Water_Level_daily_avg
2015-11-24,104.07958333333332,Water_Level_daily_avg
2015-11-25,104.05291666666666,Water_Level_daily_avg
2015-11-26,104.05291666666666,Water_Level_daily_avg
2015-11-27,104.06166666666668,Water_Level_daily_avg
2015-11-28,104.07458333333334,Water_Level_daily_avg
2015-11-29,104.08,Water_Level_daily_avg
2015-11-30,104.04041666666666,Water_Level_daily_avg
2015-12-01,104.045,Water_Level_daily_avg
2015-12-02,104.10916666666668,Water_Level_daily_avg
2015-12-03,104.21375,Water_Level_daily_avg
2015-12-04,104.26666666666668,Water_Level_daily_avg
2015-12-05,104.31541666666668,Water_Level_daily_avg
2015-12-06,104.36,Water_Level_daily_avg
2015-12-07,104.4575,Water_Level_daily_avg
2015-12-08,104.60291666666666,Water_Level_daily_avg
2015-12-09,104.52375,Water_Level_daily_avg
2015-12-10,104.35041666666666,Water_Level_daily_avg
2015-12-11,104.17333333333332,Water_Level_daily_avg
2015-12-12,104.14375,Water_Level_daily_avg
2015-12-13,104.32666666666668,Water_Level_daily_avg
2015-12-14,104.49333333333334,Water_Level_daily_avg
2015-12-15,104.48916666666666,Water_Level_daily_avg
2015-12-16,104.32,Water_Level_daily_avg
2015-12-17,104.32041666666667,Water_Level_daily_avg
2015-12-18,104.37416666666668,Water_Level_daily_avg
2015-12-19,104.26833333333332,Water_Level_daily_avg
2015-12-20,104.24458333333332,Water_Level_daily_avg
2015-12-21,104.40166666666666,Water_Level_daily_avg
2015-12-22,104.54,Water_Level_daily_avg
2015-12-23,104.53583333333334,Water_Level_daily_avg
2015-12-24,104.455,Water_Level_daily_avg
2015-12-25,104.35916666666668,Water_Level_daily_avg
2015-12-26,104.4275,Water_Level_daily_avg
2015-12-27,104.51583333333332,Water_Level_daily_avg
2015-12-28,104.57625,Water_Level_daily_avg
2015-12-29,104.3875,Water_Level_daily_avg
2015-12-30,104.17708333333331,Water_Level_daily_avg
2015-12-31,104.19583333333333,Water_Level_daily_avg
2016-01-01,104.35208333333333,Water_Level_daily_avg
2016-01-02,104.50958333333334,Water_Level_daily_avg
2016-01-03,104.47541666666666,Water_Level_daily_avg
2016-01-04,104.41791666666668,Water_Level_daily_avg
2016-01-05,104.23375,Water_Level_daily_avg
2016-01-06,104.07375,Water_Level_daily_avg
2016-01-07,104.03125,Water_Level_daily_avg
2016-01-08,104.02958333333332,Water_Level_daily_avg
2016-01-09,104.09541666666668,Water_Level_daily_avg
2016-01-10,104.15416666666664,Water_Level_daily_avg
2016-01-11,104.21958333333332,Water_Level_daily_avg
2016-01-12,104.32958333333332,Water_Level_daily_avg
2016-01-13,104.37375,Water_Level_daily_avg
2016-01-14,104.28541666666666,Water_Level_daily_avg
2016-01-15,104.28291666666668,Water_Level_daily_avg
2016-01-16,104.33166666666666,Water_Level_daily_avg
2016-01-17,104.36875,Water_Level_daily_avg
2016-01-18,104.31791666666668,Water_Level_daily_avg
2016-01-19,104.13708333333334,Water_Level_daily_avg
2016-01-20,104.10083333333334,Water_Level_daily_avg
2016-01-21,104.14958333333334,Water_Level_daily_avg
2016-01-22,104.17416666666666,Water_Level_daily_avg
2016-01-23,104.23208333333334,Water_Level_daily_avg
2016-01-24,104.36041666666668,Water_Level_daily_avg
2016-01-25,104.52,Water_Level_daily_avg
2016-01-26,104.50916666666666,Water_Level_daily_avg
2016-01-27,104.51208333333334,Water_Level_daily_avg
2016-01-28,104.52083333333331,Water_Level_daily_avg
2016-01-29,104.53208333333332,Water_Level_daily_avg
2016-01-30,104.50458333333334,Water_Level_daily_avg
2016-01-31,104.43041666666666,Water_Level_daily_avg
2016-02-01,104.29333333333334,Water_Level_daily_avg
2016-02-02,104.17125,Water_Level_daily_avg
2016-02-03,104.18375,Water_Level_daily_avg
2016-02-04,104.17833333333334,Water_Level_daily_avg
2016-02-05,104.15208333333334,Water_Level_daily_avg
2016-02-06,104.15916666666668,Water_Level_daily_avg
2016-02-07,104.18875,Water_Level_daily_avg
2016-02-08,104.23,Water_Level_daily_avg
2016-02-09,104.19833333333334,Water_Level_daily_avg
2016-02-10,104.08375,Water_Level_daily_avg
2016-02-11,104.09916666666668,Water_Level_daily_avg
2016-02-12,104.11916666666669,Water_Level_daily_avg
2016-02-13,104.14708333333334,Water_Level_daily_avg
2016-02-14,104.18583333333332,Water_Level_daily_avg
2016-02-15,104.175,Water_Level_daily_avg
2016-02-16,104.09083333333332,Water_Level_daily_avg
2016-02-17,104.12375,Water_Level_daily_avg
2016-02-18,104.08,Water_Level_daily_avg
2016-02-19,104.06125,Water_Level_daily_avg
2016-02-20,104.05833333333334,Water_Level_daily_avg
2016-02-21,104.08208333333332,Water_Level_daily_avg
2016-02-22,104.07583333333334,Water_Level_daily_avg
2016-02-23,104.01708333333332,Water_Level_daily_avg
2016-02-24,104.04625,Water_Level_daily_avg
2016-02-25,104.06166666666668,Water_Level_daily_avg
2016-02-26,104.06708333333331,Water_Level_daily_avg
2016-02-27,104.055,Water_Level_daily_avg
2016-02-28,104.08583333333333,Water_Level_daily_avg
2016-02-29,104.09666666666664,Water_Level_daily_avg
2016-03-01,104.05541666666666,Water_Level_daily_avg
2016-03-02,103.94583333333333,Water_Level_daily_avg
2016-03-03,103.8875,Water_Level_daily_avg
2016-03-04,103.81833333333331,Water_Level_daily_avg
2016-03-05,103.75833333333333,Water_Level_daily_avg
2016-03-06,103.78166666666668,Water_Level_daily_avg
2016-03-07,103.7825,Water_Level_daily_avg
2016-03-08,103.71333333333332,Water_Level_daily_avg
2016-03-09,103.57166666666666,Water_Level_daily_avg
2016-03-10,103.38375,Water_Level_daily_avg
2016-03-11,103.34583333333332,Water_Level_daily_avg
2016-03-12,103.31166666666668,Water_Level_daily_avg
2016-03-13,103.2875,Water_Level_daily_avg
2016-03-14,103.27083333333331,Water_Level_daily_avg
2016-03-15,103.18708333333332,Water_Level_daily_avg
2016-03-16,103.1025,Water_Level_daily_avg
2016-03-17,103.01125,Water_Level_daily_avg
2016-03-18,102.99833333333332,Water_Level_daily_avg
2016-03-19,102.96708333333332,Water_Level_daily_avg
2016-03-20,102.97166666666668,Water_Level_daily_avg
2016-03-21,102.96291666666669,Water_Level_daily_avg
2016-03-22,102.79875,Water_Level_daily_avg
2016-03-23,102.60833333333332,Water_Level_daily_avg
2016-03-24,102.5,Water_Level_daily_avg
2016-03-25,102.42291666666668,Water_Level_daily_avg
2016-03-26,102.46916666666664,Water_Level_daily_avg
2016-03-27,102.52166666666666,Water_Level_daily_avg
2016-03-28,102.46541666666668,Water_Level_daily_avg
2016-03-29,102.32708333333332,Water_Level_daily_avg
2016-03-30,102.24083333333331,Water_Level_daily_avg
2016-03-31,102.15208333333334,Water_Level_daily_avg
2016-04-01,102.04916666666666,Water_Level_daily_avg
2016-04-02,102.01125,Water_Level_daily_avg
2016-04-03,102.02833333333336,Water_Level_daily_avg
2016-04-04,102.05541666666666,Water_Level_daily_avg
2016-04-05,101.95583333333332,Water_Level_daily_avg
2016-04-06,101.71083333333333,Water_Level_daily_avg
2016-04-07,101.64666666666666,Water_Level_daily_avg
2016-04-08,101.59291666666668,Water_Level_daily_avg
2016-04-09,101.6125,Water_Level_daily_avg
2016-04-10,101.70333333333332,Water_Level_daily_avg
2016-04-11,101.71458333333334,Water_Level_daily_avg
2016-04-12,101.70958333333331,Water_Level_daily_avg
2016-04-13,101.66083333333334,Water_Level_daily_avg
2016-04-14,101.49541666666666,Water_Level_daily_avg
2016-04-15,101.49791666666664,Water_Level_daily_avg
2016-04-16,102.36291666666666,Water_Level_daily_avg
2016-04-17,103.87791666666668,Water_Level_daily_avg
2016-04-18,104.48458333333332,Water_Level_daily_avg
2016-04-19,104.61791666666666,Water_Level_daily_avg
2016-04-20,104.54416666666668,Water_Level_daily_avg
2016-04-21,104.29541666666668,Water_Level_daily_avg
2016-04-22,103.95291666666668,Water_Level_daily_avg
2016-04-23,103.54166666666669,Water_Level_daily_avg
2016-04-24,103.48333333333332,Water_Level_daily_avg
2016-04-25,103.625,Water_Level_daily_avg
2016-04-26,103.48458333333332,Water_Level_daily_avg
2016-04-27,103.16541666666666,Water_Level_daily_avg
2016-04-28,102.69166666666666,Water_Level_daily_avg
2016-04-29,102.21291666666669,Water_Level_daily_avg
2016-04-30,102.21083333333333,Water_Level_daily_avg
2016-05-01,102.66916666666668,Water_Level_daily_avg
2016-05-02,102.98791666666666,Water_Level_daily_avg
2016-05-03,103.32791666666668,Water_Level_daily_avg
2016-05-04,103.49291666666666,Water_Level_daily_avg
2016-05-05,103.53875,Water_Level_daily_avg
2016-05-06,103.48208333333334,Water_Level_daily_avg
2016-05-07,103.48833333333332,Water_Level_daily_avg
2016-05-08,103.51083333333334,Water_Level_daily_avg
2016-05-09,103.46375,Water_Level_daily_avg
2016-05-10,103.33125,Water_Level_daily_avg
2016-05-11,103.195,Water_Level_daily_avg
2016-05-12,103.01833333333332,Water_Level_daily_avg
2016-05-13,102.88416666666666,Water_Level_daily_avg
2016-05-14,103.03166666666668,Water_Level_daily_avg
2016-05-15,107.60208333333333,Water_Level_daily_avg
2016-05-16,103.55083333333332,Water_Level_daily_avg
2016-05-17,103.5725,Water_Level_daily_avg
2016-05-18,103.48208333333334,Water_Level_daily_avg
2016-05-19,103.3025,Water_Level_daily_avg
2016-05-20,103.10125,Water_Level_daily_avg
2016-05-21,102.96083333333333,Water_Level_daily_avg
2016-05-22,103.015,Water_Level_daily_avg
2016-05-23,102.81666666666666,Water_Level_daily_avg
2016-05-24,102.32791666666668,Water_Level_daily_avg
2016-05-25,101.88208333333334,Water_Level_daily_avg
2016-05-26,101.59,Water_Level_daily_avg
2016-05-27,101.5125,Water_Level_daily_avg
2016-05-28,101.82083333333333,Water_Level_daily_avg
2016-05-29,102.13333333333333,Water_Level_daily_avg
2016-05-30,102.36166666666666,Water_Level_daily_avg
2016-05-31,102.63,Water_Level_daily_avg
2016-06-01,102.67458333333332,Water_Level_daily_avg
2016-06-02,102.5925,Water_Level_daily_avg
2016-06-03,102.2875,Water_Level_daily_avg
2016-06-04,101.91583333333334,Water_Level_daily_avg
2016-06-05,101.97166666666668,Water_Level_daily_avg
2016-06-06,101.92208333333332,Water_Level_daily_avg
2016-06-07,101.61916666666669,Water_Level_daily_avg
2016-06-08,101.16708333333332,Water_Level_daily_avg
2016-06-09,101.12375,Water_Level_daily_avg
2016-06-10,101.29291666666666,Water_Level_daily_avg
2016-06-11,101.33875,Water_Level_daily_avg
2016-06-12,101.5025,Water_Level_daily_avg
2016-06-13,101.71208333333334,Water_Level_daily_avg
2016-06-14,102.01208333333334,Water_Level_daily_avg
2016-06-15,102.48291666666668,Water_Level_daily_avg
2016-06-16,102.78916666666667,Water_Level_daily_avg
2016-06-17,102.74625,Water_Level_daily_avg
2016-06-18,102.42416666666666,Water_Level_daily_avg
2016-06-19,102.28833333333334,Water_Level_daily_avg
2016-06-20,102.09125,Water_Level_daily_avg
2016-06-21,101.655,Water_Level_daily_avg
2016-06-22,101.60291666666666,Water_Level_daily_avg
2016-06-23,101.75666666666666,Water_Level_daily_avg
2016-06-24,101.83666666666666,Water_Level_daily_avg
2016-06-25,101.96208333333334,Water_Level_daily_avg
2016-06-26,102.1175,Water_Level_daily_avg
2016-06-27,102.22791666666666,Water_Level_daily_avg
2016-06-28,102.29875,Water_Level_daily_avg
2016-06-29,102.20625,Water_Level_daily_avg
2016-06-30,102.195,Water_Level_daily_avg
2016-07-01,102.34,Water_Level_daily_avg
2016-07-02,102.57625,Water_Level_daily_avg
2016-07-03,102.72291666666666,Water_Level_daily_avg
2016-07-04,102.67,Water_Level_daily_avg
2016-07-05,102.68291666666666,Water_Level_daily_avg
2016-07-06,102.76083333333334,Water_Level_daily_avg
2016-07-07,102.78,Water_Level_daily_avg
2016-07-08,102.59458333333332,Water_Level_daily_avg
2016-07-09,102.37666666666668,Water_Level_daily_avg
2016-07-10,102.3675,Water_Level_daily_avg
2016-07-11,102.25124999999998,Water_Level_daily_avg
2016-07-12,102.03291666666668,Water_Level_daily_avg
2016-07-13,101.82333333333334,Water_Level_daily_avg
2016-07-14,102.19625,Water_Level_daily_avg
2016-07-15,102.77625,Water_Level_daily_avg
2016-07-16,103.04875,Water_Level_daily_avg
2016-07-17,103.17875,Water_Level_daily_avg
2016-07-18,102.84208333333332,Water_Level_daily_avg
2016-07-19,102.35083333333334,Water_Level_daily_avg
2016-07-20,102.01625,Water_Level_daily_avg
2016-07-21,102.19666666666666,Water_Level_daily_avg
2016-07-22,102.42791666666666,Water_Level_daily_avg
2016-07-23,102.68375,Water_Level_daily_avg
2016-07-24,102.99166666666667,Water_Level_daily_avg
2016-07-25,103.48083333333334,Water_Level_daily_avg
2016-07-26,104.02166666666666,Water_Level_daily_avg
2016-07-27,104.06291666666664,Water_Level_daily_avg
2016-07-28,103.80291666666666,Water_Level_daily_avg
2016-07-29,103.36333333333332,Water_Level_daily_avg
2016-07-30,102.86083333333332,Water_Level_daily_avg
2016-07-31,102.47458333333331,Water_Level_daily_avg
2016-08-01,102.21458333333334,Water_Level_daily_avg
2016-08-02,102.33,Water_Level_daily_avg
2016-08-03,102.33041666666666,Water_Level_daily_avg
2016-08-04,102.26666666666668,Water_Level_daily_avg
2016-08-05,102.1925,Water_Level_daily_avg
2016-08-06,102.14208333333332,Water_Level_daily_avg
2016-08-07,102.41666666666669,Water_Level_daily_avg
2016-08-08,102.44958333333334,Water_Level_daily_avg
2016-08-09,101.87375,Water_Level_daily_avg
2016-08-10,101.15833333333336,Water_Level_daily_avg
2016-08-11,101.28916666666667,Water_Level_daily_avg
2016-08-12,101.50708333333334,Water_Level_daily_avg
2016-08-13,101.69458333333334,Water_Level_daily_avg
2016-08-14,101.99833333333332,Water_Level_daily_avg
2016-08-15,102.26208333333334,Water_Level_daily_avg
2016-08-16,102.535,Water_Level_daily_avg
2016-08-17,102.9,Water_Level_daily_avg
2016-08-18,103.175,Water_Level_daily_avg
2016-08-19,103.315,Water_Level_daily_avg
2016-08-20,103.40833333333336,Water_Level_daily_avg
2016-08-21,103.4425,Water_Level_daily_avg
2016-08-22,103.37916666666666,Water_Level_daily_avg
2016-08-23,103.20291666666668,Water_Level_daily_avg
2016-08-24,103.2125,Water_Level_daily_avg
2016-08-25,103.40500000000002,Water_Level_daily_avg
2016-08-26,103.45375,Water_Level_daily_avg
2016-08-27,103.39791666666667,Water_Level_daily_avg
2016-08-28,103.46791666666668,Water_Level_daily_avg
2016-08-29,103.46333333333332,Water_Level_daily_avg
2016-08-30,103.3425,Water_Level_daily_avg
2016-08-31,103.29583333333332,Water_Level_daily_avg
2016-09-01,103.24916666666668,Water_Level_daily_avg
2016-09-02,103.31083333333332,Water_Level_daily_avg
2016-09-03,103.35541666666666,Water_Level_daily_avg
2016-09-04,103.39041666666668,Water_Level_daily_avg
2016-09-05,103.41166666666668,Water_Level_daily_avg
2016-09-06,103.50291666666668,Water_Level_daily_avg
2016-09-07,103.57916666666668,Water_Level_daily_avg
2016-09-08,103.65791666666668,Water_Level_daily_avg
2016-09-09,103.70958333333334,Water_Level_daily_avg
2016-09-10,103.71375,Water_Level_daily_avg
2016-09-11,103.7875,Water_Level_daily_avg
2016-09-12,103.84083333333332,Water_Level_daily_avg
2016-09-13,103.89291666666666,Water_Level_daily_avg
2016-09-14,103.955,Water_Level_daily_avg
2016-09-15,104.01833333333332,Water_Level_daily_avg
2016-09-16,104.01,Water_Level_daily_avg
2016-09-17,103.99791666666664,Water_Level_daily_avg
2016-09-18,104.03583333333334,Water_Level_daily_avg
2016-09-19,104.04375,Water_Level_daily_avg
2016-09-20,103.97416666666668,Water_Level_daily_avg
2016-09-21,103.78541666666666,Water_Level_daily_avg
2016-09-22,103.71583333333332,Water_Level_daily_avg
2016-09-23,103.70041666666668,Water_Level_daily_avg
2016-09-24,103.70875,Water_Level_daily_avg
2016-09-25,103.73625,Water_Level_daily_avg
2016-09-26,103.76375,Water_Level_daily_avg
2016-09-27,103.79166666666669,Water_Level_daily_avg
2016-09-28,103.80083333333332,Water_Level_daily_avg
2016-09-29,103.78875,Water_Level_daily_avg
2016-09-30,103.79458333333334,Water_Level_daily_avg
2016-10-01,103.81458333333336,Water_Level_daily_avg
2016-10-02,103.855,Water_Level_daily_avg
2016-10-03,103.8625,Water_Level_daily_avg
2016-10-04,103.79833333333332,Water_Level_daily_avg
2016-10-05,103.75416666666666,Water_Level_daily_avg
2016-10-06,103.69625,Water_Level_daily_avg
2016-10-07,103.67416666666666,Water_Level_daily_avg
2016-10-08,103.69458333333334,Water_Level_daily_avg
2016-10-09,103.68666666666668,Water_Level_daily_avg
2016-10-10,103.66,Water_Level_daily_avg
2016-10-11,103.68416666666668,Water_Level_daily_avg
2016-10-12,103.71666666666664,Water_Level_daily_avg
2016-10-13,103.75583333333331,Water_Level_daily_avg
2016-10-14,103.7875,Water_Level_daily_avg
2016-10-15,103.82583333333334,Water_Level_daily_avg
2016-10-16,103.89916666666666,Water_Level_daily_avg
2016-10-17,104.02625,Water_Level_daily_avg
2016-10-18,104.08541666666667,Water_Level_daily_avg
2016-10-19,104.16041666666666,Water_Level_daily_avg
2016-10-20,104.20083333333334,Water_Level_daily_avg
2016-10-21,104.27083333333331,Water_Level_daily_avg
2016-10-22,104.27708333333334,Water_Level_daily_avg
2016-10-23,104.275,Water_Level_daily_avg
2016-10-24,104.32375,Water_Level_daily_avg
2016-10-25,104.34666666666664,Water_Level_daily_avg
2016-10-26,104.2775,Water_Level_daily_avg
2016-10-27,104.22541666666666,Water_Level_daily_avg
2016-10-28,104.1425,Water_Level_daily_avg
2016-10-29,104.00791666666667,Water_Level_daily_avg
2016-10-30,103.98791666666666,Water_Level_daily_avg
2016-10-31,104.03958333333333,Water_Level_daily_avg
2016-11-01,104.1425,Water_Level_daily_avg
2016-11-02,104.22583333333334,Water_Level_daily_avg
2016-11-03,104.23375,Water_Level_daily_avg
2016-11-04,104.12125,Water_Level_daily_avg
2016-11-05,104.02041666666666,Water_Level_daily_avg
2016-11-06,104.01125,Water_Level_daily_avg
2016-11-07,104.09291666666668,Water_Level_daily_avg
2016-11-08,104.16916666666668,Water_Level_daily_avg
2016-11-09,104.19333333333331,Water_Level_daily_avg
2016-11-10,104.17625,Water_Level_daily_avg
2016-11-11,104.15125,Water_Level_daily_avg
2016-11-12,104.11208333333332,Water_Level_daily_avg
2016-11-13,104.15166666666666,Water_Level_daily_avg
2016-11-14,104.23791666666666,Water_Level_daily_avg
2016-11-15,104.28833333333334,Water_Level_daily_avg
2016-11-16,104.27625,Water_Level_daily_avg
2016-11-17,104.18791666666668,Water_Level_daily_avg
2016-11-18,104.0575,Water_Level_daily_avg
2016-11-19,104.0225,Water_Level_daily_avg
2016-11-20,104.05333333333334,Water_Level_daily_avg
2016-11-21,104.11166666666666,Water_Level_daily_avg
2016-11-22,104.11375,Water_Level_daily_avg
2016-11-23,104.09125,Water_Level_daily_avg
2016-11-24,104.03833333333334,Water_Level_daily_avg
2016-11-25,104.00625,Water_Level_daily_avg
2016-11-26,104.08416666666666,Water_Level_daily_avg
2016-11-27,104.15625,Water_Level_daily_avg
2016-11-28,104.22,Water_Level_daily_avg
2016-11-29,104.27166666666666,Water_Level_daily_avg
2016-11-30,104.26791666666666,Water_Level_daily_avg
2016-12-01,104.24041666666666,Water_Level_daily_avg
2016-12-02,104.1075,Water_Level_daily_avg
2016-12-03,103.97125,Water_Level_daily_avg
2016-12-04,104.06125,Water_Level_daily_avg
2016-12-05,104.19083333333332,Water_Level_daily_avg
2016-12-06,104.30958333333332,Water_Level_daily_avg
2016-12-07,104.35166666666667,Water_Level_daily_avg
2016-12-08,104.38958333333332,Water_Level_daily_avg
2016-12-09,104.46333333333332,Water_Level_daily_avg
2016-12-10,104.49625,Water_Level_daily_avg
2016-12-11,104.51666666666668,Water_Level_daily_avg
2016-12-12,104.48875,Water_Level_daily_avg
2016-12-13,104.50916666666666,Water_Level_daily_avg
2016-12-14,104.45583333333332,Water_Level_daily_avg
2016-12-15,104.33333333333331,Water_Level_daily_avg
2016-12-16,104.22833333333334,Water_Level_daily_avg
2016-12-17,104.11458333333331,Water_Level_daily_avg
2016-12-18,104.13125,Water_Level_daily_avg
2016-12-19,104.26083333333334,Water_Level_daily_avg
2016-12-20,104.32416666666668,Water_Level_daily_avg
2016-12-21,104.38708333333334,Water_Level_daily_avg
2016-12-22,104.45375,Water_Level_daily_avg
2016-12-23,104.48166666666668,Water_Level_daily_avg
2016-12-24,104.525,Water_Level_daily_avg
2016-12-25,104.57291666666669,Water_Level_daily_avg
2016-12-26,104.62208333333332,Water_Level_daily_avg
2016-12-27,104.64208333333332,Water_Level_daily_avg
2016-12-28,104.535,Water_Level_daily_avg
2016-12-29,104.46541666666668,Water_Level_daily_avg
2016-12-30,104.32541666666668,Water_Level_daily_avg
2016-12-31,104.27583333333332,Water_Level_daily_avg
2017-01-01,104.31958333333334,Water_Level_daily_avg
2017-01-02,104.39708333333334,Water_Level_daily_avg
2017-01-03,104.50416666666666,Water_Level_daily_avg
2017-01-04,104.56041666666664,Water_Level_daily_avg
2017-01-05,104.50583333333331,Water_Level_daily_avg
2017-01-06,104.45291666666668,Water_Level_daily_avg
2017-01-07,104.40791666666668,Water_Level_daily_avg
2017-01-08,104.42041666666668,Water_Level_daily_avg
2017-01-09,104.38583333333334,Water_Level_daily_avg
2017-01-10,104.32875,Water_Level_daily_avg
2017-01-11,104.25375,Water_Level_daily_avg
2017-01-12,104.19708333333334,Water_Level_daily_avg
2017-01-13,104.15583333333332,Water_Level_daily_avg
2017-01-14,104.05041666666666,Water_Level_daily_avg
2017-01-15,104.0575,Water_Level_daily_avg
2017-01-16,104.0925,Water_Level_daily_avg
2017-01-17,104.11166666666666,Water_Level_daily_avg
2017-01-18,104.12,Water_Level_daily_avg
2017-01-19,104.12833333333332,Water_Level_daily_avg
2017-01-20,104.10833333333332,Water_Level_daily_avg
2017-01-21,104.08041666666666,Water_Level_daily_avg
2017-01-22,104.05666666666669,Water_Level_daily_avg
2017-01-23,104.09375,Water_Level_daily_avg
2017-01-24,104.12916666666666,Water_Level_daily_avg
2017-01-25,104.13958333333332,Water_Level_daily_avg
2017-01-26,104.10083333333334,Water_Level_daily_avg
2017-01-27,104.08541666666666,Water_Level_daily_avg
2017-01-28,104.10458333333332,Water_Level_daily_avg
2017-01-29,104.14458333333332,Water_Level_daily_avg
2017-01-30,104.19833333333334,Water_Level_daily_avg
2017-01-31,104.25958333333334,Water_Level_daily_avg
2017-02-01,104.28541666666666,Water_Level_daily_avg
2017-02-02,104.28958333333334,Water_Level_daily_avg
2017-02-03,104.32666666666668,Water_Level_daily_avg
2017-02-04,104.35666666666668,Water_Level_daily_avg
2017-02-05,104.37791666666668,Water_Level_daily_avg
2017-02-06,104.36708333333333,Water_Level_daily_avg
2017-02-07,104.31416666666668,Water_Level_daily_avg
2017-02-08,104.29916666666666,Water_Level_daily_avg
2017-02-09,104.28208333333332,Water_Level_daily_avg
2017-02-10,104.26666666666668,Water_Level_daily_avg
2017-02-11,104.25583333333331,Water_Level_daily_avg
2017-02-12,104.26958333333332,Water_Level_daily_avg
2017-02-13,104.26583333333332,Water_Level_daily_avg
2017-02-14,104.22541666666666,Water_Level_daily_avg
2017-02-15,104.17958333333333,Water_Level_daily_avg
2017-02-16,104.17833333333334,Water_Level_daily_avg
2017-02-17,104.18541666666664,Water_Level_daily_avg
2017-02-18,104.20708333333332,Water_Level_daily_avg
2017-02-19,104.2275,Water_Level_daily_avg
2017-02-20,104.23166666666668,Water_Level_daily_avg
2017-02-21,104.14916666666666,Water_Level_daily_avg
2017-02-22,104.0425,Water_Level_daily_avg
2017-02-23,104.04083333333334,Water_Level_daily_avg
2017-02-24,104.04375,Water_Level_daily_avg
2017-02-25,104.07125,Water_Level_daily_avg
2017-02-26,104.13916666666668,Water_Level_daily_avg
2017-02-27,104.18708333333332,Water_Level_daily_avg
2017-02-28,104.04625,Water_Level_daily_avg
2017-03-01,104.01666666666668,Water_Level_daily_avg
2017-03-02,104.01166666666668,Water_Level_daily_avg
2017-03-03,103.95041666666668,Water_Level_daily_avg
2017-03-04,103.86541666666666,Water_Level_daily_avg
2017-03-05,103.88375,Water_Level_daily_avg
2017-03-06,103.77416666666666,Water_Level_daily_avg
2017-03-07,103.56916666666666,Water_Level_daily_avg
2017-03-08,103.53583333333334,Water_Level_daily_avg
2017-03-09,103.55208333333331,Water_Level_daily_avg
2017-03-10,103.56916666666666,Water_Level_daily_avg
2017-03-11,103.58458333333334,Water_Level_daily_avg
2017-03-12,103.575,Water_Level_daily_avg
2017-03-13,103.55,Water_Level_daily_avg
2017-03-14,103.50625,Water_Level_daily_avg
2017-03-15,103.4825,Water_Level_daily_avg
2017-03-16,103.43458333333332,Water_Level_daily_avg
2017-03-17,103.28458333333332,Water_Level_daily_avg
2017-03-18,103.16291666666666,Water_Level_daily_avg
2017-03-19,103.11208333333332,Water_Level_daily_avg
2017-03-20,102.99166666666667,Water_Level_daily_avg
2017-03-21,102.83625,Water_Level_daily_avg
2017-03-22,102.70208333333332,Water_Level_daily_avg
2017-03-23,102.60458333333334,Water_Level_daily_avg
2017-03-24,102.58708333333334,Water_Level_daily_avg
2017-03-25,102.59125,Water_Level_daily_avg
2017-03-26,102.62375,Water_Level_daily_avg
2017-03-27,102.62166666666668,Water_Level_daily_avg
2017-03-28,102.49708333333332,Water_Level_daily_avg
2017-03-29,102.30166666666666,Water_Level_daily_avg
2017-03-30,102.15125,Water_Level_daily_avg
2017-03-31,102.04708333333332,Water_Level_daily_avg
2017-04-01,102.00541666666668,Water_Level_daily_avg
2017-04-02,102.0125,Water_Level_daily_avg
2017-04-03,102.00958333333334,Water_Level_daily_avg
2017-04-04,102.00916666666669,Water_Level_daily_avg
2017-04-05,102.04666666666668,Water_Level_daily_avg
2017-04-06,102.08541666666667,Water_Level_daily_avg
2017-04-07,102.17333333333332,Water_Level_daily_avg
2017-04-08,102.26958333333332,Water_Level_daily_avg
2017-04-09,102.36,Water_Level_daily_avg
2017-04-10,102.32958333333332,Water_Level_daily_avg
2017-04-11,102.09541666666668,Water_Level_daily_avg
2017-04-12,101.84125,Water_Level_daily_avg
2017-04-13,101.73291666666668,Water_Level_daily_avg
2017-04-14,101.66916666666668,Water_Level_daily_avg
2017-04-15,101.52708333333334,Water_Level_daily_avg
2017-04-16,101.48791666666666,Water_Level_daily_avg
2017-04-17,101.46333333333332,Water_Level_daily_avg
2017-04-18,101.36208333333332,Water_Level_daily_avg
2017-04-19,101.28958333333333,Water_Level_daily_avg
2017-04-20,101.10875,Water_Level_daily_avg
2017-04-21,101.27125,Water_Level_daily_avg
2017-04-22,101.53458333333332,Water_Level_daily_avg
2017-04-23,101.42875,Water_Level_daily_avg
2017-04-24,101.32958333333332,Water_Level_daily_avg
2017-04-25,101.20416666666668,Water_Level_daily_avg
2017-04-26,101.15791666666668,Water_Level_daily_avg
2017-04-27,101.10291666666666,Water_Level_daily_avg
2017-04-28,100.89791666666667,Water_Level_daily_avg
2017-04-29,100.77791666666668,Water_Level_daily_avg
2017-04-30,100.65708333333332,Water_Level_daily_avg
2017-05-01,100.6325,Water_Level_daily_avg
2017-05-02,100.60875,Water_Level_daily_avg
2017-05-03,100.65625,Water_Level_daily_avg
2017-05-04,100.62041666666666,Water_Level_daily_avg
2017-05-05,100.53000000000002,Water_Level_daily_avg
2017-05-06,100.575,Water_Level_daily_avg
2017-05-07,100.6575,Water_Level_daily_avg
2017-05-08,100.81875,Water_Level_daily_avg
2017-05-09,100.92541666666666,Water_Level_daily_avg
2017-05-10,100.87958333333334,Water_Level_daily_avg
2017-05-11,100.77041666666666,Water_Level_daily_avg
2017-05-12,100.65125,Water_Level_daily_avg
2017-05-13,100.855,Water_Level_daily_avg
2017-05-14,105.27125,Water_Level_daily_avg
2017-05-15,101.33333333333331,Water_Level_daily_avg
2017-05-16,101.52166666666666,Water_Level_daily_avg
2017-05-17,101.65291666666668,Water_Level_daily_avg
2017-05-18,101.71333333333332,Water_Level_daily_avg
2017-05-19,101.65166666666666,Water_Level_daily_avg
2017-05-20,101.69375,Water_Level_daily_avg
2017-05-21,101.69708333333334,Water_Level_daily_avg
2017-05-22,101.72541666666666,Water_Level_daily_avg
2017-05-23,101.645,Water_Level_daily_avg
2017-05-24,101.50583333333331,Water_Level_daily_avg
2017-05-25,101.38333333333333,Water_Level_daily_avg
2017-05-26,101.27916666666664,Water_Level_daily_avg
2017-05-27,101.19833333333332,Water_Level_daily_avg
2017-05-28,101.05333333333331,Water_Level_daily_avg
2017-05-29,100.82833333333332,Water_Level_daily_avg
2017-05-30,100.775,Water_Level_daily_avg
2017-05-31,100.7125,Water_Level_daily_avg
2017-06-01,100.63166666666666,Water_Level_daily_avg
2017-06-02,100.5475,Water_Level_daily_avg
2017-06-03,100.63541666666669,Water_Level_daily_avg
2017-06-04,100.91416666666667,Water_Level_daily_avg
2017-06-05,101.10041666666666,Water_Level_daily_avg
2017-06-06,101.17208333333332,Water_Level_daily_avg
2017-06-07,101.2425,Water_Level_daily_avg
2017-06-08,101.39208333333332,Water_Level_daily_avg
2017-06-09,101.60333333333334,Water_Level_daily_avg
2017-06-10,101.79625,Water_Level_daily_avg
2017-06-11,101.94958333333334,Water_Level_daily_avg
2017-06-12,101.80708333333332,Water_Level_daily_avg
2017-06-13,101.29166666666669,Water_Level_daily_avg
2017-06-14,100.74166666666667,Water_Level_daily_avg
2017-06-15,100.52625,Water_Level_daily_avg
2017-06-16,100.79125,Water_Level_daily_avg
2017-06-17,101.32625,Water_Level_daily_avg
2017-06-18,101.83708333333334,Water_Level_daily_avg
2017-06-19,102.02166666666666,Water_Level_daily_avg
2017-06-20,102.00833333333333,Water_Level_daily_avg
2017-06-21,101.83,Water_Level_daily_avg
2017-06-22,101.38166666666666,Water_Level_daily_avg
2017-06-23,101.36625,Water_Level_daily_avg
2017-06-24,101.73708333333332,Water_Level_daily_avg
2017-06-25,102.09458333333332,Water_Level_daily_avg
2017-06-26,102.54708333333332,Water_Level_daily_avg
2017-06-27,103.0675,Water_Level_daily_avg
2017-06-28,103.3775,Water_Level_daily_avg
2017-06-29,103.09208333333332,Water_Level_daily_avg
2017-06-30,102.61583333333334,Water_Level_daily_avg
2017-07-01,102.53958333333333,Water_Level_daily_avg
2017-07-02,102.4725,Water_Level_daily_avg
2017-07-03,102.23541666666668,Water_Level_daily_avg
2017-07-04,101.96416666666666,Water_Level_daily_avg
2017-07-05,101.69583333333333,Water_Level_daily_avg
2017-07-06,101.56125,Water_Level_daily_avg
2017-07-07,101.42083333333332,Water_Level_daily_avg
2017-07-08,101.18041666666666,Water_Level_daily_avg
2017-07-09,101.00041666666668,Water_Level_daily_avg
2017-07-10,101.03541666666666,Water_Level_daily_avg
2017-07-11,100.99625,Water_Level_daily_avg
2017-07-12,100.88416666666669,Water_Level_daily_avg
2017-07-13,100.8825,Water_Level_daily_avg
2017-07-14,101.02666666666666,Water_Level_daily_avg
2017-07-15,101.37958333333334,Water_Level_daily_avg
2017-07-16,101.64166666666668,Water_Level_daily_avg
2017-07-17,101.67083333333332,Water_Level_daily_avg
2017-07-18,101.54916666666666,Water_Level_daily_avg
2017-07-19,101.60291666666666,Water_Level_daily_avg
2017-07-20,101.64208333333332,Water_Level_daily_avg
2017-07-21,101.55083333333332,Water_Level_daily_avg
2017-07-22,101.57166666666666,Water_Level_daily_avg
2017-07-23,101.67958333333333,Water_Level_daily_avg
2017-07-24,101.78416666666668,Water_Level_daily_avg
2017-07-25,101.81166666666668,Water_Level_daily_avg
2017-07-26,101.72583333333334,Water_Level_daily_avg
2017-07-27,101.62208333333332,Water_Level_daily_avg
2017-07-28,101.58958333333334,Water_Level_daily_avg
2017-07-29,101.2925,Water_Level_daily_avg
2017-07-30,101.16083333333334,Water_Level_daily_avg
2017-07-31,100.90375,Water_Level_daily_avg
2017-08-01,100.61083333333332,Water_Level_daily_avg
2017-08-02,100.49333333333334,Water_Level_daily_avg
2017-08-03,100.53708333333331,Water_Level_daily_avg
2017-08-04,100.68541666666664,Water_Level_daily_avg
2017-08-05,100.92041666666668,Water_Level_daily_avg
2017-08-06,101.08583333333333,Water_Level_daily_avg
2017-08-07,101.20416666666668,Water_Level_daily_avg
2017-08-08,101.27625,Water_Level_daily_avg
2017-08-09,101.29666666666668,Water_Level_daily_avg
2017-08-10,101.38375,Water_Level_daily_avg
2017-08-11,101.42166666666668,Water_Level_daily_avg
2017-08-12,101.36416666666666,Water_Level_daily_avg
2017-08-13,101.44304347826088,Water_Level_daily_avg
2017-08-14,101.68875,Water_Level_daily_avg
2017-08-15,101.96208333333334,Water_Level_daily_avg
2017-08-16,102.11041666666668,Water_Level_daily_avg
2017-08-17,101.7725,Water_Level_daily_avg
2017-08-18,101.64458333333334,Water_Level_daily_avg
2017-08-19,101.84791666666666,Water_Level_daily_avg
2017-08-20,102.36583333333331,Water_Level_daily_avg
2017-08-21,102.5775,Water_Level_daily_avg
2017-08-22,102.28875,Water_Level_daily_avg
2017-08-23,102.00083333333332,Water_Level_daily_avg
2017-08-24,101.97958333333334,Water_Level_daily_avg
2017-08-25,101.79708333333332,Water_Level_daily_avg
2017-08-26,101.71625,Water_Level_daily_avg
2017-08-27,101.90083333333332,Water_Level_daily_avg
2017-08-28,101.92583333333332,Water_Level_daily_avg
2017-08-29,101.68416666666668,Water_Level_daily_avg
2017-08-30,101.66708333333334,Water_Level_daily_avg
2017-08-31,101.57083333333333,Water_Level_daily_avg
2017-09-01,101.29791666666668,Water_Level_daily_avg
2017-09-02,101.41458333333333,Water_Level_daily_avg
2017-09-03,101.82833333333332,Water_Level_daily_avg
2017-09-04,102.15083333333332,Water_Level_daily_avg
2017-09-05,102.3675,Water_Level_daily_avg
2017-09-06,102.51416666666668,Water_Level_daily_avg
2017-09-07,102.64541666666666,Water_Level_daily_avg
2017-09-08,102.755,Water_Level_daily_avg
2017-09-09,102.78291666666668,Water_Level_daily_avg
2017-09-10,102.65083333333332,Water_Level_daily_avg
2017-09-11,102.68833333333332,Water_Level_daily_avg
2017-09-12,102.86,Water_Level_daily_avg
2017-09-13,103.05125,Water_Level_daily_avg
2017-09-14,103.255,Water_Level_daily_avg
2017-09-15,103.48583333333332,Water_Level_daily_avg
2017-09-16,103.71041666666667,Water_Level_daily_avg
2017-09-17,103.86833333333334,Water_Level_daily_avg
2017-09-18,104.09,Water_Level_daily_avg
2017-09-19,104.2875,Water_Level_daily_avg
2017-09-20,104.43125,Water_Level_daily_avg
2017-09-21,104.55,Water_Level_daily_avg
2017-09-22,104.52166666666666,Water_Level_daily_avg
2017-09-23,104.3225,Water_Level_daily_avg
2017-09-24,104.21041666666667,Water_Level_daily_avg
2017-09-25,104.17458333333332,Water_Level_daily_avg
2017-09-26,104.07833333333332,Water_Level_daily_avg
2017-09-27,103.91625,Water_Level_daily_avg
2017-09-28,103.77291666666667,Water_Level_daily_avg
2017-09-29,103.62375000000002,Water_Level_daily_avg
2017-09-30,103.53166666666668,Water_Level_daily_avg
2017-10-01,103.72291666666666,Water_Level_daily_avg
2017-10-02,103.83666666666666,Water_Level_daily_avg
2017-10-03,103.82958333333332,Water_Level_daily_avg
2017-10-04,103.73625,Water_Level_daily_avg
2017-10-05,103.68875,Water_Level_daily_avg
2017-10-06,103.87458333333332,Water_Level_daily_avg
2017-10-07,103.88625,Water_Level_daily_avg
2017-10-08,104.13083333333331,Water_Level_daily_avg
2017-10-09,104.42083333333332,Water_Level_daily_avg
2017-10-10,104.43541666666664,Water_Level_daily_avg
2017-10-11,104.39916666666666,Water_Level_daily_avg
2017-10-12,104.46333333333332,Water_Level_daily_avg
2017-10-13,104.45458333333332,Water_Level_daily_avg
2017-10-14,104.3425,Water_Level_daily_avg
2017-10-15,104.22208333333332,Water_Level_daily_avg
2017-10-16,104.13458333333334,Water_Level_daily_avg
2017-10-17,103.99666666666668,Water_Level_daily_avg
2017-10-18,103.9625,Water_Level_daily_avg
2017-10-19,103.94875,Water_Level_daily_avg
2017-10-20,103.93125,Water_Level_daily_avg
2017-10-21,103.97958333333334,Water_Level_daily_avg
2017-10-22,104.07708333333332,Water_Level_daily_avg
2017-10-23,104.15500000000002,Water_Level_daily_avg
2017-10-24,104.18333333333334,Water_Level_daily_avg
2017-10-25,104.26125,Water_Level_daily_avg
2017-10-26,104.35791666666668,Water_Level_daily_avg
2017-10-27,104.47875,Water_Level_daily_avg
2017-10-28,104.56041666666664,Water_Level_daily_avg
2017-10-29,104.66291666666666,Water_Level_daily_avg
2017-10-30,104.54208333333334,Water_Level_daily_avg
2017-10-31,104.29208333333334,Water_Level_daily_avg
2017-11-01,104.11208333333332,Water_Level_daily_avg
2017-11-02,103.89541666666666,Water_Level_daily_avg
2017-11-03,103.66916666666668,Water_Level_daily_avg
2017-11-04,103.59,Water_Level_daily_avg
2017-11-05,103.6725,Water_Level_daily_avg
2017-11-06,103.70333333333332,Water_Level_daily_avg
2017-11-07,103.57416666666668,Water_Level_daily_avg
2017-11-08,103.44916666666668,Water_Level_daily_avg
2017-11-09,103.39375,Water_Level_daily_avg
2017-11-10,103.45958333333334,Water_Level_daily_avg
2017-11-11,103.53458333333332,Water_Level_daily_avg
2017-11-12,103.62208333333332,Water_Level_daily_avg
2017-11-13,103.68791666666668,Water_Level_daily_avg
2017-11-14,103.75708333333334,Water_Level_daily_avg
2017-11-15,103.93583333333332,Water_Level_daily_avg
2017-11-16,104.12833333333332,Water_Level_daily_avg
2017-11-17,104.27875,Water_Level_daily_avg
2017-11-18,104.41125,Water_Level_daily_avg
2017-11-19,104.54083333333334,Water_Level_daily_avg
2017-11-20,104.64916666666666,Water_Level_daily_avg
2017-11-21,104.62541666666668,Water_Level_daily_avg
2017-11-22,104.42708333333331,Water_Level_daily_avg
2017-11-23,104.20375,Water_Level_daily_avg
2017-11-24,103.97875,Water_Level_daily_avg
2017-11-25,103.94333333333331,Water_Level_daily_avg
2017-11-26,103.99375,Water_Level_daily_avg
2017-11-27,104.06791666666668,Water_Level_daily_avg
2017-11-28,104.11166666666666,Water_Level_daily_avg
2017-11-29,104.27291666666667,Water_Level_daily_avg
2017-11-30,104.4325,Water_Level_daily_avg
2017-12-01,104.57541666666668,Water_Level_daily_avg
2017-12-02,104.61708333333333,Water_Level_daily_avg
2017-12-03,104.61833333333334,Water_Level_daily_avg
2017-12-04,104.5975,Water_Level_daily_avg
2017-12-05,104.5225,Water_Level_daily_avg
2017-12-06,104.58166666666666,Water_Level_daily_avg
2017-12-07,104.61166666666666,Water_Level_daily_avg
2017-12-08,104.51541666666668,Water_Level_daily_avg
2017-12-09,104.52583333333332,Water_Level_daily_avg
2017-12-10,104.52583333333332,Water_Level_daily_avg
2017-12-11,104.31666666666666,Water_Level_daily_avg
2017-12-12,104.12375,Water_Level_daily_avg
2017-12-13,104.22458333333331,Water_Level_daily_avg
2017-12-14,104.27875,Water_Level_daily_avg
2017-12-15,104.26875,Water_Level_daily_avg
2017-12-16,104.24791666666664,Water_Level_daily_avg
2017-12-17,104.35791666666668,Water_Level_daily_avg
2017-12-18,104.43541666666664,Water_Level_daily_avg
2017-12-19,104.42375,Water_Level_daily_avg
2017-12-20,104.28083333333336,Water_Level_daily_avg
2017-12-21,104.30416666666667,Water_Level_daily_avg
2017-12-22,104.38125,Water_Level_daily_avg
2017-12-23,104.46041666666667,Water_Level_daily_avg
2017-12-24,104.53416666666668,Water_Level_daily_avg
2017-12-25,104.6075,Water_Level_daily_avg
2017-12-26,104.64416666666666,Water_Level_daily_avg
2017-12-27,104.57791666666668,Water_Level_daily_avg
2017-12-28,104.48583333333332,Water_Level_daily_avg
2017-12-29,104.44333333333331,Water_Level_daily_avg
2017-12-30,104.48375,Water_Level_daily_avg
2017-12-31,104.53291666666668,Water_Level_daily_avg
2018-01-01,104.6125,Water_Level_daily_avg
2018-01-02,104.68041666666666,Water_Level_daily_avg
2018-01-03,104.5625,Water_Level_daily_avg
2018-01-04,104.44708333333334,Water_Level_daily_avg
2018-01-05,104.44,Water_Level_daily_avg
2018-01-06,104.44,Water_Level_daily_avg
2018-01-07,104.42833333333334,Water_Level_daily_avg
2018-01-08,104.41416666666667,Water_Level_daily_avg
2018-01-09,104.3775,Water_Level_daily_avg
2018-01-10,104.33,Water_Level_daily_avg
2018-01-11,104.31541666666664,Water_Level_daily_avg
2018-01-12,104.33625,Water_Level_daily_avg
2018-01-13,104.35708333333334,Water_Level_daily_avg
2018-01-14,104.38,Water_Level_daily_avg
2018-01-15,104.4175,Water_Level_daily_avg
2018-01-16,104.44458333333334,Water_Level_daily_avg
2018-01-17,104.46291666666666,Water_Level_daily_avg
2018-01-18,104.46416666666666,Water_Level_daily_avg
2018-01-19,104.4475,Water_Level_daily_avg
2018-01-20,104.41958333333334,Water_Level_daily_avg
2018-01-21,104.37375000000002,Water_Level_daily_avg
2018-01-22,104.3775,Water_Level_daily_avg
2018-01-23,104.37791666666664,Water_Level_daily_avg
2018-01-24,104.39,Water_Level_daily_avg
2018-01-25,104.39791666666667,Water_Level_daily_avg
2018-01-26,104.39,Water_Level_daily_avg
2018-01-27,104.365,Water_Level_daily_avg
2018-01-28,104.34250000000002,Water_Level_daily_avg
2018-01-29,104.31583333333332,Water_Level_daily_avg
2018-01-30,104.26,Water_Level_daily_avg
2018-01-31,104.25083333333332,Water_Level_daily_avg
2018-02-01,104.22458333333331,Water_Level_daily_avg
2018-02-02,104.18208333333332,Water_Level_daily_avg
2018-02-03,104.13041666666668,Water_Level_daily_avg
2018-02-04,104.14083333333332,Water_Level_daily_avg
2018-02-05,104.19791666666669,Water_Level_daily_avg
2018-02-06,104.255,Water_Level_daily_avg
2018-02-07,104.30166666666666,Water_Level_daily_avg
2018-02-08,104.355,Water_Level_daily_avg
2018-02-09,104.4025,Water_Level_daily_avg
2018-02-10,104.43208333333332,Water_Level_daily_avg
2018-02-11,104.44375,Water_Level_daily_avg
2018-02-12,104.46125,Water_Level_daily_avg
2018-02-13,104.44916666666666,Water_Level_daily_avg
2018-02-14,104.41,Water_Level_daily_avg
2018-02-15,104.41,Water_Level_daily_avg
2018-02-16,104.40208333333334,Water_Level_daily_avg
2018-02-17,104.37208333333336,Water_Level_daily_avg
2018-02-18,104.38541666666669,Water_Level_daily_avg
2018-02-19,104.39708333333334,Water_Level_daily_avg
2018-02-20,104.36791666666666,Water_Level_daily_avg
2018-02-21,104.18416666666668,Water_Level_daily_avg
2018-02-22,104.06541666666668,Water_Level_daily_avg
2018-02-23,104.05,Water_Level_daily_avg
2018-02-24,104.05083333333332,Water_Level_daily_avg
2018-02-25,104.06083333333332,Water_Level_daily_avg
2018-02-26,104.06374999999998,Water_Level_daily_avg
2018-02-27,104.04375,Water_Level_daily_avg
2018-02-28,104.00791666666667,Water_Level_daily_avg
2018-03-01,103.98,Water_Level_daily_avg
2018-03-02,103.91416666666667,Water_Level_daily_avg
2018-03-03,103.88583333333332,Water_Level_daily_avg
2018-03-04,103.8975,Water_Level_daily_avg
2018-03-05,103.8925,Water_Level_daily_avg
2018-03-06,103.70041666666668,Water_Level_daily_avg
2018-03-07,103.54375,Water_Level_daily_avg
2018-03-08,103.49125,Water_Level_daily_avg
2018-03-09,103.48041666666666,Water_Level_daily_avg
2018-03-10,103.42875,Water_Level_daily_avg
2018-03-11,103.43708333333336,Water_Level_daily_avg
2018-03-12,103.37875,Water_Level_daily_avg
2018-03-13,103.23583333333332,Water_Level_daily_avg
2018-03-14,103.135,Water_Level_daily_avg
2018-03-15,103.035,Water_Level_daily_avg
2018-03-16,102.96,Water_Level_daily_avg
2018-03-17,102.95,Water_Level_daily_avg
2018-03-18,102.98833333333332,Water_Level_daily_avg
2018-03-19,102.96375,Water_Level_daily_avg
2018-03-20,102.75333333333332,Water_Level_daily_avg
2018-03-21,102.68583333333332,Water_Level_daily_avg
2018-03-22,102.72875,Water_Level_daily_avg
2018-03-23,102.78166666666668,Water_Level_daily_avg
2018-03-24,102.79,Water_Level_daily_avg
2018-03-25,102.77125,Water_Level_daily_avg
2018-03-26,102.76208333333334,Water_Level_daily_avg
2018-03-27,102.57333333333334,Water_Level_daily_avg
2018-03-28,102.20041666666668,Water_Level_daily_avg
2018-03-29,102.12958333333334,Water_Level_daily_avg
2018-03-30,102.16666666666669,Water_Level_daily_avg
2018-03-31,102.18875,Water_Level_daily_avg
2018-04-01,102.25041666666668,Water_Level_daily_avg
2018-04-02,102.19541666666667,Water_Level_daily_avg
2018-04-03,101.85875,Water_Level_daily_avg
2018-04-04,101.28208333333332,Water_Level_daily_avg
2018-04-05,100.96375,Water_Level_daily_avg
2018-04-06,100.86625,Water_Level_daily_avg
2018-04-07,100.85416666666669,Water_Level_daily_avg
2018-04-08,100.91583333333334,Water_Level_daily_avg
2018-04-09,100.93291666666666,Water_Level_daily_avg
2018-04-10,100.91416666666667,Water_Level_daily_avg
2018-04-11,100.94666666666666,Water_Level_daily_avg
2018-04-12,101.03458333333332,Water_Level_daily_avg
2018-04-13,101.05791666666666,Water_Level_daily_avg
2018-04-14,101.05166666666666,Water_Level_daily_avg
2018-04-15,101.05583333333334,Water_Level_daily_avg
2018-04-16,100.90375,Water_Level_daily_avg
2018-04-17,100.81541666666668,Water_Level_daily_avg
2018-04-18,100.74916666666668,Water_Level_daily_avg
2018-04-19,100.73833333333332,Water_Level_daily_avg
2018-04-20,100.74958333333332,Water_Level_daily_avg
2018-04-21,100.74583333333334,Water_Level_daily_avg
2018-04-22,100.79166666666669,Water_Level_daily_avg
2018-04-23,100.77416666666666,Water_Level_daily_avg
2018-04-24,100.67291666666668,Water_Level_daily_avg
2018-04-25,100.58833333333332,Water_Level_daily_avg
2018-04-26,100.60916666666668,Water_Level_daily_avg
2018-04-27,100.66541666666666,Water_Level_daily_avg
2018-04-28,100.70416666666668,Water_Level_daily_avg
2018-04-29,100.635,Water_Level_daily_avg
2018-04-30,100.66375,Water_Level_daily_avg
2018-05-01,100.70708333333332,Water_Level_daily_avg
2018-05-02,100.7325,Water_Level_daily_avg
2018-05-03,100.67458333333332,Water_Level_daily_avg
2018-05-04,100.56458333333336,Water_Level_daily_avg
2018-05-05,100.51666666666668,Water_Level_daily_avg
2018-05-06,100.58875,Water_Level_daily_avg
2018-05-07,100.65958333333332,Water_Level_daily_avg
2018-05-08,100.64125,Water_Level_daily_avg
2018-05-09,100.57375,Water_Level_daily_avg
2018-05-10,100.62625,Water_Level_daily_avg
2018-05-11,100.6325,Water_Level_daily_avg
2018-05-12,100.59666666666668,Water_Level_daily_avg
2018-05-13,104.87333333333332,Water_Level_daily_avg
2018-05-14,100.66291666666666,Water_Level_daily_avg
2018-05-15,100.57291666666669,Water_Level_daily_avg
2018-05-16,100.63666666666668,Water_Level_daily_avg
2018-05-17,100.69833333333334,Water_Level_daily_avg
2018-05-18,100.80208333333331,Water_Level_daily_avg
2018-05-19,100.83875,Water_Level_daily_avg
2018-05-20,100.77916666666664,Water_Level_daily_avg
2018-05-21,100.76291666666668,Water_Level_daily_avg
2018-05-22,100.70708333333332,Water_Level_daily_avg
2018-05-23,100.64333333333332,Water_Level_daily_avg
2018-05-24,100.65916666666668,Water_Level_daily_avg
2018-05-25,100.65291666666668,Water_Level_daily_avg
2018-05-26,100.67541666666666,Water_Level_daily_avg
2018-05-27,100.5825,Water_Level_daily_avg
2018-05-28,100.5475,Water_Level_daily_avg
2018-05-29,100.69083333333332,Water_Level_daily_avg
2018-05-30,100.99958333333332,Water_Level_daily_avg
2018-05-31,101.26541666666668,Water_Level_daily_avg
2018-06-01,101.41791666666668,Water_Level_daily_avg
2018-06-02,101.11541666666666,Water_Level_daily_avg
2018-06-03,100.86666666666667,Water_Level_daily_avg
2018-06-04,100.61,Water_Level_daily_avg
2018-06-05,100.55916666666668,Water_Level_daily_avg
2018-06-06,100.68375,Water_Level_daily_avg
2018-06-07,100.83833333333332,Water_Level_daily_avg
2018-06-08,100.90291666666668,Water_Level_daily_avg
2018-06-09,100.98708333333332,Water_Level_daily_avg
2018-06-10,101.20125,Water_Level_daily_avg
2018-06-11,101.6,Water_Level_daily_avg
2018-06-12,101.96625,Water_Level_daily_avg
2018-06-13,102.01416666666668,Water_Level_daily_avg
2018-06-14,102.08166666666666,Water_Level_daily_avg
2018-06-15,101.98,Water_Level_daily_avg
2018-06-16,101.88375,Water_Level_daily_avg
2018-06-17,101.99458333333332,Water_Level_daily_avg
2018-06-18,102.00916666666666,Water_Level_daily_avg
2018-06-19,101.67,Water_Level_daily_avg
2018-06-20,101.11125,Water_Level_daily_avg
2018-06-21,100.97583333333334,Water_Level_daily_avg
2018-06-22,101.05583333333334,Water_Level_daily_avg
2018-06-23,101.25375,Water_Level_daily_avg
2018-06-24,101.23375,Water_Level_daily_avg
2018-06-25,101.10416666666669,Water_Level_daily_avg
2018-06-26,101.09416666666668,Water_Level_daily_avg
2018-06-27,101.23041666666668,Water_Level_daily_avg
2018-06-28,101.31791666666668,Water_Level_daily_avg
2018-06-29,101.13625,Water_Level_daily_avg
2018-06-30,100.835,Water_Level_daily_avg
2018-07-01,100.53833333333334,Water_Level_daily_avg
2018-07-02,100.64958333333334,Water_Level_daily_avg
2018-07-03,100.5675,Water_Level_daily_avg
2018-07-04,100.715,Water_Level_daily_avg
2018-07-05,100.95583333333332,Water_Level_daily_avg
2018-07-06,101.37541666666668,Water_Level_daily_avg
2018-07-07,102.16291666666666,Water_Level_daily_avg
2018-07-08,102.7125,Water_Level_daily_avg
2018-07-09,102.85291666666666,Water_Level_daily_avg
2018-07-10,102.52,Water_Level_daily_avg
2018-07-11,102.02125,Water_Level_daily_avg
2018-07-12,101.55583333333334,Water_Level_daily_avg
2018-07-13,101.08958333333334,Water_Level_daily_avg
2018-07-14,101.22458333333331,Water_Level_daily_avg
2018-07-15,101.49166666666667,Water_Level_daily_avg
2018-07-16,101.74625,Water_Level_daily_avg
2018-07-17,101.65,Water_Level_daily_avg
2018-07-18,101.32,Water_Level_daily_avg
2018-07-19,101.00791666666667,Water_Level_daily_avg
2018-07-20,101.05666666666669,Water_Level_daily_avg
2018-07-21,101.26166666666668,Water_Level_daily_avg
2018-07-22,101.3225,Water_Level_daily_avg
2018-07-23,101.30375,Water_Level_daily_avg
2018-07-24,101.15833333333336,Water_Level_daily_avg
2018-07-25,100.97208333333332,Water_Level_daily_avg
2018-07-26,100.78375,Water_Level_daily_avg
2018-07-27,100.62833333333332,Water_Level_daily_avg
2018-07-28,100.69833333333334,Water_Level_daily_avg
2018-07-29,100.91375,Water_Level_daily_avg
2018-07-30,100.95583333333332,Water_Level_daily_avg
2018-07-31,100.87291666666664,Water_Level_daily_avg
2018-08-01,100.77291666666667,Water_Level_daily_avg
2018-08-02,100.76041666666669,Water_Level_daily_avg
2018-08-03,100.51583333333332,Water_Level_daily_avg
2018-08-04,100.66875,Water_Level_daily_avg
2018-08-05,100.815,Water_Level_daily_avg
2018-08-06,101.03083333333332,Water_Level_daily_avg
2018-08-07,101.23,Water_Level_daily_avg
2018-08-08,101.33166666666666,Water_Level_daily_avg
2018-08-09,101.16291666666666,Water_Level_daily_avg
2018-08-10,100.87666666666668,Water_Level_daily_avg
2018-08-11,100.67083333333332,Water_Level_daily_avg
2018-08-12,100.66458333333333,Water_Level_daily_avg
2018-08-13,100.83875,Water_Level_daily_avg
2018-08-14,100.94916666666668,Water_Level_daily_avg
2018-08-15,100.89833333333333,Water_Level_daily_avg
2018-08-16,100.705,Water_Level_daily_avg
2018-08-17,100.665,Water_Level_daily_avg
2018-08-18,100.905,Water_Level_daily_avg
2018-08-19,101.11125,Water_Level_daily_avg
2018-08-20,101.23833333333332,Water_Level_daily_avg
2018-08-21,101.31,Water_Level_daily_avg
2018-08-22,101.175,Water_Level_daily_avg
2018-08-23,100.80666666666669,Water_Level_daily_avg
2018-08-24,100.56416666666668,Water_Level_daily_avg
2018-08-25,100.7575,Water_Level_daily_avg
2018-08-26,100.96291666666669,Water_Level_daily_avg
2018-08-27,101.1725,Water_Level_daily_avg
2018-08-28,101.35958333333332,Water_Level_daily_avg
2018-08-29,101.575,Water_Level_daily_avg
2018-08-30,101.75833333333333,Water_Level_daily_avg
2018-08-31,101.94333333333331,Water_Level_daily_avg
2018-09-01,102.12916666666666,Water_Level_daily_avg
2018-09-02,102.28541666666666,Water_Level_daily_avg
2018-09-03,102.44,Water_Level_daily_avg
2018-09-04,102.5725,Water_Level_daily_avg
2018-09-05,102.70416666666668,Water_Level_daily_avg
2018-09-06,102.84583333333336,Water_Level_daily_avg
2018-09-07,102.97041666666668,Water_Level_daily_avg
2018-09-08,103.09208333333332,Water_Level_daily_avg
2018-09-09,103.20875,Water_Level_daily_avg
2018-09-10,103.33083333333332,Water_Level_daily_avg
2018-09-11,103.44041666666668,Water_Level_daily_avg
2018-09-12,103.52916666666664,Water_Level_daily_avg
2018-09-13,103.61666666666667,Water_Level_daily_avg
2018-09-14,103.70166666666668,Water_Level_daily_avg
2018-09-15,103.75,Water_Level_daily_avg
2018-09-16,103.75916666666666,Water_Level_daily_avg
2018-09-17,103.835,Water_Level_daily_avg
2018-09-18,103.92958333333333,Water_Level_daily_avg
2018-09-19,104.055,Water_Level_daily_avg
2018-09-20,104.22791666666666,Water_Level_daily_avg
2018-09-21,104.36583333333334,Water_Level_daily_avg
2018-09-22,104.44291666666668,Water_Level_daily_avg
2018-09-23,104.46666666666664,Water_Level_daily_avg
2018-09-24,104.50791666666667,Water_Level_daily_avg
2018-09-25,104.49125,Water_Level_daily_avg
2018-09-26,104.28333333333336,Water_Level_daily_avg
2018-09-27,104.11208333333332,Water_Level_daily_avg
2018-09-28,104.03833333333334,Water_Level_daily_avg
2018-09-29,104.10541666666668,Water_Level_daily_avg
2018-09-30,104.15583333333336,Water_Level_daily_avg
2018-10-01,104.22083333333336,Water_Level_daily_avg
2018-10-02,104.18416666666668,Water_Level_daily_avg
2018-10-03,104.08791666666669,Water_Level_daily_avg
2018-10-04,103.76458333333332,Water_Level_daily_avg
2018-10-05,103.39291666666666,Water_Level_daily_avg
2018-10-06,103.14666666666666,Water_Level_daily_avg
2018-10-07,103.12916666666666,Water_Level_daily_avg
2018-10-08,103.04833333333332,Water_Level_daily_avg
2018-10-09,102.74541666666666,Water_Level_daily_avg
2018-10-10,102.45041666666668,Water_Level_daily_avg
2018-10-11,102.21875,Water_Level_daily_avg
2018-10-12,102.17916666666667,Water_Level_daily_avg
2018-10-13,102.25333333333332,Water_Level_daily_avg
2018-10-14,102.36041666666668,Water_Level_daily_avg
2018-10-15,102.48791666666666,Water_Level_daily_avg
2018-10-16,102.31375,Water_Level_daily_avg
2018-10-17,102.01333333333334,Water_Level_daily_avg
2018-10-18,102.04083333333334,Water_Level_daily_avg
2018-10-19,102.12875,Water_Level_daily_avg
2018-10-20,102.1925,Water_Level_daily_avg
2018-10-21,102.23166666666668,Water_Level_daily_avg
2018-10-22,102.25208333333336,Water_Level_daily_avg
2018-10-23,102.08875,Water_Level_daily_avg
2018-10-24,101.90125,Water_Level_daily_avg
2018-10-25,101.91,Water_Level_daily_avg
2018-10-26,101.96958333333332,Water_Level_daily_avg
2018-10-27,102.0775,Water_Level_daily_avg
2018-10-28,102.06833333333331,Water_Level_daily_avg
2018-10-29,102.04291666666668,Water_Level_daily_avg
2018-10-30,102.075,Water_Level_daily_avg
2018-10-31,102.46916666666668,Water_Level_daily_avg
2018-11-01,102.76125,Water_Level_daily_avg
2018-11-02,102.91666666666669,Water_Level_daily_avg
2018-11-03,103.13833333333334,Water_Level_daily_avg
2018-11-04,103.32458333333334,Water_Level_daily_avg
2018-11-05,103.46083333333333,Water_Level_daily_avg
2018-11-06,103.36958333333332,Water_Level_daily_avg
2018-11-07,102.98875,Water_Level_daily_avg
2018-11-08,102.65708333333332,Water_Level_daily_avg
2018-11-09,102.33708333333334,Water_Level_daily_avg
2018-11-10,102.1875,Water_Level_daily_avg
2018-11-11,102.3725,Water_Level_daily_avg
2018-11-12,102.50083333333332,Water_Level_daily_avg
2018-11-13,102.4775,Water_Level_daily_avg
2018-11-14,102.38791666666668,Water_Level_daily_avg
2018-11-15,102.32833333333332,Water_Level_daily_avg
2018-11-16,102.2,Water_Level_daily_avg
2018-11-17,102.19416666666666,Water_Level_daily_avg
2018-11-18,102.22625,Water_Level_daily_avg
2018-11-19,102.22833333333334,Water_Level_daily_avg
2018-11-20,102.20666666666666,Water_Level_daily_avg
2018-11-21,102.22416666666668,Water_Level_daily_avg
2018-11-22,102.26333333333334,Water_Level_daily_avg
2018-11-23,102.33833333333332,Water_Level_daily_avg
2018-11-24,102.41833333333334,Water_Level_daily_avg
2018-11-25,102.51083333333334,Water_Level_daily_avg
2018-11-26,102.5975,Water_Level_daily_avg
2018-11-27,102.65416666666664,Water_Level_daily_avg
2018-11-28,102.68916666666668,Water_Level_daily_avg
2018-11-29,102.72375,Water_Level_daily_avg
2018-11-30,102.76333333333334,Water_Level_daily_avg
2018-12-01,102.80708333333332,Water_Level_daily_avg
2018-12-02,102.84708333333332,Water_Level_daily_avg
2018-12-03,102.88666666666668,Water_Level_daily_avg
2018-12-04,102.92416666666666,Water_Level_daily_avg
2018-12-05,102.95208333333332,Water_Level_daily_avg
2018-12-06,102.97708333333333,Water_Level_daily_avg
2018-12-07,103.01083333333334,Water_Level_daily_avg
2018-12-08,103.04791666666668,Water_Level_daily_avg
2018-12-09,103.08166666666666,Water_Level_daily_avg
2018-12-10,103.10791666666668,Water_Level_daily_avg
2018-12-11,103.1225,Water_Level_daily_avg
2018-12-12,103.1325,Water_Level_daily_avg
2018-12-13,103.14,Water_Level_daily_avg
2018-12-14,103.14875,Water_Level_daily_avg
2018-12-15,103.15000000000002,Water_Level_daily_avg
2018-12-16,103.15083333333332,Water_Level_daily_avg
2018-12-17,103.16,Water_Level_daily_avg
2018-12-18,103.16,Water_Level_daily_avg
2018-12-19,103.16,Water_Level_daily_avg
2018-12-20,103.16083333333334,Water_Level_daily_avg
2018-12-21,103.17,Water_Level_daily_avg
2018-12-22,103.17041666666668,Water_Level_daily_avg
2018-12-23,103.18,Water_Level_daily_avg
2018-12-24,103.18166666666669,Water_Level_daily_avg
2018-12-25,103.19708333333334,Water_Level_daily_avg
2018-12-26,103.25958333333334,Water_Level_daily_avg
2018-12-27,103.35041666666666,Water_Level_daily_avg
2018-12-28,103.40083333333332,Water_Level_daily_avg
2018-12-29,103.435,Water_Level_daily_avg
2018-12-30,103.47166666666668,Water_Level_daily_avg
2018-12-31,103.50208333333336,Water_Level_daily_avg
2019-01-01,103.52666666666666,Water_Level_daily_avg
2019-01-02,103.55958333333332,Water_Level_daily_avg
2019-01-03,103.60833333333332,Water_Level_daily_avg
2019-01-04,103.62083333333334,Water_Level_daily_avg
2019-01-05,103.63083333333331,Water_Level_daily_avg
2019-01-06,103.64125,Water_Level_daily_avg
2019-01-07,103.65125,Water_Level_daily_avg
2019-01-08,103.67541666666666,Water_Level_daily_avg
2019-01-09,103.69833333333334,Water_Level_daily_avg
2019-01-10,103.70666666666666,Water_Level_daily_avg
2019-01-11,103.71,Water_Level_daily_avg
2019-01-12,103.71,Water_Level_daily_avg
2019-01-13,103.71,Water_Level_daily_avg
2019-01-14,103.71,Water_Level_daily_avg
2019-01-15,103.71,Water_Level_daily_avg
2019-01-16,103.71,Water_Level_daily_avg
2019-01-17,103.71,Water_Level_daily_avg
2019-01-18,103.71,Water_Level_daily_avg
2019-01-19,103.71,Water_Level_daily_avg
2019-01-20,103.71,Water_Level_daily_avg
2019-01-21,103.71,Water_Level_daily_avg
2019-01-22,103.71,Water_Level_daily_avg
2019-01-23,103.70958333333331,Water_Level_daily_avg
2019-01-24,103.7075,Water_Level_daily_avg
2019-01-25,103.69416666666666,Water_Level_daily_avg
2019-01-26,103.6825,Water_Level_daily_avg
2019-01-27,103.67458333333332,Water_Level_daily_avg
2019-01-28,103.67,Water_Level_daily_avg
2019-01-29,103.66291666666666,Water_Level_daily_avg
2019-01-30,103.65000000000002,Water_Level_daily_avg
2019-01-31,103.64,Water_Level_daily_avg
2019-02-01,103.63,Water_Level_daily_avg
2019-02-02,103.62,Water_Level_daily_avg
2019-02-03,103.61,Water_Level_daily_avg
2019-02-04,103.59999999999998,Water_Level_daily_avg
2019-02-05,103.59333333333332,Water_Level_daily_avg
2019-02-06,103.59,Water_Level_daily_avg
2019-02-07,103.59,Water_Level_daily_avg
2019-02-08,103.59,Water_Level_daily_avg
2019-02-09,103.58583333333333,Water_Level_daily_avg
2019-02-10,103.58,Water_Level_daily_avg
2019-02-11,103.58,Water_Level_daily_avg
2019-02-12,103.58,Water_Level_daily_avg
2019-02-13,103.58,Water_Level_daily_avg
2019-02-14,103.58,Water_Level_daily_avg
2019-02-15,103.58,Water_Level_daily_avg
2019-02-16,103.58,Water_Level_daily_avg
2019-02-17,103.58041666666666,Water_Level_daily_avg
2019-02-18,103.59,Water_Level_daily_avg
2019-02-19,103.61583333333331,Water_Level_daily_avg
2019-02-20,103.63916666666668,Water_Level_daily_avg
2019-02-21,103.65791666666668,Water_Level_daily_avg
2019-02-22,103.67333333333332,Water_Level_daily_avg
2019-02-23,103.69,Water_Level_daily_avg
2019-02-24,103.7,Water_Level_daily_avg
2019-02-25,103.70916666666666,Water_Level_daily_avg
2019-02-26,103.71833333333332,Water_Level_daily_avg
2019-02-27,103.72791666666669,Water_Level_daily_avg
2019-02-28,103.73,Water_Level_daily_avg
2019-03-01,103.73,Water_Level_daily_avg
2019-03-02,103.73833333333332,Water_Level_daily_avg
2019-03-03,103.74083333333331,Water_Level_daily_avg
2019-03-04,103.75083333333332,Water_Level_daily_avg
2019-03-05,103.77875,Water_Level_daily_avg
2019-03-06,103.81708333333331,Water_Level_daily_avg
2019-03-07,103.79791666666668,Water_Level_daily_avg
2019-03-08,103.7225,Water_Level_daily_avg
2019-03-09,103.63916666666668,Water_Level_daily_avg
2019-03-10,103.54041666666669,Water_Level_daily_avg
2019-03-11,103.54791666666668,Water_Level_daily_avg
2019-03-12,103.53916666666667,Water_Level_daily_avg
2019-03-13,103.50291666666668,Water_Level_daily_avg
2019-03-14,103.48,Water_Level_daily_avg
2019-03-15,103.49,Water_Level_daily_avg
2019-03-16,103.49916666666668,Water_Level_daily_avg
2019-03-17,103.515,Water_Level_daily_avg
2019-03-18,103.53583333333334,Water_Level_daily_avg
2019-03-19,103.55583333333334,Water_Level_daily_avg
2019-03-20,103.54416666666668,Water_Level_daily_avg
2019-03-21,103.495,Water_Level_daily_avg
2019-03-22,103.42125,Water_Level_daily_avg
2019-03-23,103.34541666666668,Water_Level_daily_avg
2019-03-24,103.365,Water_Level_daily_avg
2019-03-25,103.30708333333332,Water_Level_daily_avg
2019-03-26,103.10541666666668,Water_Level_daily_avg
2019-03-27,102.89208333333332,Water_Level_daily_avg
2019-03-28,102.67625,Water_Level_daily_avg
2019-03-29,102.44791666666669,Water_Level_daily_avg
2019-03-30,102.3175,Water_Level_daily_avg
2019-03-31,102.19041666666668,Water_Level_daily_avg
2019-04-01,102.13125,Water_Level_daily_avg
2019-04-02,102.01125,Water_Level_daily_avg
2019-04-03,101.88958333333332,Water_Level_daily_avg
2019-04-04,101.78125,Water_Level_daily_avg
2019-04-05,101.68375,Water_Level_daily_avg
2019-04-06,101.65208333333334,Water_Level_daily_avg
2019-04-07,105.95833333333331,Water_Level_daily_avg
2019-04-08,101.75583333333331,Water_Level_daily_avg
2019-04-09,101.77875,Water_Level_daily_avg
2019-04-10,101.74541666666666,Water_Level_daily_avg
2019-04-11,101.64458333333332,Water_Level_daily_avg
2019-04-12,101.47291666666666,Water_Level_daily_avg
2019-04-13,101.1825,Water_Level_daily_avg
2019-04-14,101.00083333333332,Water_Level_daily_avg
2019-04-15,100.92916666666667,Water_Level_daily_avg
2019-04-16,100.75041666666668,Water_Level_daily_avg
2019-04-17,100.71958333333332,Water_Level_daily_avg
2019-04-18,100.75333333333332,Water_Level_daily_avg
2019-04-19,100.775,Water_Level_daily_avg
2019-04-20,100.84833333333334,Water_Level_daily_avg
2019-04-21,100.93541666666664,Water_Level_daily_avg
2019-04-22,101.0275,Water_Level_daily_avg
2019-04-23,100.9825,Water_Level_daily_avg
2019-04-24,100.71333333333332,Water_Level_daily_avg
2019-04-25,100.55666666666669,Water_Level_daily_avg
2019-04-26,100.61041666666668,Water_Level_daily_avg
2019-04-27,100.725,Water_Level_daily_avg
2019-04-28,100.81458333333336,Water_Level_daily_avg
2019-04-29,100.90541666666668,Water_Level_daily_avg
2019-04-30,100.73916666666668,Water_Level_daily_avg
2019-05-01,100.57083333333333,Water_Level_daily_avg
2019-05-02,100.60875,Water_Level_daily_avg
2019-05-03,100.66875,Water_Level_daily_avg
2019-05-04,100.755,Water_Level_daily_avg
2019-05-05,100.86416666666666,Water_Level_daily_avg
2019-05-06,100.835,Water_Level_daily_avg
2019-05-07,100.70541666666666,Water_Level_daily_avg
2019-05-08,100.57041666666667,Water_Level_daily_avg
2019-05-09,100.47833333333334,Water_Level_daily_avg
2019-05-10,100.55791666666666,Water_Level_daily_avg
2019-05-11,100.68875,Water_Level_daily_avg
2019-05-12,100.77916666666664,Water_Level_daily_avg
2019-05-13,100.825,Water_Level_daily_avg
2019-05-14,100.66083333333334,Water_Level_daily_avg
2019-05-15,100.65875,Water_Level_daily_avg
2019-05-16,100.56958333333334,Water_Level_daily_avg
2019-05-17,100.55958333333332,Water_Level_daily_avg
2019-05-18,100.56083333333332,Water_Level_daily_avg
2019-05-19,100.68833333333332,Water_Level_daily_avg
2019-05-20,100.805,Water_Level_daily_avg
2019-05-21,100.9175,Water_Level_daily_avg
2019-05-22,100.98916666666666,Water_Level_daily_avg
2019-05-23,100.93791666666668,Water_Level_daily_avg
2019-05-24,100.69833333333334,Water_Level_daily_avg
2019-05-25,100.54791666666668,Water_Level_daily_avg
2019-05-26,100.65291666666668,Water_Level_daily_avg
2019-05-27,100.70041666666668,Water_Level_daily_avg
2019-05-28,100.55916666666668,Water_Level_daily_avg
2019-05-29,100.61625,Water_Level_daily_avg
2019-05-30,100.76625,Water_Level_daily_avg
2019-05-31,100.85625,Water_Level_daily_avg
2019-06-01,101.01,Water_Level_daily_avg
2019-06-02,101.20875,Water_Level_daily_avg
2019-06-03,101.3575,Water_Level_daily_avg
2019-06-04,101.38083333333331,Water_Level_daily_avg
2019-06-05,101.36458333333331,Water_Level_daily_avg
2019-06-06,101.41875,Water_Level_daily_avg
2019-06-07,101.54291666666668,Water_Level_daily_avg
2019-06-08,101.63666666666668,Water_Level_daily_avg
2019-06-09,101.66625,Water_Level_daily_avg
2019-06-10,101.725,Water_Level_daily_avg
2019-06-11,101.75708333333334,Water_Level_daily_avg
2019-06-12,101.73708333333332,Water_Level_daily_avg
2019-06-13,101.60041666666666,Water_Level_daily_avg
2019-06-14,101.3475,Water_Level_daily_avg
2019-06-15,101.23583333333332,Water_Level_daily_avg
2019-06-16,101.26458333333332,Water_Level_daily_avg
2019-06-17,101.22708333333333,Water_Level_daily_avg
2019-06-18,101.20875,Water_Level_daily_avg
2019-06-19,101.11166666666666,Water_Level_daily_avg
2019-06-20,101.04833333333332,Water_Level_daily_avg
2019-06-21,100.97166666666668,Water_Level_daily_avg
2019-06-22,100.96041666666667,Water_Level_daily_avg
2019-06-23,100.98875,Water_Level_daily_avg
2019-06-24,100.82208333333334,Water_Level_daily_avg
2019-06-25,100.5475,Water_Level_daily_avg
2019-06-26,100.58125,Water_Level_daily_avg
2019-06-27,100.73916666666666,Water_Level_daily_avg
2019-06-28,100.82416666666668,Water_Level_daily_avg
2019-06-29,101.03041666666668,Water_Level_daily_avg
2019-06-30,101.30375,Water_Level_daily_avg
2019-07-01,101.43625,Water_Level_daily_avg
2019-07-02,101.42791666666666,Water_Level_daily_avg
2019-07-03,101.40208333333334,Water_Level_daily_avg
2019-07-04,101.24541666666666,Water_Level_daily_avg
2019-07-05,101.19,Water_Level_daily_avg
2019-07-06,101.05375,Water_Level_daily_avg
2019-07-07,101.12041666666666,Water_Level_daily_avg
2019-07-08,100.91916666666668,Water_Level_daily_avg
2019-07-09,100.9425,Water_Level_daily_avg
2019-07-10,101.12041666666666,Water_Level_daily_avg
2019-07-11,101.27,Water_Level_daily_avg
2019-07-12,101.32916666666668,Water_Level_daily_avg
2019-07-13,101.48416666666668,Water_Level_daily_avg
2019-07-14,101.63416666666666,Water_Level_daily_avg
2019-07-15,101.78583333333334,Water_Level_daily_avg
2019-07-16,101.88666666666668,Water_Level_daily_avg
2019-07-17,101.82083333333333,Water_Level_daily_avg
2019-07-18,101.92791666666666,Water_Level_daily_avg
2019-07-19,102.05291666666666,Water_Level_daily_avg
2019-07-20,102.16,Water_Level_daily_avg
2019-07-21,102.29375,Water_Level_daily_avg
2019-07-22,102.42583333333332,Water_Level_daily_avg
2019-07-23,102.53208333333332,Water_Level_daily_avg
2019-07-24,102.49625,Water_Level_daily_avg
2019-07-25,102.00125,Water_Level_daily_avg
2019-07-26,101.44583333333333,Water_Level_daily_avg
2019-07-27,100.99458333333332,Water_Level_daily_avg
2019-07-28,100.7825,Water_Level_daily_avg
2019-07-29,100.71541666666668,Water_Level_daily_avg
2019-07-30,100.73583333333332,Water_Level_daily_avg
2019-07-31,100.90041666666669,Water_Level_daily_avg
2019-08-01,101.06583333333332,Water_Level_daily_avg
2019-08-02,101.09291666666668,Water_Level_daily_avg
2019-08-03,100.99541666666666,Water_Level_daily_avg
2019-08-04,100.88458333333334,Water_Level_daily_avg
2019-08-05,100.79583333333332,Water_Level_daily_avg
2019-08-06,100.83333333333331,Water_Level_daily_avg
2019-08-07,100.95541666666666,Water_Level_daily_avg
2019-08-08,101.11833333333334,Water_Level_daily_avg
2019-08-09,101.21708333333332,Water_Level_daily_avg
2019-08-10,101.25666666666666,Water_Level_daily_avg
2019-08-11,101.34583333333336,Water_Level_daily_avg
2019-08-12,101.3175,Water_Level_daily_avg
2019-08-13,101.30208333333331,Water_Level_daily_avg
2019-08-14,101.30833333333334,Water_Level_daily_avg
2019-08-15,101.43958333333336,Water_Level_daily_avg
2019-08-16,101.5675,Water_Level_daily_avg
2019-08-17,101.69166666666666,Water_Level_daily_avg
2019-08-18,101.80958333333332,Water_Level_daily_avg
2019-08-19,101.89125,Water_Level_daily_avg
2019-08-20,101.775,Water_Level_daily_avg
2019-08-21,101.82458333333334,Water_Level_daily_avg
2019-08-22,101.91875,Water_Level_daily_avg
2019-08-23,101.9725,Water_Level_daily_avg
2019-08-24,102.05416666666667,Water_Level_daily_avg
2019-08-25,102.1275,Water_Level_daily_avg
2019-08-26,102.205,Water_Level_daily_avg
2019-08-27,102.27291666666667,Water_Level_daily_avg
2019-08-28,102.34,Water_Level_daily_avg
2019-08-29,102.40541666666668,Water_Level_daily_avg
2019-08-30,102.46541666666668,Water_Level_daily_avg
2019-08-31,102.51625,Water_Level_daily_avg
2019-09-01,102.56791666666668,Water_Level_daily_avg
2019-09-02,102.61125,Water_Level_daily_avg
2019-09-03,102.64,Water_Level_daily_avg
2019-09-04,102.67,Water_Level_daily_avg
2019-09-05,102.6925,Water_Level_daily_avg
2019-09-06,102.72208333333332,Water_Level_daily_avg
2019-09-07,102.75166666666668,Water_Level_daily_avg
2019-09-08,102.77416666666666,Water_Level_daily_avg
2019-09-09,102.80083333333334,Water_Level_daily_avg
2019-09-10,102.8325,Water_Level_daily_avg
2019-09-11,102.85208333333333,Water_Level_daily_avg
2019-09-12,102.8675,Water_Level_daily_avg
2019-09-13,102.8775,Water_Level_daily_avg
2019-09-14,102.88916666666668,Water_Level_daily_avg
2019-09-15,102.90416666666664,Water_Level_daily_avg
2019-09-16,102.91875,Water_Level_daily_avg
2019-09-17,102.9325,Water_Level_daily_avg
2019-09-18,102.9425,Water_Level_daily_avg
2019-09-19,102.96166666666666,Water_Level_daily_avg
2019-09-20,102.97583333333334,Water_Level_daily_avg
2019-09-21,102.99541666666666,Water_Level_daily_avg
2019-09-22,103.00083333333332,Water_Level_daily_avg
2019-09-23,103.01541666666668,Water_Level_daily_avg
2019-09-24,103.02916666666664,Water_Level_daily_avg
2019-09-25,103.03833333333334,Water_Level_daily_avg
2019-09-26,103.04291666666668,Water_Level_daily_avg
2019-09-27,103.05708333333332,Water_Level_daily_avg
2019-09-28,103.07,Water_Level_daily_avg
2019-09-29,103.07541666666668,Water_Level_daily_avg
2019-09-30,103.08458333333334,Water_Level_daily_avg
2019-10-01,103.10916666666668,Water_Level_daily_avg
2019-10-02,103.135,Water_Level_daily_avg
2019-10-03,103.15458333333332,Water_Level_daily_avg
2019-10-04,103.16875,Water_Level_daily_avg
2019-10-05,103.17916666666667,Water_Level_daily_avg
2019-10-06,103.19,Water_Level_daily_avg
2019-10-07,103.20583333333332,Water_Level_daily_avg
2019-10-08,103.21208333333333,Water_Level_daily_avg
2019-10-09,103.21999999999998,Water_Level_daily_avg
2019-10-10,103.21999999999998,Water_Level_daily_avg
2019-10-11,103.21999999999998,Water_Level_daily_avg
2019-10-12,103.22833333333334,Water_Level_daily_avg
2019-10-13,103.23,Water_Level_daily_avg
2019-10-14,103.23,Water_Level_daily_avg
2019-10-15,103.23,Water_Level_daily_avg
2019-10-16,103.23,Water_Level_daily_avg
2019-10-17,103.23,Water_Level_daily_avg
2019-10-18,103.23,Water_Level_daily_avg
2019-10-19,103.23,Water_Level_daily_avg
2019-10-20,103.23666666666666,Water_Level_daily_avg
2019-10-21,103.24666666666668,Water_Level_daily_avg
2019-10-22,103.26583333333332,Water_Level_daily_avg
2019-10-23,103.26,Water_Level_daily_avg
2019-10-24,103.27,Water_Level_daily_avg
2019-10-25,103.27666666666666,Water_Level_daily_avg
2019-10-26,103.28000000000002,Water_Level_daily_avg
2019-10-27,103.28875,Water_Level_daily_avg
2019-10-28,103.2775,Water_Level_daily_avg
2019-10-29,103.30291666666666,Water_Level_daily_avg
2019-10-30,103.31041666666664,Water_Level_daily_avg
2019-10-31,103.32,Water_Level_daily_avg
2019-11-01,103.32041666666667,Water_Level_daily_avg
2019-11-02,103.33583333333333,Water_Level_daily_avg
2019-11-03,103.34,Water_Level_daily_avg
2019-11-04,103.34666666666668,Water_Level_daily_avg
2019-11-05,103.36,Water_Level_daily_avg
2019-11-06,103.36333333333334,Water_Level_daily_avg
2019-11-07,103.37,Water_Level_daily_avg
2019-11-08,103.36958333333332,Water_Level_daily_avg
2019-11-09,103.365,Water_Level_daily_avg
2019-11-10,103.37666666666668,Water_Level_daily_avg
2019-11-11,103.38,Water_Level_daily_avg
2019-11-12,103.37708333333336,Water_Level_daily_avg
2019-11-13,103.38,Water_Level_daily_avg
2019-11-14,103.38,Water_Level_daily_avg
2019-11-15,103.37333333333332,Water_Level_daily_avg
2019-11-16,103.3625,Water_Level_daily_avg
2019-11-17,103.36,Water_Level_daily_avg
2019-11-18,103.3525,Water_Level_daily_avg
2019-11-19,103.34666666666664,Water_Level_daily_avg
2019-11-20,103.3325,Water_Level_daily_avg
2019-11-21,103.31458333333336,Water_Level_daily_avg
2019-11-22,103.29125,Water_Level_daily_avg
2019-11-23,103.27375,Water_Level_daily_avg
2019-11-24,103.25125,Water_Level_daily_avg
2019-11-25,103.23458333333332,Water_Level_daily_avg
2019-11-26,103.22375,Water_Level_daily_avg
2019-11-27,103.20375,Water_Level_daily_avg
2019-11-28,103.18083333333334,Water_Level_daily_avg
2019-11-29,103.15125,Water_Level_daily_avg
2019-11-30,103.12333333333332,Water_Level_daily_avg
2019-12-01,103.09291666666668,Water_Level_daily_avg
2019-12-02,103.05958333333332,Water_Level_daily_avg
2019-12-03,103.04666666666668,Water_Level_daily_avg
2019-12-04,103.03041666666668,Water_Level_daily_avg
2019-12-05,103.01375,Water_Level_daily_avg
2019-12-06,102.9975,Water_Level_daily_avg
2019-12-07,102.98625,Water_Level_daily_avg
2019-12-08,102.97958333333334,Water_Level_daily_avg
2019-12-09,102.96666666666664,Water_Level_daily_avg
2019-12-10,102.95666666666666,Water_Level_daily_avg
2019-12-11,102.95,Water_Level_daily_avg
2019-12-12,102.9425,Water_Level_daily_avg
2019-12-13,102.93333333333334,Water_Level_daily_avg
2019-12-14,102.92458333333332,Water_Level_daily_avg
2019-12-15,102.915,Water_Level_daily_avg
2019-12-16,102.90416666666664,Water_Level_daily_avg
2019-12-17,102.885,Water_Level_daily_avg
2019-12-18,102.87,Water_Level_daily_avg
2019-12-19,102.8575,Water_Level_daily_avg
2019-12-20,102.8475,Water_Level_daily_avg
2019-12-21,102.83583333333333,Water_Level_daily_avg
2019-12-22,102.82333333333332,Water_Level_daily_avg
2019-12-23,102.8175,Water_Level_daily_avg
2019-12-24,102.80625,Water_Level_daily_avg
2019-12-25,102.79541666666668,Water_Level_daily_avg
2019-12-26,102.78041666666668,Water_Level_daily_avg
2019-12-27,102.7575,Water_Level_daily_avg
2019-12-28,102.7475,Water_Level_daily_avg
2019-12-29,102.73583333333332,Water_Level_daily_avg
2019-12-30,102.71791666666668,Water_Level_daily_avg
2019-12-31,102.70541666666666,Water_Level_daily_avg
2020-01-01,102.68666666666668,Water_Level_daily_avg
2020-01-02,102.675,Water_Level_daily_avg
2020-01-03,102.665,Water_Level_daily_avg
2020-01-04,102.64875,Water_Level_daily_avg
2020-01-05,102.6375,Water_Level_daily_avg
2020-01-06,102.62583333333332,Water_Level_daily_avg
2020-01-07,102.61875,Water_Level_daily_avg
2020-01-08,102.60875,Water_Level_daily_avg
2020-01-09,102.59875,Water_Level_daily_avg
2020-01-10,102.58625,Water_Level_daily_avg
2020-01-11,102.56916666666666,Water_Level_daily_avg
2020-01-12,102.55083333333334,Water_Level_daily_avg
2020-01-13,102.54,Water_Level_daily_avg
2020-01-14,102.53458333333332,Water_Level_daily_avg
2020-01-15,102.52583333333332,Water_Level_daily_avg
2020-01-16,102.51083333333334,Water_Level_daily_avg
2020-01-17,102.48541666666668,Water_Level_daily_avg
2020-01-18,102.46583333333332,Water_Level_daily_avg
2020-01-19,102.44666666666666,Water_Level_daily_avg
2020-01-20,102.44541666666667,Water_Level_daily_avg
2020-01-21,102.42375,Water_Level_daily_avg
2020-01-22,102.41583333333334,Water_Level_daily_avg
2020-01-23,102.40500000000002,Water_Level_daily_avg
2020-01-24,102.3975,Water_Level_daily_avg
2020-01-25,102.38,Water_Level_daily_avg
2020-01-26,102.36666666666667,Water_Level_daily_avg
2020-01-27,102.355,Water_Level_daily_avg
2020-01-28,102.34666666666664,Water_Level_daily_avg
2020-01-29,102.33375,Water_Level_daily_avg
2020-01-30,102.32208333333334,Water_Level_daily_avg
2020-01-31,102.31083333333332,Water_Level_daily_avg
2020-02-01,102.2925,Water_Level_daily_avg
2020-02-02,102.285,Water_Level_daily_avg
2020-02-03,102.26875,Water_Level_daily_avg
2020-02-04,102.25583333333331,Water_Level_daily_avg
2020-02-05,102.24333333333334,Water_Level_daily_avg
2020-02-06,102.22583333333334,Water_Level_daily_avg
2020-02-07,102.21416666666666,Water_Level_daily_avg
2020-02-08,102.19708333333334,Water_Level_daily_avg
2020-02-09,102.175,Water_Level_daily_avg
2020-02-10,102.1625,Water_Level_daily_avg
2020-02-11,102.14583333333331,Water_Level_daily_avg
2020-02-12,102.1375,Water_Level_daily_avg
2020-02-13,102.1325,Water_Level_daily_avg
2020-02-14,102.12125,Water_Level_daily_avg
2020-02-15,102.10416666666669,Water_Level_daily_avg
2020-02-16,102.08833333333332,Water_Level_daily_avg
2020-02-17,102.07958333333332,Water_Level_daily_avg
2020-02-18,102.0625,Water_Level_daily_avg
2020-02-19,102.05583333333334,Water_Level_daily_avg
2020-02-20,102.05625,Water_Level_daily_avg
2020-02-21,102.02583333333332,Water_Level_daily_avg
2020-02-22,102.01666666666668,Water_Level_daily_avg
2020-02-23,102.005,Water_Level_daily_avg
2020-02-24,102.0,Water_Level_daily_avg
2020-02-25,101.99708333333332,Water_Level_daily_avg
2020-02-26,101.98583333333332,Water_Level_daily_avg
2020-02-27,101.97291666666666,Water_Level_daily_avg
2020-02-28,101.96291666666666,Water_Level_daily_avg
2020-02-29,101.94541666666667,Water_Level_daily_avg
2020-03-01,101.93583333333332,Water_Level_daily_avg
2020-03-02,101.92416666666668,Water_Level_daily_avg
2020-03-03,101.91666666666669,Water_Level_daily_avg
2020-03-04,101.91,Water_Level_daily_avg
2020-03-05,101.91,Water_Level_daily_avg
2020-03-06,101.89833333333333,Water_Level_daily_avg
2020-03-07,101.88833333333334,Water_Level_daily_avg
2020-03-08,101.88,Water_Level_daily_avg
2020-03-09,101.87208333333336,Water_Level_daily_avg
2020-03-10,101.86125,Water_Level_daily_avg
2020-03-11,101.85916666666668,Water_Level_daily_avg
2020-03-12,101.84999999999998,Water_Level_daily_avg
2020-03-13,101.84999999999998,Water_Level_daily_avg
2020-03-14,101.84041666666668,Water_Level_daily_avg
2020-03-15,101.83333333333331,Water_Level_daily_avg
2020-03-16,101.82333333333332,Water_Level_daily_avg
2020-03-17,101.82,Water_Level_daily_avg
2020-03-18,101.81583333333332,Water_Level_daily_avg
2020-03-19,101.80583333333334,Water_Level_daily_avg
2020-03-20,101.795,Water_Level_daily_avg
2020-03-21,101.79,Water_Level_daily_avg
2020-03-22,101.79,Water_Level_daily_avg
2020-03-23,101.79,Water_Level_daily_avg
2020-03-24,101.79,Water_Level_daily_avg
2020-03-25,101.79,Water_Level_daily_avg
2020-03-26,101.79,Water_Level_daily_avg
2020-03-27,101.79,Water_Level_daily_avg
2020-03-28,101.78916666666667,Water_Level_daily_avg
2020-03-29,101.78000000000002,Water_Level_daily_avg
2020-03-30,101.78000000000002,Water_Level_daily_avg
2020-03-31,101.78000000000002,Water_Level_daily_avg
2020-04-01,101.78000000000002,Water_Level_daily_avg
2020-04-02,101.77541666666669,Water_Level_daily_avg
2020-04-03,101.77041666666666,Water_Level_daily_avg
2020-04-04,101.77,Water_Level_daily_avg
2020-04-05,106.01708333333332,Water_Level_daily_avg
2020-04-06,101.78000000000002,Water_Level_daily_avg
2020-04-07,101.78000000000002,Water_Level_daily_avg
2020-04-08,101.78000000000002,Water_Level_daily_avg
2020-04-09,101.78000000000002,Water_Level_daily_avg
2020-04-10,101.78000000000002,Water_Level_daily_avg
2020-04-11,101.78000000000002,Water_Level_daily_avg
2020-04-12,101.78000000000002,Water_Level_daily_avg
2020-04-13,101.79,Water_Level_daily_avg
2020-04-14,101.80666666666669,Water_Level_daily_avg
2020-04-15,101.81041666666664,Water_Level_daily_avg
2020-04-16,101.82,Water_Level_daily_avg
2020-04-17,101.82791666666668,Water_Level_daily_avg
2020-04-18,101.83791666666669,Water_Level_daily_avg
2020-04-19,101.84250000000002,Water_Level_daily_avg
2020-04-20,101.85833333333332,Water_Level_daily_avg
2020-04-21,101.85041666666666,Water_Level_daily_avg
2020-04-22,101.82,Water_Level_daily_avg
2020-04-23,101.83,Water_Level_daily_avg
2020-04-24,101.83541666666667,Water_Level_daily_avg
2020-04-25,101.81916666666666,Water_Level_daily_avg
2020-04-26,101.83166666666666,Water_Level_daily_avg
2020-04-27,101.84333333333336,Water_Level_daily_avg
2020-04-28,101.80041666666666,Water_Level_daily_avg
2020-04-29,101.66041666666666,Water_Level_daily_avg
2020-04-30,101.54291666666668,Water_Level_daily_avg
2020-05-01,101.51,Water_Level_daily_avg
2020-05-02,101.41458333333333,Water_Level_daily_avg
2020-05-03,101.33875,Water_Level_daily_avg
2020-05-04,101.33333333333331,Water_Level_daily_avg
2020-05-05,101.23166666666668,Water_Level_daily_avg
2020-05-06,101.05333333333331,Water_Level_daily_avg
2020-05-07,100.96,Water_Level_daily_avg
2020-05-08,100.94333333333331,Water_Level_daily_avg
2020-05-09,100.9325,Water_Level_daily_avg
2020-05-10,100.91458333333334,Water_Level_daily_avg
2020-05-11,100.89416666666666,Water_Level_daily_avg
2020-05-12,100.86166666666666,Water_Level_daily_avg
2020-05-13,100.855,Water_Level_daily_avg
2020-05-14,100.88333333333333,Water_Level_daily_avg
2020-05-15,100.91083333333334,Water_Level_daily_avg
2020-05-16,100.91375,Water_Level_daily_avg
2020-05-17,100.86875,Water_Level_daily_avg
2020-05-18,100.80333333333334,Water_Level_daily_avg
2020-05-19,100.77416666666666,Water_Level_daily_avg
2020-05-20,100.77666666666666,Water_Level_daily_avg
2020-05-21,100.78208333333332,Water_Level_daily_avg
2020-05-22,100.78708333333331,Water_Level_daily_avg
2020-05-23,100.83125,Water_Level_daily_avg
2020-05-24,100.86,Water_Level_daily_avg
2020-05-25,100.8325,Water_Level_daily_avg
2020-05-26,100.81333333333332,Water_Level_daily_avg
2020-05-27,100.76208333333334,Water_Level_daily_avg
2020-05-28,100.615,Water_Level_daily_avg
2020-05-29,100.54,Water_Level_daily_avg
2020-05-30,100.56916666666666,Water_Level_daily_avg
2020-05-31,100.56833333333331,Water_Level_daily_avg
2020-06-01,100.58208333333332,Water_Level_daily_avg
2020-06-02,100.52875,Water_Level_daily_avg
2020-06-03,100.52458333333334,Water_Level_daily_avg
2020-06-04,100.51583333333332,Water_Level_daily_avg
2020-06-05,100.53541666666666,Water_Level_daily_avg
2020-06-06,100.57875,Water_Level_daily_avg
2020-06-07,100.59708333333332,Water_Level_daily_avg
2020-06-08,100.65333333333332,Water_Level_daily_avg
2020-06-09,100.69791666666669,Water_Level_daily_avg
2020-06-10,100.64541666666666,Water_Level_daily_avg
2020-06-11,100.53666666666668,Water_Level_daily_avg
2020-06-12,100.57083333333333,Water_Level_daily_avg
2020-06-13,100.56083333333332,Water_Level_daily_avg
2020-06-14,100.54,Water_Level_daily_avg
2020-06-15,100.6625,Water_Level_daily_avg
2020-06-16,100.67708333333331,Water_Level_daily_avg
2020-06-17,100.6025,Water_Level_daily_avg
2020-06-18,100.52791666666668,Water_Level_daily_avg
2020-06-19,100.73416666666668,Water_Level_daily_avg
2020-06-20,100.93375,Water_Level_daily_avg
2020-06-21,101.07166666666666,Water_Level_daily_avg
2020-06-22,101.15875,Water_Level_daily_avg
2020-06-23,101.27208333333334,Water_Level_daily_avg
2020-06-24,101.45916666666666,Water_Level_daily_avg
2020-06-25,101.53708333333331,Water_Level_daily_avg
2020-06-26,101.28083333333336,Water_Level_daily_avg
2020-06-27,100.76708333333332,Water_Level_daily_avg
2020-06-28,100.89666666666666,Water_Level_daily_avg
2020-06-29,101.22,Water_Level_daily_avg
2020-06-30,101.86458333333331,Water_Level_daily_avg
2020-07-01,102.22083333333336,Water_Level_daily_avg
2020-07-02,102.26375,Water_Level_daily_avg
2020-07-03,102.06333333333332,Water_Level_daily_avg
2020-07-04,101.95875,Water_Level_daily_avg
2020-07-05,102.74458333333332,Water_Level_daily_avg
2020-07-06,103.30666666666669,Water_Level_daily_avg
2020-07-07,103.295,Water_Level_daily_avg
2020-07-08,103.1525,Water_Level_daily_avg
2020-07-09,103.05916666666668,Water_Level_daily_avg
2020-07-10,102.82666666666668,Water_Level_daily_avg
2020-07-11,102.47375,Water_Level_daily_avg
2020-07-12,102.025,Water_Level_daily_avg
2020-07-13,101.52958333333332,Water_Level_daily_avg
2020-07-14,101.46291666666669,Water_Level_daily_avg
2020-07-15,101.22083333333336,Water_Level_daily_avg
2020-07-16,101.04916666666666,Water_Level_daily_avg
2020-07-17,100.78041666666668,Water_Level_daily_avg
2020-07-18,100.6325,Water_Level_daily_avg
2020-07-19,100.77291666666667,Water_Level_daily_avg
2020-07-20,100.8325,Water_Level_daily_avg
2020-07-21,100.90625,Water_Level_daily_avg
2020-07-22,100.94541666666667,Water_Level_daily_avg
2020-07-23,100.96791666666668,Water_Level_daily_avg
2020-07-24,100.86416666666668,Water_Level_daily_avg
2020-07-25,100.97333333333334,Water_Level_daily_avg
2020-07-26,101.05,Water_Level_daily_avg
2020-07-27,101.16041666666666,Water_Level_daily_avg
2020-07-28,101.23708333333332,Water_Level_daily_avg
2020-07-29,100.895,Water_Level_daily_avg
2020-07-30,100.56041666666664,Water_Level_daily_avg
2020-07-31,100.70291666666668,Water_Level_daily_avg
2020-08-01,100.80375,Water_Level_daily_avg
2020-08-02,100.90583333333332,Water_Level_daily_avg
2020-08-03,101.05458333333333,Water_Level_daily_avg
2020-08-04,101.10375,Water_Level_daily_avg
2020-08-05,101.10333333333334,Water_Level_daily_avg
2020-08-06,101.14166666666668,Water_Level_daily_avg
2020-08-07,101.17208333333332,Water_Level_daily_avg
2020-08-08,101.18375,Water_Level_daily_avg
2020-08-09,101.29208333333334,Water_Level_daily_avg
2020-08-10,101.44375,Water_Level_daily_avg
2020-08-11,101.65416666666664,Water_Level_daily_avg
2020-08-12,101.68583333333332,Water_Level_daily_avg
2020-08-13,101.51416666666668,Water_Level_daily_avg
2020-08-14,101.33791666666669,Water_Level_daily_avg
2020-08-15,101.28833333333334,Water_Level_daily_avg
2020-08-16,101.34958333333331,Water_Level_daily_avg
2020-08-17,101.45458333333332,Water_Level_daily_avg
2020-08-18,101.48458333333332,Water_Level_daily_avg
2020-08-19,101.62375,Water_Level_daily_avg
2020-08-20,101.7075,Water_Level_daily_avg
2020-08-21,101.8325,Water_Level_daily_avg
2020-08-22,102.04541666666668,Water_Level_daily_avg
2020-08-23,102.25041666666668,Water_Level_daily_avg
2020-08-24,102.37916666666666,Water_Level_daily_avg
2020-08-25,102.41625,Water_Level_daily_avg
2020-08-26,102.39541666666666,Water_Level_daily_avg
2020-08-27,102.3425,Water_Level_daily_avg
2020-08-28,102.32958333333332,Water_Level_daily_avg
2020-08-29,102.47083333333336,Water_Level_daily_avg
2020-08-30,102.52041666666666,Water_Level_daily_avg
2020-08-31,102.58458333333334,Water_Level_daily_avg
2020-09-01,102.69666666666669,Water_Level_daily_avg
2020-09-02,102.74708333333332,Water_Level_daily_avg
2020-09-03,102.81333333333332,Water_Level_daily_avg
2020-09-04,102.89791666666667,Water_Level_daily_avg
2020-09-05,102.98916666666666,Water_Level_daily_avg
2020-09-06,103.06,Water_Level_daily_avg
2020-09-07,103.13333333333333,Water_Level_daily_avg
2020-09-08,103.19916666666668,Water_Level_daily_avg
2020-09-09,103.275,Water_Level_daily_avg
2020-09-10,103.33125,Water_Level_daily_avg
2020-09-11,103.42125,Water_Level_daily_avg
2020-09-12,103.51708333333332,Water_Level_daily_avg
2020-09-13,103.55666666666669,Water_Level_daily_avg
2020-09-14,103.54875,Water_Level_daily_avg
2020-09-15,103.58291666666666,Water_Level_daily_avg
2020-09-16,103.56666666666666,Water_Level_daily_avg
2020-09-17,103.57958333333332,Water_Level_daily_avg
2020-09-18,103.60416666666669,Water_Level_daily_avg
2020-09-19,103.60958333333332,Water_Level_daily_avg
2020-09-20,103.605,Water_Level_daily_avg
2020-09-21,103.55333333333331,Water_Level_daily_avg
2020-09-22,103.49708333333332,Water_Level_daily_avg
2020-09-23,103.47083333333336,Water_Level_daily_avg
2020-09-24,103.41083333333334,Water_Level_daily_avg
2020-09-25,103.28583333333334,Water_Level_daily_avg
2020-09-26,103.21791666666668,Water_Level_daily_avg
2020-09-27,103.25833333333333,Water_Level_daily_avg
2020-09-28,103.22916666666669,Water_Level_daily_avg
2020-09-29,103.27,Water_Level_daily_avg
2020-09-30,103.3425,Water_Level_daily_avg
2020-10-01,103.39541666666666,Water_Level_daily_avg
2020-10-02,103.40208333333334,Water_Level_daily_avg
2020-10-03,103.3875,Water_Level_daily_avg
2020-10-04,103.41333333333334,Water_Level_daily_avg
2020-10-05,103.42375,Water_Level_daily_avg
2020-10-06,103.4375,Water_Level_daily_avg
2020-10-07,103.45833333333331,Water_Level_daily_avg
2020-10-08,103.46833333333332,Water_Level_daily_avg
2020-10-09,103.47916666666669,Water_Level_daily_avg
2020-10-10,103.495,Water_Level_daily_avg
2020-10-11,103.5,Water_Level_daily_avg
2020-10-12,103.50666666666666,Water_Level_daily_avg
2020-10-13,103.51333333333334,Water_Level_daily_avg
2020-10-14,103.53666666666668,Water_Level_daily_avg
2020-10-15,103.57916666666668,Water_Level_daily_avg
2020-10-16,103.6375,Water_Level_daily_avg
2020-10-17,103.74083333333334,Water_Level_daily_avg
2020-10-18,103.88583333333334,Water_Level_daily_avg
2020-10-19,104.04875,Water_Level_daily_avg
2020-10-20,104.19416666666666,Water_Level_daily_avg
2020-10-21,104.19083333333332,Water_Level_daily_avg
2020-10-22,104.16333333333334,Water_Level_daily_avg
2020-10-23,104.17875,Water_Level_daily_avg
2020-10-24,104.1925,Water_Level_daily_avg
2020-10-25,104.20583333333332,Water_Level_daily_avg
2020-10-26,104.16958333333334,Water_Level_daily_avg
2020-10-27,104.11416666666666,Water_Level_daily_avg
2020-10-28,104.00666666666666,Water_Level_daily_avg
2020-10-29,104.01833333333332,Water_Level_daily_avg
2020-10-30,104.015,Water_Level_daily_avg
2020-10-31,104.04958333333332,Water_Level_daily_avg
2020-11-01,104.13125,Water_Level_daily_avg
2020-11-02,104.23125,Water_Level_daily_avg
2020-11-03,104.25458333333334,Water_Level_daily_avg
2020-11-04,104.2,Water_Level_daily_avg
2020-11-05,104.1925,Water_Level_daily_avg
2020-11-06,104.19791666666669,Water_Level_daily_avg
2020-11-07,104.19916666666666,Water_Level_daily_avg
2020-11-08,104.24125,Water_Level_daily_avg
2020-11-09,104.28083333333332,Water_Level_daily_avg
2020-11-10,104.24375,Water_Level_daily_avg
2020-11-11,104.1675,Water_Level_daily_avg
2020-11-12,104.13916666666668,Water_Level_daily_avg
2020-11-13,104.16583333333334,Water_Level_daily_avg
2020-11-14,104.18625,Water_Level_daily_avg
2020-11-15,104.24125,Water_Level_daily_avg
2020-11-16,104.2225,Water_Level_daily_avg
2020-11-17,104.09166666666664,Water_Level_daily_avg
2020-11-18,103.98458333333332,Water_Level_daily_avg
2020-11-19,104.02458333333334,Water_Level_daily_avg
2020-11-20,104.08125,Water_Level_daily_avg
2020-11-21,104.09541666666668,Water_Level_daily_avg
2020-11-22,104.02666666666666,Water_Level_daily_avg
2020-11-23,104.025,Water_Level_daily_avg
2020-11-24,104.03541666666666,Water_Level_daily_avg
2020-11-25,104.08083333333332,Water_Level_daily_avg
2020-11-26,104.11708333333333,Water_Level_daily_avg
2020-11-27,104.02958333333332,Water_Level_daily_avg
2020-11-28,104.055,Water_Level_daily_avg
2020-11-29,104.08666666666666,Water_Level_daily_avg
2020-11-30,104.13791666666668,Water_Level_daily_avg
2020-12-01,104.07833333333332,Water_Level_daily_avg
2020-12-02,104.06708333333334,Water_Level_daily_avg
2020-12-03,104.09041666666668,Water_Level_daily_avg
2020-12-04,104.08458333333334,Water_Level_daily_avg
2020-12-05,104.06125,Water_Level_daily_avg
2020-12-06,104.0575,Water_Level_daily_avg
2020-12-07,104.05916666666668,Water_Level_daily_avg
2020-12-08,104.06208333333332,Water_Level_daily_avg
2020-12-09,104.12208333333332,Water_Level_daily_avg
2020-12-10,104.12583333333332,Water_Level_daily_avg
2020-12-11,104.05541666666666,Water_Level_daily_avg
2020-12-12,104.01791666666666,Water_Level_daily_avg
2020-12-13,104.05166666666668,Water_Level_daily_avg
2020-12-14,104.07708333333332,Water_Level_daily_avg
2020-12-15,104.08666666666666,Water_Level_daily_avg
2020-12-16,104.09375,Water_Level_daily_avg
2020-12-17,104.04875,Water_Level_daily_avg
2020-12-18,104.01666666666668,Water_Level_daily_avg
2020-12-19,104.00458333333334,Water_Level_daily_avg
2020-12-20,104.01,Water_Level_daily_avg
2020-12-21,104.01333333333334,Water_Level_daily_avg
2020-12-22,104.00166666666668,Water_Level_daily_avg
2020-12-23,103.99833333333332,Water_Level_daily_avg
2020-12-24,104.00291666666668,Water_Level_daily_avg
2020-12-25,103.99916666666668,Water_Level_daily_avg
2020-12-26,104.00208333333336,Water_Level_daily_avg
2020-12-27,104.02458333333334,Water_Level_daily_avg
2020-12-28,104.04125,Water_Level_daily_avg
2020-12-29,104.03583333333334,Water_Level_daily_avg
2020-12-30,104.03583333333334,Water_Level_daily_avg
2020-12-31,104.01041666666669,Water_Level_daily_avg
2021-01-01,103.98708333333332,Water_Level_daily_avg
2021-01-02,103.9925,Water_Level_daily_avg
2021-01-03,104.0025,Water_Level_daily_avg
2021-01-04,104.01666666666668,Water_Level_daily_avg
2021-01-05,104.00416666666666,Water_Level_daily_avg
2021-01-06,103.98041666666668,Water_Level_daily_avg
2021-01-07,103.97333333333334,Water_Level_daily_avg
2021-01-08,103.95708333333332,Water_Level_daily_avg
2021-01-09,103.95041666666668,Water_Level_daily_avg
2021-01-10,103.9475,Water_Level_daily_avg
2021-01-11,103.94083333333332,Water_Level_daily_avg
2021-01-12,103.93583333333332,Water_Level_daily_avg
2021-01-13,103.91875,Water_Level_daily_avg
2021-01-14,103.90916666666668,Water_Level_daily_avg
2021-01-15,103.9,Water_Level_daily_avg
2021-01-16,103.88791666666668,Water_Level_daily_avg
2021-01-17,103.87624999999998,Water_Level_daily_avg
2021-01-18,103.8575,Water_Level_daily_avg
2021-01-19,103.84708333333332,Water_Level_daily_avg
2021-01-20,103.8375,Water_Level_daily_avg
2021-01-21,103.83083333333332,Water_Level_daily_avg
2021-01-22,103.81583333333332,Water_Level_daily_avg
2021-01-23,103.81,Water_Level_daily_avg
2021-01-24,103.7975,Water_Level_daily_avg
2021-01-25,103.79625,Water_Level_daily_avg
2021-01-26,103.8,Water_Level_daily_avg
2021-01-27,103.80041666666666,Water_Level_daily_avg
2021-01-28,103.81,Water_Level_daily_avg
2021-01-29,103.81333333333332,Water_Level_daily_avg
2021-01-30,103.94333333333331,Water_Level_daily_avg
2021-01-31,104.14833333333333,Water_Level_daily_avg
2021-02-01,104.37333333333332,Water_Level_daily_avg
2021-02-02,104.365,Water_Level_daily_avg
2021-02-03,104.32916666666668,Water_Level_daily_avg
2021-02-04,104.33208333333332,Water_Level_daily_avg
2021-02-05,104.31458333333332,Water_Level_daily_avg
2021-02-06,104.35958333333332,Water_Level_daily_avg
2021-02-07,104.47291666666666,Water_Level_daily_avg
2021-02-08,104.58333333333331,Water_Level_daily_avg
2021-02-09,104.585,Water_Level_daily_avg
2021-02-10,104.47041666666668,Water_Level_daily_avg
2021-02-11,104.2575,Water_Level_daily_avg
2021-02-12,104.03625,Water_Level_daily_avg
2021-02-13,104.04208333333334,Water_Level_daily_avg
2021-02-14,104.07416666666666,Water_Level_daily_avg
2021-02-15,104.11875,Water_Level_daily_avg
2021-02-16,104.05208333333331,Water_Level_daily_avg
2021-02-17,104.03666666666668,Water_Level_daily_avg
2021-02-18,104.02791666666668,Water_Level_daily_avg
2021-02-19,104.06125,Water_Level_daily_avg
2021-02-20,104.03583333333334,Water_Level_daily_avg
2021-02-21,103.99541666666666,Water_Level_daily_avg
2021-02-22,104.00708333333334,Water_Level_daily_avg
2021-02-23,104.025,Water_Level_daily_avg
2021-02-24,104.03125,Water_Level_daily_avg
2021-02-25,104.05125,Water_Level_daily_avg
2021-02-26,104.06125,Water_Level_daily_avg
2021-02-27,104.05958333333332,Water_Level_daily_avg
2021-02-28,104.06333333333332,Water_Level_daily_avg
2021-03-01,103.98416666666668,Water_Level_daily_avg
2021-03-02,103.97666666666667,Water_Level_daily_avg
2021-03-03,103.85625,Water_Level_daily_avg
2021-03-04,103.8175,Water_Level_daily_avg
2021-03-05,103.81458333333336,Water_Level_daily_avg
2021-03-06,103.7625,Water_Level_daily_avg
2021-03-07,103.75708333333334,Water_Level_daily_avg
2021-03-08,103.70375,Water_Level_daily_avg
2021-03-09,103.60916666666668,Water_Level_daily_avg
2021-03-10,103.57291666666669,Water_Level_daily_avg
2021-03-11,103.51125,Water_Level_daily_avg
2021-03-12,103.46708333333332,Water_Level_daily_avg
2021-03-13,103.37916666666666,Water_Level_daily_avg
2021-03-14,103.40458333333332,Water_Level_daily_avg
2021-03-15,103.29,Water_Level_daily_avg
2021-03-16,103.27833333333332,Water_Level_daily_avg
2021-03-17,103.30666666666669,Water_Level_daily_avg
2021-03-18,103.24166666666666,Water_Level_daily_avg
2021-03-19,103.1425,Water_Level_daily_avg
2021-03-20,103.14875,Water_Level_daily_avg
2021-03-21,103.16041666666666,Water_Level_daily_avg
2021-03-22,103.12625,Water_Level_daily_avg
2021-03-23,102.96416666666666,Water_Level_daily_avg
2021-03-24,102.87333333333332,Water_Level_daily_avg
2021-03-25,102.82666666666668,Water_Level_daily_avg
2021-03-26,102.79541666666668,Water_Level_daily_avg
2021-03-27,102.73333333333332,Water_Level_daily_avg
2021-03-28,102.66916666666668,Water_Level_daily_avg
2021-03-29,102.66,Water_Level_daily_avg
2021-03-30,102.67208333333332,Water_Level_daily_avg
2021-03-31,102.695,Water_Level_daily_avg
2021-04-01,102.67041666666668,Water_Level_daily_avg
2021-04-02,102.63625,Water_Level_daily_avg
2021-04-03,102.48,Water_Level_daily_avg
2021-04-04,106.67041666666668,Water_Level_daily_avg
2021-04-05,102.39375,Water_Level_daily_avg
2021-04-06,102.34625,Water_Level_daily_avg
2021-04-07,102.34791666666666,Water_Level_daily_avg
2021-04-08,102.24458333333332,Water_Level_daily_avg
2021-04-09,102.26833333333332,Water_Level_daily_avg
2021-04-10,102.20708333333332,Water_Level_daily_avg
2021-04-11,102.17791666666666,Water_Level_daily_avg
2021-04-12,102.20375,Water_Level_daily_avg
2021-04-13,102.18958333333336,Water_Level_daily_avg
2021-04-14,102.17083333333332,Water_Level_daily_avg
2021-04-15,102.125,Water_Level_daily_avg
2021-04-16,101.99,Water_Level_daily_avg
2021-04-17,101.90458333333332,Water_Level_daily_avg
2021-04-18,101.93791666666668,Water_Level_daily_avg
2021-04-19,101.91875,Water_Level_daily_avg
2021-04-20,101.87333333333332,Water_Level_daily_avg
2021-04-21,101.85958333333332,Water_Level_daily_avg
2021-04-22,101.8975,Water_Level_daily_avg
2021-04-23,101.79208333333334,Water_Level_daily_avg
2021-04-24,101.75,Water_Level_daily_avg
2021-04-25,101.7425,Water_Level_daily_avg
2021-04-26,101.7325,Water_Level_daily_avg
2021-04-27,101.61958333333332,Water_Level_daily_avg
2021-04-28,101.60291666666666,Water_Level_daily_avg
2021-04-29,101.59958333333331,Water_Level_daily_avg
2021-04-30,101.61541666666666,Water_Level_daily_avg
2021-05-01,101.62166666666668,Water_Level_daily_avg
2021-05-02,101.44291666666668,Water_Level_daily_avg
2021-05-03,101.39833333333333,Water_Level_daily_avg
2021-05-04,101.2975,Water_Level_daily_avg
2021-05-05,101.22416666666668,Water_Level_daily_avg
2021-05-06,101.14208333333332,Water_Level_daily_avg
2021-05-07,101.00166666666668,Water_Level_daily_avg
2021-05-08,101.02458333333334,Water_Level_daily_avg
2021-05-09,101.08416666666666,Water_Level_daily_avg
2021-05-10,101.13333333333333,Water_Level_daily_avg
2021-05-11,100.96666666666664,Water_Level_daily_avg
2021-05-12,100.69458333333334,Water_Level_daily_avg
2021-05-13,100.63166666666666,Water_Level_daily_avg
2021-05-14,100.61916666666669,Water_Level_daily_avg
2021-05-15,100.67,Water_Level_daily_avg
2021-05-16,100.6875,Water_Level_daily_avg
2021-05-17,100.72708333333333,Water_Level_daily_avg
2021-05-18,100.58875,Water_Level_daily_avg
2021-05-19,100.50375,Water_Level_daily_avg
2021-05-20,100.52666666666666,Water_Level_daily_avg
2021-05-21,100.53083333333332,Water_Level_daily_avg
2021-05-22,100.51875,Water_Level_daily_avg
2021-05-23,100.53666666666668,Water_Level_daily_avg
2021-05-24,100.51583333333332,Water_Level_daily_avg
2021-05-25,100.53666666666668,Water_Level_daily_avg
2021-05-26,100.60208333333333,Water_Level_daily_avg
2021-05-27,100.6625,Water_Level_daily_avg
2021-05-28,100.70958333333331,Water_Level_daily_avg
2021-05-29,100.6725,Water_Level_daily_avg
2021-05-30,100.58833333333332,Water_Level_daily_avg
2021-05-31,100.66,Water_Level_daily_avg
2021-06-01,100.72666666666667,Water_Level_daily_avg
2021-06-02,100.84208333333332,Water_Level_daily_avg
2021-06-03,100.96708333333332,Water_Level_daily_avg
2021-06-04,100.86,Water_Level_daily_avg
2021-06-05,100.56291666666664,Water_Level_daily_avg
2021-06-06,100.59583333333336,Water_Level_daily_avg
2021-06-07,100.53083333333336,Water_Level_daily_avg
2021-06-08,100.56083333333332,Water_Level_daily_avg
2021-06-09,100.53708333333331,Water_Level_daily_avg
2021-06-10,100.68041666666666,Water_Level_daily_avg
2021-06-11,100.7925,Water_Level_daily_avg
2021-06-12,100.79125,Water_Level_daily_avg
2021-06-13,100.66375,Water_Level_daily_avg
2021-06-14,100.71166666666666,Water_Level_daily_avg
2021-06-15,100.61125,Water_Level_daily_avg
2021-06-16,100.75666666666666,Water_Level_daily_avg
2021-06-17,100.86416666666666,Water_Level_daily_avg
2021-06-18,100.62083333333334,Water_Level_daily_avg
2021-06-19,100.61708333333333,Water_Level_daily_avg
2021-06-20,100.64208333333332,Water_Level_daily_avg
2021-06-21,100.61875,Water_Level_daily_avg
2021-06-22,100.63875,Water_Level_daily_avg
2021-06-23,100.76291666666668,Water_Level_daily_avg
2021-06-24,100.88041666666668,Water_Level_daily_avg
2021-06-25,100.73875,Water_Level_daily_avg
2021-06-26,100.59083333333332,Water_Level_daily_avg
2021-06-27,100.56416666666668,Water_Level_daily_avg
2021-06-28,100.53291666666668,Water_Level_daily_avg
2021-06-29,100.58875,Water_Level_daily_avg
2021-06-30,100.66166666666668,Water_Level_daily_avg
2021-07-01,100.76416666666668,Water_Level_daily_avg
2021-07-02,100.83541666666667,Water_Level_daily_avg
2021-07-03,100.8275,Water_Level_daily_avg
2021-07-04,100.66875,Water_Level_daily_avg
2021-07-05,100.57708333333332,Water_Level_daily_avg
2021-07-06,100.64166666666668,Water_Level_daily_avg
2021-07-07,100.78666666666668,Water_Level_daily_avg
2021-07-08,100.925,Water_Level_daily_avg
2021-07-09,100.97708333333333,Water_Level_daily_avg
2021-07-10,101.0975,Water_Level_daily_avg
2021-07-11,101.14791666666667,Water_Level_daily_avg
2021-07-12,100.84375,Water_Level_daily_avg
2021-07-13,100.61125,Water_Level_daily_avg
2021-07-14,100.67916666666667,Water_Level_daily_avg
2021-07-15,100.67708333333331,Water_Level_daily_avg
2021-07-16,100.5675,Water_Level_daily_avg
2021-07-17,100.68166666666669,Water_Level_daily_avg
2021-07-18,100.72708333333333,Water_Level_daily_avg
2021-07-19,100.73625,Water_Level_daily_avg
2021-07-20,100.61083333333332,Water_Level_daily_avg
2021-07-21,100.60125,Water_Level_daily_avg
2021-07-22,100.7175,Water_Level_daily_avg
2021-07-23,100.79458333333332,Water_Level_daily_avg
2021-07-24,100.80333333333334,Water_Level_daily_avg
2021-07-25,100.83375,Water_Level_daily_avg
2021-07-26,100.88458333333334,Water_Level_daily_avg
2021-07-27,100.89708333333334,Water_Level_daily_avg
2021-07-28,100.78791666666666,Water_Level_daily_avg
2021-07-29,100.67791666666666,Water_Level_daily_avg
2021-07-30,100.61875,Water_Level_daily_avg
2021-07-31,100.6875,Water_Level_daily_avg
2021-08-01,100.69916666666666,Water_Level_daily_avg
2021-08-02,100.62333333333332,Water_Level_daily_avg
2021-08-03,100.58833333333332,Water_Level_daily_avg
2021-08-04,100.60416666666669,Water_Level_daily_avg
2021-08-05,100.6275,Water_Level_daily_avg
2021-08-06,100.63875,Water_Level_daily_avg
2021-08-07,100.52708333333334,Water_Level_daily_avg
2021-08-08,100.6,Water_Level_daily_avg
2021-08-09,100.675,Water_Level_daily_avg
2021-08-10,100.735,Water_Level_daily_avg
2021-08-11,100.72833333333334,Water_Level_daily_avg
2021-08-12,100.555,Water_Level_daily_avg
2021-08-13,100.52833333333332,Water_Level_daily_avg
2021-08-14,100.55458333333333,Water_Level_daily_avg
2021-08-15,100.58875,Water_Level_daily_avg
2021-08-16,100.62458333333332,Water_Level_daily_avg
2021-08-17,100.695,Water_Level_daily_avg
2021-08-18,100.89208333333332,Water_Level_daily_avg
2021-08-19,101.57958333333332,Water_Level_daily_avg
2021-08-20,102.71625,Water_Level_daily_avg
2021-08-21,103.23708333333332,Water_Level_daily_avg
2021-08-22,103.6425,Water_Level_daily_avg
2021-08-23,103.96541666666668,Water_Level_daily_avg
2021-08-24,104.08791666666669,Water_Level_daily_avg
2021-08-25,104.17166666666668,Water_Level_daily_avg
2021-08-26,104.28625,Water_Level_daily_avg
2021-08-27,104.24666666666668,Water_Level_daily_avg
2021-08-28,104.25833333333333,Water_Level_daily_avg
2021-08-29,104.26,Water_Level_daily_avg
2021-08-30,104.30333333333334,Water_Level_daily_avg
2021-08-31,104.35958333333332,Water_Level_daily_avg
2021-09-01,104.425,Water_Level_daily_avg
2021-09-02,104.45166666666668,Water_Level_daily_avg
2021-09-03,104.40708333333332,Water_Level_daily_avg
2021-09-04,104.44541666666667,Water_Level_daily_avg
2021-09-05,104.57,Water_Level_daily_avg
2021-09-06,104.5875,Water_Level_daily_avg
2021-09-07,104.32583333333334,Water_Level_daily_avg
2021-09-08,104.25791666666667,Water_Level_daily_avg
2021-09-09,104.33791666666669,Water_Level_daily_avg
2021-09-10,104.37916666666666,Water_Level_daily_avg
2021-09-11,104.445,Water_Level_daily_avg
2021-09-12,104.57416666666668,Water_Level_daily_avg
2021-09-13,104.47416666666668,Water_Level_daily_avg
2021-09-14,104.34166666666664,Water_Level_daily_avg
2021-09-15,104.32125,Water_Level_daily_avg
2021-09-16,104.19666666666666,Water_Level_daily_avg
2021-09-17,104.17041666666668,Water_Level_daily_avg
2021-09-18,104.33041666666666,Water_Level_daily_avg
2021-09-19,104.48208333333334,Water_Level_daily_avg
2021-09-20,104.62333333333332,Water_Level_daily_avg
2021-09-21,104.60333333333334,Water_Level_daily_avg
2021-09-22,104.51875,Water_Level_daily_avg
2021-09-23,104.51583333333332,Water_Level_daily_avg
2021-09-24,104.56583333333332,Water_Level_daily_avg
2021-09-25,104.40125,Water_Level_daily_avg
2021-09-26,104.41708333333334,Water_Level_daily_avg
2021-09-27,104.48916666666666,Water_Level_daily_avg
2021-09-28,104.44083333333332,Water_Level_daily_avg
2021-09-29,104.305,Water_Level_daily_avg
2021-09-30,104.24291666666666,Water_Level_daily_avg
2021-10-01,104.30291666666666,Water_Level_daily_avg
2021-10-02,104.33375,Water_Level_daily_avg
2021-10-03,104.30166666666666,Water_Level_daily_avg
2021-10-04,104.35916666666668,Water_Level_daily_avg
2021-10-05,104.40875,Water_Level_daily_avg
2021-10-06,104.4375,Water_Level_daily_avg
2021-10-07,104.3775,Water_Level_daily_avg
2021-10-08,104.28875,Water_Level_daily_avg
2021-10-09,104.22791666666666,Water_Level_daily_avg
2021-10-10,104.16791666666668,Water_Level_daily_avg
2021-10-11,104.21375,Water_Level_daily_avg
2021-10-12,104.10125,Water_Level_daily_avg
2021-10-13,104.1525,Water_Level_daily_avg
2021-10-14,104.20666666666666,Water_Level_daily_avg
2021-10-15,104.21625,Water_Level_daily_avg
2021-10-16,104.23541666666668,Water_Level_daily_avg
2021-10-17,104.2475,Water_Level_daily_avg
2021-10-18,104.27375,Water_Level_daily_avg
2021-10-19,104.22166666666668,Water_Level_daily_avg
2021-10-20,104.17333333333332,Water_Level_daily_avg
2021-10-21,104.18458333333336,Water_Level_daily_avg
2021-10-22,104.20458333333332,Water_Level_daily_avg
2021-10-23,104.22708333333333,Water_Level_daily_avg
2021-10-24,104.24791666666664,Water_Level_daily_avg
2021-10-25,104.24625,Water_Level_daily_avg
2021-10-26,104.15625,Water_Level_daily_avg
2021-10-27,104.13416666666666,Water_Level_daily_avg
2021-10-28,104.17625,Water_Level_daily_avg
2021-10-29,104.20375,Water_Level_daily_avg
2021-10-30,104.22125,Water_Level_daily_avg
2021-10-31,104.27791666666668,Water_Level_daily_avg
2021-11-01,104.3325,Water_Level_daily_avg
2021-11-02,104.40958333333332,Water_Level_daily_avg
2021-11-03,104.41916666666668,Water_Level_daily_avg
2021-11-04,104.46208333333334,Water_Level_daily_avg
2021-11-05,104.49333333333334,Water_Level_daily_avg
2021-11-06,104.39583333333331,Water_Level_daily_avg
2021-11-07,104.36458333333331,Water_Level_daily_avg
2021-11-08,104.22541666666666,Water_Level_daily_avg
2021-11-09,104.16916666666668,Water_Level_daily_avg
2021-11-10,104.19708333333334,Water_Level_daily_avg
2021-11-11,104.20291666666668,Water_Level_daily_avg
2021-11-12,104.14625,Water_Level_daily_avg
2021-11-13,104.18125,Water_Level_daily_avg
2021-11-14,104.19791666666669,Water_Level_daily_avg
2021-11-15,104.2,Water_Level_daily_avg
2021-11-16,104.15916666666668,Water_Level_daily_avg
2021-11-17,104.07375,Water_Level_daily_avg
2021-11-18,104.075,Water_Level_daily_avg
2021-11-19,104.09375,Water_Level_daily_avg
2021-11-20,104.04875,Water_Level_daily_avg
2021-11-21,104.05708333333332,Water_Level_daily_avg
2021-11-22,104.06041666666664,Water_Level_daily_avg
2021-11-23,104.06833333333331,Water_Level_daily_avg
2021-11-24,104.08,Water_Level_daily_avg
2021-11-25,104.09,Water_Level_daily_avg
2021-11-26,104.09250000000002,Water_Level_daily_avg
2021-11-27,104.09999999999998,Water_Level_daily_avg
2021-11-28,104.10666666666668,Water_Level_daily_avg
2021-11-29,104.10791666666668,Water_Level_daily_avg
2021-11-30,104.09999999999998,Water_Level_daily_avg
2021-12-01,104.09999999999998,Water_Level_daily_avg
2021-12-02,104.09791666666666,Water_Level_daily_avg
2021-12-03,104.09,Water_Level_daily_avg
2021-12-04,104.09,Water_Level_daily_avg
2021-12-05,104.09,Water_Level_daily_avg
2021-12-06,104.08916666666666,Water_Level_daily_avg
2021-12-07,104.08,Water_Level_daily_avg
2021-12-08,104.07875,Water_Level_daily_avg
2021-12-09,104.07,Water_Level_daily_avg
2021-12-10,104.06916666666666,Water_Level_daily_avg
2021-12-11,104.06208333333336,Water_Level_daily_avg
2021-12-12,104.07958333333332,Water_Level_daily_avg
2021-12-13,104.10291666666666,Water_Level_daily_avg
2021-12-14,104.10375,Water_Level_daily_avg
2021-12-15,104.07041666666667,Water_Level_daily_avg
2021-12-16,104.0375,Water_Level_daily_avg
2021-12-17,104.02625,Water_Level_daily_avg
2021-12-18,104.02833333333332,Water_Level_daily_avg
2021-12-19,104.01583333333332,Water_Level_daily_avg
2021-12-20,104.00375,Water_Level_daily_avg
2021-12-21,103.99083333333331,Water_Level_daily_avg
2021-12-22,103.98416666666668,Water_Level_daily_avg
2021-12-23,103.98083333333334,Water_Level_daily_avg
2021-12-24,103.99291666666666,Water_Level_daily_avg
2021-12-25,103.97958333333334,Water_Level_daily_avg
2021-12-26,103.975,Water_Level_daily_avg
2021-12-27,103.97083333333336,Water_Level_daily_avg
2021-12-28,103.99791666666664,Water_Level_daily_avg
2021-12-29,104.0,Water_Level_daily_avg
2021-12-30,104.00791666666667,Water_Level_daily_avg
2021-12-31,104.00583333333331,Water_Level_daily_avg
2022-01-01,104.005,Water_Level_daily_avg
2022-01-02,104.00583333333331,Water_Level_daily_avg
2022-01-03,104.0,Water_Level_daily_avg
2022-01-04,103.99916666666668,Water_Level_daily_avg
2022-01-05,103.98333333333332,Water_Level_daily_avg
2022-01-06,103.96999999999998,Water_Level_daily_avg
2022-01-07,103.9675,Water_Level_daily_avg
2022-01-08,103.95166666666668,Water_Level_daily_avg
2022-01-09,103.945,Water_Level_daily_avg
2022-01-10,103.9375,Water_Level_daily_avg
2022-01-11,103.93,Water_Level_daily_avg
2022-01-12,103.9275,Water_Level_daily_avg
2022-01-13,103.92,Water_Level_daily_avg
2022-01-14,103.92625,Water_Level_daily_avg
2022-01-15,103.93833333333332,Water_Level_daily_avg
2022-01-16,103.94,Water_Level_daily_avg
2022-01-17,103.94,Water_Level_daily_avg
2022-01-18,103.94708333333334,Water_Level_daily_avg
2022-01-19,103.94,Water_Level_daily_avg
2022-01-20,103.93166666666669,Water_Level_daily_avg
2022-01-21,103.9275,Water_Level_daily_avg
2022-01-22,103.92,Water_Level_daily_avg
2022-01-23,103.9125,Water_Level_daily_avg
2022-01-24,103.9025,Water_Level_daily_avg
2022-01-25,103.89,Water_Level_daily_avg
2022-01-26,103.88,Water_Level_daily_avg
2022-01-27,103.87,Water_Level_daily_avg
2022-01-28,103.86,Water_Level_daily_avg
2022-01-29,103.84999999999998,Water_Level_daily_avg
2022-01-30,103.83625,Water_Level_daily_avg
2022-01-31,103.81833333333331,Water_Level_daily_avg
2022-02-01,103.8025,Water_Level_daily_avg
2022-02-02,103.78708333333334,Water_Level_daily_avg
2022-02-03,103.775,Water_Level_daily_avg
2022-02-04,103.7575,Water_Level_daily_avg
2022-02-05,103.75,Water_Level_daily_avg
2022-02-06,103.74666666666668,Water_Level_daily_avg
2022-02-07,103.735,Water_Level_daily_avg
2022-02-08,103.72666666666667,Water_Level_daily_avg
2022-02-09,103.70708333333332,Water_Level_daily_avg
2022-02-10,103.69166666666666,Water_Level_daily_avg
2022-02-11,103.68833333333332,Water_Level_daily_avg
2022-02-12,103.68,Water_Level_daily_avg
2022-02-13,103.66625,Water_Level_daily_avg
2022-02-14,103.66,Water_Level_daily_avg
2022-02-15,103.66,Water_Level_daily_avg
2022-02-16,103.66,Water_Level_daily_avg
2022-02-17,103.65666666666668,Water_Level_daily_avg
2022-02-18,103.6425,Water_Level_daily_avg
2022-02-19,103.63666666666666,Water_Level_daily_avg
2022-02-20,103.64,Water_Level_daily_avg
2022-02-21,103.63583333333332,Water_Level_daily_avg
2022-02-22,103.62624999999998,Water_Level_daily_avg
2022-02-23,103.61958333333332,Water_Level_daily_avg
2022-02-24,103.60958333333332,Water_Level_daily_avg
2022-02-25,103.59999999999998,Water_Level_daily_avg
2022-02-26,103.59999999999998,Water_Level_daily_avg
2022-02-27,103.59166666666664,Water_Level_daily_avg
2022-02-28,103.57666666666668,Water_Level_daily_avg
2022-03-01,103.565,Water_Level_daily_avg
2022-03-02,103.55166666666668,Water_Level_daily_avg
2022-03-03,103.54375,Water_Level_daily_avg
2022-03-04,103.53958333333334,Water_Level_daily_avg
2022-03-05,103.54,Water_Level_daily_avg
2022-03-06,103.53166666666668,Water_Level_daily_avg
2022-03-07,103.5275,Water_Level_daily_avg
2022-03-08,103.50208333333336,Water_Level_daily_avg
2022-03-09,103.48,Water_Level_daily_avg
2022-03-10,103.48,Water_Level_daily_avg
2022-03-11,103.46,Water_Level_daily_avg
2022-03-12,103.44916666666668,Water_Level_daily_avg
2022-03-13,103.44291666666668,Water_Level_daily_avg
2022-03-14,103.39958333333334,Water_Level_daily_avg
2022-03-15,103.35916666666668,Water_Level_daily_avg
2022-03-16,103.34916666666668,Water_Level_daily_avg
2022-03-17,103.34,Water_Level_daily_avg
2022-03-18,103.34,Water_Level_daily_avg
2022-03-19,103.34,Water_Level_daily_avg
2022-03-20,103.32833333333332,Water_Level_daily_avg
2022-03-21,103.33125,Water_Level_daily_avg
2022-03-22,103.33,Water_Level_daily_avg
2022-03-23,103.33,Water_Level_daily_avg
2022-03-24,103.33916666666666,Water_Level_daily_avg
2022-03-25,103.34,Water_Level_daily_avg
2022-03-26,103.33,Water_Level_daily_avg
2022-03-27,103.32208333333334,Water_Level_daily_avg
2022-03-28,103.3125,Water_Level_daily_avg
2022-03-29,103.3,Water_Level_daily_avg
2022-03-30,103.29458333333332,Water_Level_daily_avg
2022-03-31,103.26875,Water_Level_daily_avg
2022-04-01,103.2525,Water_Level_daily_avg
2022-04-02,103.23666666666666,Water_Level_daily_avg
2022-04-03,107.53166666666668,Water_Level_daily_avg
2022-04-04,103.23958333333331,Water_Level_daily_avg
2022-04-05,103.225,Water_Level_daily_avg
2022-04-06,103.21,Water_Level_daily_avg
2022-04-07,103.21,Water_Level_daily_avg
2022-04-08,103.20625,Water_Level_daily_avg
2022-04-09,103.19458333333334,Water_Level_daily_avg
2022-04-10,103.18208333333332,Water_Level_daily_avg
2022-04-11,103.18,Water_Level_daily_avg
2022-04-12,103.18083333333334,Water_Level_daily_avg
2022-04-13,103.18833333333332,Water_Level_daily_avg
2022-04-14,103.0025,Water_Level_daily_avg
2022-04-15,102.765,Water_Level_daily_avg
2022-04-16,102.76458333333332,Water_Level_daily_avg
2022-04-17,102.76833333333332,Water_Level_daily_avg
2022-04-18,102.77916666666664,Water_Level_daily_avg
2022-04-19,102.75083333333332,Water_Level_daily_avg
2022-04-20,102.72416666666668,Water_Level_daily_avg
2022-04-21,102.69291666666668,Water_Level_daily_avg
2022-04-22,102.705,Water_Level_daily_avg
2022-04-23,102.73,Water_Level_daily_avg
2022-04-24,102.74333333333334,Water_Level_daily_avg
2022-04-25,102.82416666666668,Water_Level_daily_avg
2022-04-26,102.9475,Water_Level_daily_avg
2022-04-27,103.04583333333332,Water_Level_daily_avg
2022-04-28,103.01666666666668,Water_Level_daily_avg
2022-04-29,102.90208333333334,Water_Level_daily_avg
2022-04-30,102.91083333333334,Water_Level_daily_avg
2022-05-01,102.87416666666668,Water_Level_daily_avg
2022-05-02,102.85125,Water_Level_daily_avg
2022-05-03,102.85291666666666,Water_Level_daily_avg
2022-05-04,102.7875,Water_Level_daily_avg
2022-05-05,102.82166666666666,Water_Level_daily_avg
2022-05-06,102.87,Water_Level_daily_avg
2022-05-07,102.76458333333332,Water_Level_daily_avg
2022-05-08,102.69583333333333,Water_Level_daily_avg
2022-05-09,102.73958333333331,Water_Level_daily_avg
2022-05-10,102.72083333333336,Water_Level_daily_avg
2022-05-11,102.6475,Water_Level_daily_avg
2022-05-12,102.61916666666669,Water_Level_daily_avg
2022-05-13,102.61375,Water_Level_daily_avg
2022-05-14,102.57875,Water_Level_daily_avg
2022-05-15,102.56,Water_Level_daily_avg
2022-05-16,102.56041666666664,Water_Level_daily_avg
2022-05-17,102.56958333333334,Water_Level_daily_avg
2022-05-18,102.58625,Water_Level_daily_avg
2022-05-19,102.61708333333333,Water_Level_daily_avg
2022-05-20,102.66208333333331,Water_Level_daily_avg
2022-05-21,102.71875,Water_Level_daily_avg
2022-05-22,102.78541666666666,Water_Level_daily_avg
2022-05-23,102.84708333333332,Water_Level_daily_avg
2022-05-24,102.95833333333331,Water_Level_daily_avg
2022-05-25,103.04791666666668,Water_Level_daily_avg
2022-05-26,103.08291666666666,Water_Level_daily_avg
2022-05-27,103.11875,Water_Level_daily_avg
2022-05-28,103.14833333333333,Water_Level_daily_avg
2022-05-29,103.16208333333331,Water_Level_daily_avg
2022-05-30,103.07916666666668,Water_Level_daily_avg
2022-05-31,102.98541666666668,Water_Level_daily_avg
2022-06-01,102.81083333333332,Water_Level_daily_avg
2022-06-02,102.70041666666668,Water_Level_daily_avg
2022-06-03,102.74041666666666,Water_Level_daily_avg
2022-06-04,102.76208333333334,Water_Level_daily_avg
2022-06-05,102.87708333333336,Water_Level_daily_avg
2022-06-06,102.88916666666668,Water_Level_daily_avg
2022-06-07,102.75875,Water_Level_daily_avg
2022-06-08,102.67791666666666,Water_Level_daily_avg
2022-06-09,102.64166666666668,Water_Level_daily_avg
2022-06-10,102.60333333333334,Water_Level_daily_avg
2022-06-11,102.635,Water_Level_daily_avg
2022-06-12,102.66208333333331,Water_Level_daily_avg
2022-06-13,102.64125,Water_Level_daily_avg
2022-06-14,102.62166666666668,Water_Level_daily_avg
2022-06-15,102.64833333333333,Water_Level_daily_avg
2022-06-16,102.69458333333334,Water_Level_daily_avg
2022-06-17,102.69291666666668,Water_Level_daily_avg
2022-06-18,102.68875,Water_Level_daily_avg
2022-06-19,102.65958333333332,Water_Level_daily_avg
2022-06-20,102.6325,Water_Level_daily_avg
2022-06-21,102.67458333333332,Water_Level_daily_avg
2022-06-22,102.72916666666669,Water_Level_daily_avg
2022-06-23,102.75166666666668,Water_Level_daily_avg
2022-06-24,102.74708333333332,Water_Level_daily_avg
2022-06-25,102.68166666666669,Water_Level_daily_avg
2022-06-26,102.62416666666668,Water_Level_daily_avg
2022-06-27,102.63708333333334,Water_Level_daily_avg
2022-06-28,102.66125,Water_Level_daily_avg
2022-06-29,102.64041666666668,Water_Level_daily_avg
2022-06-30,102.7075,Water_Level_daily_avg
2022-07-01,102.80833333333334,Water_Level_daily_avg
2022-07-02,102.87166666666668,Water_Level_daily_avg
2022-07-03,102.86416666666666,Water_Level_daily_avg
2022-07-04,102.925,Water_Level_daily_avg
2022-07-05,102.94791666666669,Water_Level_daily_avg
2022-07-06,103.0025,Water_Level_daily_avg
2022-07-07,103.045,Water_Level_daily_avg
2022-07-08,103.09958333333331,Water_Level_daily_avg
2022-07-09,103.22125,Water_Level_daily_avg
2022-07-10,103.47875,Water_Level_daily_avg
2022-07-11,103.7725,Water_Level_daily_avg
2022-07-12,103.82625,Water_Level_daily_avg
2022-07-13,103.69833333333334,Water_Level_daily_avg
2022-07-14,103.53333333333336,Water_Level_daily_avg
2022-07-15,103.53583333333334,Water_Level_daily_avg
2022-07-16,103.78125,Water_Level_daily_avg
2022-07-17,103.87541666666668,Water_Level_daily_avg
2022-07-18,103.91458333333333,Water_Level_daily_avg
2022-07-19,103.80708333333332,Water_Level_daily_avg
2022-07-20,103.66416666666667,Water_Level_daily_avg
2022-07-21,103.545,Water_Level_daily_avg
2022-07-22,103.44833333333334,Water_Level_daily_avg
2022-07-23,103.46416666666666,Water_Level_daily_avg
2022-07-24,103.48666666666666,Water_Level_daily_avg
2022-07-25,103.52958333333332,Water_Level_daily_avg
2022-07-26,103.61583333333334,Water_Level_daily_avg
2022-07-27,103.69458333333334,Water_Level_daily_avg
2022-07-28,103.63458333333334,Water_Level_daily_avg
2022-07-29,103.65333333333332,Water_Level_daily_avg
2022-07-30,103.50708333333334,Water_Level_daily_avg
2022-07-31,103.28708333333331,Water_Level_daily_avg
2022-08-01,103.15625,Water_Level_daily_avg
2022-08-02,102.87,Water_Level_daily_avg
2022-08-03,102.76,Water_Level_daily_avg
2022-08-04,102.84333333333332,Water_Level_daily_avg
2022-08-05,102.87541666666664,Water_Level_daily_avg
2022-08-06,102.83375,Water_Level_daily_avg
2022-08-07,103.01291666666668,Water_Level_daily_avg
2022-08-08,103.08708333333334,Water_Level_daily_avg
2022-08-09,103.07875,Water_Level_daily_avg
2022-08-10,103.15583333333332,Water_Level_daily_avg
2022-08-11,103.27416666666666,Water_Level_daily_avg
2022-08-12,103.3975,Water_Level_daily_avg
2022-08-13,103.47875,Water_Level_daily_avg
2022-08-14,103.5,Water_Level_daily_avg
2022-08-15,103.5125,Water_Level_daily_avg
2022-08-16,103.49333333333334,Water_Level_daily_avg
2022-08-17,103.51875,Water_Level_daily_avg
2022-08-18,103.53166666666668,Water_Level_daily_avg
2022-08-19,103.4875,Water_Level_daily_avg
2022-08-20,103.47875,Water_Level_daily_avg
2022-08-21,103.59416666666668,Water_Level_daily_avg
2022-08-22,103.70166666666668,Water_Level_daily_avg
2022-08-23,103.8025,Water_Level_daily_avg
2022-08-24,103.95708333333332,Water_Level_daily_avg
2022-08-25,104.07416666666666,Water_Level_daily_avg
2022-08-26,104.14875,Water_Level_daily_avg
2022-08-27,104.27333333333333,Water_Level_daily_avg
2022-08-28,104.33583333333333,Water_Level_daily_avg
2022-08-29,104.27166666666666,Water_Level_daily_avg
2022-08-30,104.19208333333334,Water_Level_daily_avg
2022-08-31,104.11791666666666,Water_Level_daily_avg
2022-09-01,104.0775,Water_Level_daily_avg
2022-09-02,104.06541666666668,Water_Level_daily_avg
2022-09-03,104.1525,Water_Level_daily_avg
2022-09-04,104.19291666666668,Water_Level_daily_avg
2022-09-05,104.185,Water_Level_daily_avg
2022-09-06,104.14333333333332,Water_Level_daily_avg
2022-09-07,104.19958333333334,Water_Level_daily_avg
2022-09-08,104.30833333333334,Water_Level_daily_avg
2022-09-09,104.37791666666668,Water_Level_daily_avg
2022-09-10,104.3682608695652,Water_Level_daily_avg
2022-09-11,104.35375,Water_Level_daily_avg
2022-09-12,104.24375,Water_Level_daily_avg
2022-09-13,104.22833333333334,Water_Level_daily_avg
2022-09-14,104.19708333333334,Water_Level_daily_avg
2022-09-15,104.15375,Water_Level_daily_avg
2022-09-16,104.09458333333332,Water_Level_daily_avg
2022-09-17,103.97708333333333,Water_Level_daily_avg
2022-09-18,103.94041666666668,Water_Level_daily_avg
2022-09-19,103.78833333333334,Water_Level_daily_avg
2022-09-20,103.59625,Water_Level_daily_avg
2022-09-21,103.57291666666669,Water_Level_daily_avg
2022-09-22,103.58458333333331,Water_Level_daily_avg
2022-09-23,103.63041666666668,Water_Level_daily_avg
2022-09-24,103.67791666666666,Water_Level_daily_avg
2022-09-25,103.73958333333331,Water_Level_daily_avg
2022-09-26,103.79916666666666,Water_Level_daily_avg
2022-09-27,103.83708333333334,Water_Level_daily_avg
2022-09-28,103.84708333333332,Water_Level_daily_avg
2022-09-29,103.86083333333332,Water_Level_daily_avg
2022-09-30,103.88833333333334,Water_Level_daily_avg
2022-10-01,103.90458333333332,Water_Level_daily_avg
2022-10-02,103.90041666666669,Water_Level_daily_avg
2022-10-03,103.91958333333334,Water_Level_daily_avg
2022-10-04,103.94541666666667,Water_Level_daily_avg
2022-10-05,103.97375,Water_Level_daily_avg
2022-10-06,103.9975,Water_Level_daily_avg
2022-10-07,104.01916666666666,Water_Level_daily_avg
2022-10-08,104.0375,Water_Level_daily_avg
2022-10-09,104.045,Water_Level_daily_avg
2022-10-10,104.04916666666666,Water_Level_daily_avg
2022-10-11,104.06666666666666,Water_Level_daily_avg
2022-10-12,104.08458333333334,Water_Level_daily_avg
2022-10-13,104.0925,Water_Level_daily_avg
2022-10-14,104.08375,Water_Level_daily_avg
2022-10-15,104.08541666666667,Water_Level_daily_avg
2022-10-16,104.09875,Water_Level_daily_avg
2022-10-17,104.09999999999998,Water_Level_daily_avg
2022-10-18,104.11166666666666,Water_Level_daily_avg
2022-10-19,104.09666666666664,Water_Level_daily_avg
2022-10-20,104.06166666666668,Water_Level_daily_avg
2022-10-21,104.02,Water_Level_daily_avg
2022-10-22,104.02,Water_Level_daily_avg
2022-10-23,104.02083333333331,Water_Level_daily_avg
2022-10-24,104.03000000000002,Water_Level_daily_avg
2022-10-25,104.03333333333336,Water_Level_daily_avg
2022-10-26,104.04458333333334,Water_Level_daily_avg
2022-10-27,104.05,Water_Level_daily_avg
2022-10-28,104.06791666666668,Water_Level_daily_avg
2022-10-29,104.09,Water_Level_daily_avg
2022-10-30,104.09875,Water_Level_daily_avg
2022-10-31,104.08291666666668,Water_Level_daily_avg
2022-11-01,104.04791666666668,Water_Level_daily_avg
2022-11-02,104.03833333333334,Water_Level_daily_avg
2022-11-03,104.03000000000002,Water_Level_daily_avg
2022-11-04,104.04875,Water_Level_daily_avg
2022-11-05,104.04166666666669,Water_Level_daily_avg
2022-11-06,104.04875,Water_Level_daily_avg
2022-11-07,104.04708333333332,Water_Level_daily_avg
2022-11-08,104.07541666666668,Water_Level_daily_avg
2022-11-09,104.0825,Water_Level_daily_avg
2022-11-10,104.01958333333334,Water_Level_daily_avg
2022-11-11,104.01583333333332,Water_Level_daily_avg
2022-11-12,104.05541666666666,Water_Level_daily_avg
2022-11-13,104.11708333333333,Water_Level_daily_avg
2022-11-14,104.03000000000002,Water_Level_daily_avg
2022-11-15,104.005,Water_Level_daily_avg
2022-11-16,104.01791666666666,Water_Level_daily_avg
2022-11-17,104.03125,Water_Level_daily_avg
2022-11-18,104.0325,Water_Level_daily_avg
2022-11-19,104.04625,Water_Level_daily_avg
2022-11-20,104.06333333333332,Water_Level_daily_avg
2022-11-21,104.00333333333332,Water_Level_daily_avg
2022-11-22,104.01666666666668,Water_Level_daily_avg
2022-11-23,104.05083333333332,Water_Level_daily_avg
2022-11-24,104.05541666666666,Water_Level_daily_avg
2022-11-25,104.05458333333333,Water_Level_daily_avg
2022-11-26,104.10125,Water_Level_daily_avg
2022-11-27,104.10416666666669,Water_Level_daily_avg
2022-11-28,104.11458333333331,Water_Level_daily_avg
2022-11-29,104.16583333333334,Water_Level_daily_avg
2022-11-30,104.2525,Water_Level_daily_avg
2022-12-01,104.15875,Water_Level_daily_avg
2022-12-02,104.03541666666666,Water_Level_daily_avg
2022-12-03,104.035,Water_Level_daily_avg
2022-12-04,104.02125,Water_Level_daily_avg
2022-12-05,104.01958333333332,Water_Level_daily_avg
2022-12-06,104.03041666666668,Water_Level_daily_avg
2022-12-07,104.06458333333332,Water_Level_daily_avg
2022-12-08,104.07541666666668,Water_Level_daily_avg
2022-12-09,104.06583333333332,Water_Level_daily_avg
2022-12-10,104.03166666666668,Water_Level_daily_avg
2022-12-11,104.05291666666666,Water_Level_daily_avg
2022-12-12,104.0225,Water_Level_daily_avg
2022-12-13,104.0175,Water_Level_daily_avg
2022-12-14,104.02958333333332,Water_Level_daily_avg
2022-12-15,104.01458333333332,Water_Level_daily_avg
2022-12-16,104.00625,Water_Level_daily_avg
2022-12-17,104.01,Water_Level_daily_avg
2022-12-18,104.01541666666668,Water_Level_daily_avg
2022-12-19,104.03083333333336,Water_Level_daily_avg
2022-12-20,104.01291666666668,Water_Level_daily_avg
2022-12-21,104.00625,Water_Level_daily_avg
2022-12-22,103.99875,Water_Level_daily_avg
2022-12-23,103.98,Water_Level_daily_avg
2022-12-24,103.96375,Water_Level_daily_avg
2022-12-25,103.965,Water_Level_daily_avg
2022-12-26,103.95583333333332,Water_Level_daily_avg
2022-12-27,103.94208333333334,Water_Level_daily_avg
2022-12-28,103.92708333333331,Water_Level_daily_avg
2022-12-29,103.91625,Water_Level_daily_avg
2022-12-30,103.91,Water_Level_daily_avg
2022-12-31,103.89625,Water_Level_daily_avg
2023-01-01,103.89833333333333,Water_Level_daily_avg
2023-01-02,103.89,Water_Level_daily_avg
2023-01-03,103.88416666666666,Water_Level_daily_avg
2023-01-04,103.87416666666668,Water_Level_daily_avg
2023-01-05,103.865,Water_Level_daily_avg
2023-01-06,103.8525,Water_Level_daily_avg
2023-01-07,103.84166666666664,Water_Level_daily_avg
2023-01-08,103.8325,Water_Level_daily_avg
2023-01-09,103.84208333333332,Water_Level_daily_avg
2023-01-10,103.84999999999998,Water_Level_daily_avg
2023-01-11,103.85291666666666,Water_Level_daily_avg
2023-01-12,103.84125,Water_Level_daily_avg
2023-01-13,103.83,Water_Level_daily_avg
2023-01-14,103.83,Water_Level_daily_avg
2023-01-15,103.82041666666667,Water_Level_daily_avg
2023-01-16,103.80875,Water_Level_daily_avg
2023-01-17,103.79625,Water_Level_daily_avg
2023-01-18,103.79083333333334,Water_Level_daily_avg
2023-01-19,103.78958333333334,Water_Level_daily_avg
2023-01-20,103.77916666666664,Water_Level_daily_avg
2023-01-21,103.76708333333332,Water_Level_daily_avg
2023-01-22,103.75875,Water_Level_daily_avg
2023-01-23,103.75708333333334,Water_Level_daily_avg
2023-01-24,103.74791666666664,Water_Level_daily_avg
2023-01-25,103.73083333333334,Water_Level_daily_avg
2023-01-26,103.72708333333334,Water_Level_daily_avg
2023-01-27,103.71833333333332,Water_Level_daily_avg
2023-01-28,103.70166666666668,Water_Level_daily_avg
2023-01-29,103.695,Water_Level_daily_avg
2023-01-30,103.66875,Water_Level_daily_avg
2023-01-31,103.6225,Water_Level_daily_avg
2023-02-01,103.61666666666667,Water_Level_daily_avg
2023-02-02,103.60583333333334,Water_Level_daily_avg
2023-02-03,103.59333333333332,Water_Level_daily_avg
2023-02-04,103.58833333333332,Water_Level_daily_avg
2023-02-05,103.57666666666668,Water_Level_daily_avg
2023-02-06,103.57,Water_Level_daily_avg
2023-02-07,103.57,Water_Level_daily_avg
2023-02-08,103.56916666666666,Water_Level_daily_avg
2023-02-09,103.565,Water_Level_daily_avg
2023-02-10,103.56,Water_Level_daily_avg
2023-02-11,103.55,Water_Level_daily_avg
2023-02-12,103.54,Water_Level_daily_avg
2023-02-13,103.53458333333332,Water_Level_daily_avg
2023-02-14,103.52166666666666,Water_Level_daily_avg
2023-02-15,103.50666666666666,Water_Level_daily_avg
2023-02-16,103.4975,Water_Level_daily_avg
2023-02-17,103.49666666666668,Water_Level_daily_avg
2023-02-18,103.49166666666666,Water_Level_daily_avg
2023-02-19,103.4875,Water_Level_daily_avg
2023-02-20,103.37,Water_Level_daily_avg
2023-02-21,103.37,Water_Level_daily_avg
2023-02-22,103.36,Water_Level_daily_avg
2023-02-23,103.35333333333334,Water_Level_daily_avg
2023-02-24,103.34999999999998,Water_Level_daily_avg
2023-02-25,103.34999999999998,Water_Level_daily_avg
2023-02-26,103.34666666666664,Water_Level_daily_avg
2023-02-27,103.32833333333332,Water_Level_daily_avg
2023-02-28,103.31083333333332,Water_Level_daily_avg
2023-03-01,103.25166666666668,Water_Level_daily_avg
2023-03-02,103.25,Water_Level_daily_avg
2023-03-03,103.24125,Water_Level_daily_avg
2023-03-04,103.14416666666666,Water_Level_daily_avg
2023-03-05,103.06583333333332,Water_Level_daily_avg
2023-03-06,103.00208333333336,Water_Level_daily_avg
2023-03-07,102.95416666666668,Water_Level_daily_avg
2023-03-08,102.94083333333332,Water_Level_daily_avg
2023-03-09,102.92583333333334,Water_Level_daily_avg
2023-03-10,102.81416666666668,Water_Level_daily_avg
2023-03-11,102.695,Water_Level_daily_avg
2023-03-12,102.64791666666667,Water_Level_daily_avg
2023-03-13,102.59625,Water_Level_daily_avg
2023-03-14,102.55333333333331,Water_Level_daily_avg
2023-03-15,102.51916666666666,Water_Level_daily_avg
2023-03-16,106.76208333333334,Water_Level_daily_avg
2023-03-17,102.48666666666666,Water_Level_daily_avg
2023-03-18,102.455,Water_Level_daily_avg
2023-03-19,102.3675,Water_Level_daily_avg
2023-03-20,102.3725,Water_Level_daily_avg
2023-03-21,102.37333333333332,Water_Level_daily_avg
2023-03-22,102.3275,Water_Level_daily_avg
2023-03-23,102.27416666666666,Water_Level_daily_avg
2023-03-24,102.2525,Water_Level_daily_avg
2023-03-25,102.19083333333332,Water_Level_daily_avg
2023-03-26,102.12458333333332,Water_Level_daily_avg
2023-03-27,102.29333333333334,Water_Level_daily_avg
2023-03-28,102.13791666666668,Water_Level_daily_avg
2023-03-29,102.14833333333333,Water_Level_daily_avg
2023-03-30,102.15958333333332,Water_Level_daily_avg
2023-03-31,102.18208333333332,Water_Level_daily_avg
2023-04-01,102.16916666666668,Water_Level_daily_avg
2023-04-02,102.14541666666668,Water_Level_daily_avg
2023-04-03,102.14416666666666,Water_Level_daily_avg
2023-04-04,101.92416666666666,Water_Level_daily_avg
2023-04-05,101.83416666666666,Water_Level_daily_avg
2023-04-06,101.83708333333334,Water_Level_daily_avg
2023-04-07,101.84333333333332,Water_Level_daily_avg
2023-04-08,101.71916666666668,Water_Level_daily_avg
2023-04-09,101.66458333333334,Water_Level_daily_avg
2023-04-10,101.66333333333334,Water_Level_daily_avg
2023-04-11,101.68875,Water_Level_daily_avg
2023-04-12,101.77291666666667,Water_Level_daily_avg
2023-04-13,102.025,Water_Level_daily_avg
2023-04-14,102.335,Water_Level_daily_avg
2023-04-15,102.45125,Water_Level_daily_avg
2023-04-16,102.52208333333334,Water_Level_daily_avg
2023-04-17,102.52333333333333,Water_Level_daily_avg
2023-04-18,102.50541666666668,Water_Level_daily_avg
2023-04-19,102.26333333333334,Water_Level_daily_avg
2023-04-20,102.05458333333333,Water_Level_daily_avg
2023-04-21,102.05333333333334,Water_Level_daily_avg
2023-04-22,101.96333333333332,Water_Level_daily_avg
2023-04-23,102.0175,Water_Level_daily_avg
2023-04-24,101.93583333333332,Water_Level_daily_avg
2023-04-25,101.70791666666666,Water_Level_daily_avg
2023-04-26,101.50291666666668,Water_Level_daily_avg
2023-04-27,101.51208333333334,Water_Level_daily_avg
2023-04-28,101.4725,Water_Level_daily_avg
2023-04-29,101.14833333333333,Water_Level_daily_avg
2023-04-30,100.84375,Water_Level_daily_avg
2023-05-01,100.65916666666668,Water_Level_daily_avg
2023-05-02,100.71041666666667,Water_Level_daily_avg
2023-05-03,100.74875,Water_Level_daily_avg
2023-05-04,100.62833333333332,Water_Level_daily_avg
2023-05-05,100.59625,Water_Level_daily_avg
2023-05-06,100.71375,Water_Level_daily_avg
2023-05-07,100.89,Water_Level_daily_avg
2023-05-08,101.035,Water_Level_daily_avg
2023-05-09,101.14083333333332,Water_Level_daily_avg
2023-05-10,101.23666666666666,Water_Level_daily_avg
2023-05-11,101.20916666666666,Water_Level_daily_avg
2023-05-12,101.10291666666669,Water_Level_daily_avg
2023-05-13,100.93083333333334,Water_Level_daily_avg
2023-05-14,100.86625,Water_Level_daily_avg
2023-05-15,100.87666666666668,Water_Level_daily_avg
2023-05-16,100.9,Water_Level_daily_avg
2023-05-17,100.92833333333331,Water_Level_daily_avg
2023-05-18,101.1125,Water_Level_daily_avg
2023-05-19,101.23708333333332,Water_Level_daily_avg
2023-05-20,101.04125,Water_Level_daily_avg
2023-05-21,100.705,Water_Level_daily_avg
2023-05-22,100.64666666666666,Water_Level_daily_avg
2023-05-23,100.81416666666668,Water_Level_daily_avg
2023-05-24,101.2225,Water_Level_daily_avg
2023-05-25,101.50833333333333,Water_Level_daily_avg
2023-05-26,101.56791666666668,Water_Level_daily_avg
2023-05-27,101.45958333333334,Water_Level_daily_avg
2023-05-28,101.38375,Water_Level_daily_avg
2023-05-29,101.63416666666666,Water_Level_daily_avg
2023-05-30,101.70458333333332,Water_Level_daily_avg
2023-05-31,101.46541666666668,Water_Level_daily_avg
2023-06-01,101.12916666666666,Water_Level_daily_avg
2023-06-02,100.8975,Water_Level_daily_avg
2023-06-03,100.90666666666668,Water_Level_daily_avg
2023-06-04,100.86208333333332,Water_Level_daily_avg
2023-06-05,100.76833333333332,Water_Level_daily_avg
2023-06-06,102.75,Water_Level_daily_avg
2023-06-07,103.7325,Water_Level_daily_avg
2023-06-08,104.43291666666666,Water_Level_daily_avg
2023-06-09,104.57041666666667,Water_Level_daily_avg
2023-06-10,104.52041666666666,Water_Level_daily_avg
2023-06-11,104.385,Water_Level_daily_avg
2023-06-12,104.35708333333334,Water_Level_daily_avg
2023-06-13,104.30666666666669,Water_Level_daily_avg
2023-06-14,104.27125,Water_Level_daily_avg
2023-06-15,104.235,Water_Level_daily_avg
2023-06-16,104.10541666666666,Water_Level_daily_avg
2023-06-17,104.04333333333334,Water_Level_daily_avg
2023-06-18,103.95916666666666,Water_Level_daily_avg
2023-06-19,103.72708333333333,Water_Level_daily_avg
2023-06-20,103.49,Water_Level_daily_avg
2023-06-21,103.3225,Water_Level_daily_avg
2023-06-22,103.15416666666664,Water_Level_daily_avg
2023-06-23,102.92458333333332,Water_Level_daily_avg
2023-06-24,102.78625,Water_Level_daily_avg
2023-06-25,102.81041666666664,Water_Level_daily_avg
2023-06-26,102.79458333333334,Water_Level_daily_avg
2023-06-27,102.68166666666669,Water_Level_daily_avg
2023-06-28,102.56083333333332,Water_Level_daily_avg
2023-06-29,102.25833333333333,Water_Level_daily_avg
2023-06-30,101.76416666666668,Water_Level_daily_avg
2023-07-01,101.21125,Water_Level_daily_avg
2023-07-02,100.71208333333334,Water_Level_daily_avg
2023-07-03,100.60708333333334,Water_Level_daily_avg
2023-07-04,101.0725,Water_Level_daily_avg
2023-07-05,101.595,Water_Level_daily_avg
2023-07-06,101.78041666666668,Water_Level_daily_avg
2023-07-07,101.95166666666668,Water_Level_daily_avg
2023-07-08,102.07291666666669,Water_Level_daily_avg
2023-07-09,102.08125,Water_Level_daily_avg
2023-07-10,102.00916666666669,Water_Level_daily_avg
2023-07-11,101.88083333333331,Water_Level_daily_avg
2023-07-12,101.7525,Water_Level_daily_avg
2023-07-13,101.71875,Water_Level_daily_avg
2023-07-14,101.7975,Water_Level_daily_avg
2023-07-15,101.765,Water_Level_daily_avg
2023-07-16,101.69541666666667,Water_Level_daily_avg
2023-07-17,101.65625,Water_Level_daily_avg
2023-07-18,101.55291666666666,Water_Level_daily_avg
2023-07-19,101.49958333333332,Water_Level_daily_avg
2023-07-20,101.27833333333332,Water_Level_daily_avg
2023-07-21,101.05416666666667,Water_Level_daily_avg
2023-07-22,101.07083333333333,Water_Level_daily_avg
2023-07-23,101.15541666666668,Water_Level_daily_avg
2023-07-24,101.36291666666666,Water_Level_daily_avg
2023-07-25,101.41916666666668,Water_Level_daily_avg
2023-07-26,101.34791666666666,Water_Level_daily_avg
2023-07-27,101.28541666666666,Water_Level_daily_avg
2023-07-28,101.35416666666669,Water_Level_daily_avg
2023-07-29,100.8575,Water_Level_daily_avg
2023-07-30,100.16083333333334,Water_Level_daily_avg
2023-07-31,101.56958333333334,Water_Level_daily_avg
2023-08-01,102.13708333333334,Water_Level_daily_avg
2023-08-02,104.195,Water_Level_daily_avg
2023-08-03,104.62375,Water_Level_daily_avg
2023-08-04,104.61833333333334,Water_Level_daily_avg
2023-08-05,104.84416666666664,Water_Level_daily_avg
2023-08-06,104.6775,Water_Level_daily_avg
2023-08-07,104.63833333333334,Water_Level_daily_avg
2023-08-08,104.5775,Water_Level_daily_avg
2023-08-09,104.60666666666668,Water_Level_daily_avg
2023-08-10,104.63916666666668,Water_Level_daily_avg
2023-08-11,104.25291666666668,Water_Level_daily_avg
2023-08-12,104.10416666666669,Water_Level_daily_avg
2023-08-13,103.97125,Water_Level_daily_avg
2023-08-14,103.88041666666668,Water_Level_daily_avg
2023-08-15,104.21708333333332,Water_Level_daily_avg
2023-08-16,104.59666666666668,Water_Level_daily_avg
2023-08-17,104.41458333333333,Water_Level_daily_avg
2023-08-18,104.67666666666668,Water_Level_daily_avg
2023-08-19,104.65916666666668,Water_Level_daily_avg
2023-08-20,104.70416666666668,Water_Level_daily_avg
2023-08-21,104.7125,Water_Level_daily_avg
2023-08-22,104.70416666666668,Water_Level_daily_avg
2023-08-23,104.68125,Water_Level_daily_avg
2023-08-24,104.65125,Water_Level_daily_avg
2023-08-25,104.6025,Water_Level_daily_avg
2023-08-26,104.53541666666666,Water_Level_daily_avg
2023-08-27,104.46416666666666,Water_Level_daily_avg
2023-08-28,104.41125,Water_Level_daily_avg
2023-08-29,104.33291666666666,Water_Level_daily_avg
2023-08-30,104.26875,Water_Level_daily_avg
2023-08-31,104.21125,Water_Level_daily_avg
2023-09-01,104.11416666666666,Water_Level_daily_avg
2023-09-02,104.00791666666667,Water_Level_daily_avg
2023-09-03,103.84291666666668,Water_Level_daily_avg
2023-09-04,103.6675,Water_Level_daily_avg
2023-09-05,103.39875,Water_Level_daily_avg
2023-09-06,103.13625,Water_Level_daily_avg
2023-09-07,102.87375,Water_Level_daily_avg
2023-09-08,102.98583333333332,Water_Level_daily_avg
2023-09-09,103.13666666666668,Water_Level_daily_avg
2023-09-10,103.25875,Water_Level_daily_avg
2023-09-11,103.27791666666668,Water_Level_daily_avg
2023-09-12,103.29916666666666,Water_Level_daily_avg
2023-09-13,103.365,Water_Level_daily_avg
2023-09-14,103.37,Water_Level_daily_avg
2023-09-15,103.36541666666666,Water_Level_daily_avg
2023-09-16,103.39666666666666,Water_Level_daily_avg
2023-09-17,103.5075,Water_Level_daily_avg
2023-09-18,103.62624999999998,Water_Level_daily_avg
2023-09-19,103.81583333333332,Water_Level_daily_avg
2023-09-20,104.00458333333334,Water_Level_daily_avg
2023-09-21,104.10458333333332,Water_Level_daily_avg
2023-09-22,103.99416666666669,Water_Level_daily_avg
2023-09-23,103.90458333333332,Water_Level_daily_avg
2023-09-24,103.86333333333332,Water_Level_daily_avg
2023-09-25,103.92583333333334,Water_Level_daily_avg
2023-09-26,103.95625,Water_Level_daily_avg
2023-09-27,104.01291666666668,Water_Level_daily_avg
2023-09-28,104.06041666666664,Water_Level_daily_avg
2023-09-29,104.10958333333332,Water_Level_daily_avg
2023-09-30,104.11541666666666,Water_Level_daily_avg
2023-10-01,104.23416666666668,Water_Level_daily_avg
2023-10-02,104.34208333333332,Water_Level_daily_avg
2023-10-03,104.31541666666668,Water_Level_daily_avg
2023-10-04,104.21166666666666,Water_Level_daily_avg
2023-10-05,104.22333333333334,Water_Level_daily_avg
2023-10-06,104.22083333333336,Water_Level_daily_avg
2023-10-07,104.29958333333332,Water_Level_daily_avg
2023-10-08,104.28583333333334,Water_Level_daily_avg
2023-10-09,104.28375,Water_Level_daily_avg
2023-10-10,104.29958333333332,Water_Level_daily_avg
2023-10-11,104.34833333333334,Water_Level_daily_avg
2023-10-12,104.33958333333334,Water_Level_daily_avg
2023-10-13,104.32041666666667,Water_Level_daily_avg
2023-10-14,104.575,Water_Level_daily_avg
2023-10-15,104.70125,Water_Level_daily_avg
2023-10-16,104.66916666666668,Water_Level_daily_avg
2023-10-17,104.65041666666669,Water_Level_daily_avg
2023-10-18,104.61625,Water_Level_daily_avg
2023-10-19,104.61916666666669,Water_Level_daily_avg
2023-10-20,104.58958333333334,Water_Level_daily_avg
2023-10-21,104.59625,Water_Level_daily_avg
2023-10-22,104.58458333333334,Water_Level_daily_avg
2023-10-23,104.60458333333334,Water_Level_daily_avg
2023-10-24,104.62583333333332,Water_Level_daily_avg
2023-10-25,104.60791666666668,Water_Level_daily_avg
2023-10-26,104.60208333333333,Water_Level_daily_avg
2023-10-27,104.62166666666668,Water_Level_daily_avg
2023-10-28,104.65875,Water_Level_daily_avg
2023-10-29,104.67666666666666,Water_Level_daily_avg
2023-10-30,104.69375,Water_Level_daily_avg
2023-10-31,104.68041666666666,Water_Level_daily_avg
2023-11-01,104.68,Water_Level_daily_avg
2023-11-02,104.64708333333334,Water_Level_daily_avg
2023-11-03,104.62,Water_Level_daily_avg
2023-11-04,104.59375,Water_Level_daily_avg
2023-11-05,104.60458333333334,Water_Level_daily_avg
2023-11-06,104.6,Water_Level_daily_avg
2023-11-07,104.65583333333332,Water_Level_daily_avg
2023-11-08,104.6975,Water_Level_daily_avg
2023-11-09,104.62708333333332,Water_Level_daily_avg
2023-11-10,104.6075,Water_Level_daily_avg
2023-11-11,104.67375,Water_Level_daily_avg
2023-11-12,104.67041666666668,Water_Level_daily_avg
2023-11-13,104.6925,Water_Level_daily_avg
2023-11-14,104.67791666666666,Water_Level_daily_avg
2023-11-15,104.63541666666669,Water_Level_daily_avg
2023-11-16,104.62208333333332,Water_Level_daily_avg
2023-11-17,104.67708333333331,Water_Level_daily_avg
2023-11-18,104.66958333333334,Water_Level_daily_avg
2023-11-19,104.68291666666666,Water_Level_daily_avg
2023-11-20,104.69083333333332,Water_Level_daily_avg
2023-11-21,104.63041666666668,Water_Level_daily_avg
2023-11-22,104.59625,Water_Level_daily_avg
2023-11-23,104.58375,Water_Level_daily_avg
2023-11-24,104.63875,Water_Level_daily_avg
2023-11-25,104.59916666666668,Water_Level_daily_avg
2023-11-26,104.61416666666666,Water_Level_daily_avg
2023-11-27,104.69458333333334,Water_Level_daily_avg
2023-11-28,104.6575,Water_Level_daily_avg
2023-11-29,104.61,Water_Level_daily_avg
2023-11-30,104.52833333333332,Water_Level_daily_avg
2023-12-01,104.51666666666668,Water_Level_daily_avg
2023-12-02,104.52375,Water_Level_daily_avg
2023-12-03,104.57041666666667,Water_Level_daily_avg
2023-12-04,104.63208333333334,Water_Level_daily_avg
2023-12-05,104.65875,Water_Level_daily_avg
2023-12-06,104.58375,Water_Level_daily_avg
2023-12-07,104.57875,Water_Level_daily_avg
2023-12-08,104.65708333333332,Water_Level_daily_avg
2023-12-09,104.67208333333332,Water_Level_daily_avg
2023-12-10,104.685,Water_Level_daily_avg
2023-12-11,104.67958333333333,Water_Level_daily_avg
2023-12-12,104.63541666666669,Water_Level_daily_avg
2023-12-13,104.64083333333332,Water_Level_daily_avg
2023-12-14,104.64666666666666,Water_Level_daily_avg
2023-12-15,104.67166666666668,Water_Level_daily_avg
2023-12-16,104.64916666666666,Water_Level_daily_avg
2023-12-17,104.64041666666668,Water_Level_daily_avg
2023-12-18,104.675,Water_Level_daily_avg
2023-12-19,104.64375,Water_Level_daily_avg
2023-12-20,104.62458333333332,Water_Level_daily_avg
2023-12-21,104.62666666666668,Water_Level_daily_avg
2023-12-22,104.60875,Water_Level_daily_avg
2023-12-23,104.58833333333332,Water_Level_daily_avg
2023-12-24,104.5675,Water_Level_daily_avg
2023-12-25,104.56708333333334,Water_Level_daily_avg
2023-12-26,104.56541666666668,Water_Level_daily_avg
2023-12-27,104.57625,Water_Level_daily_avg
2023-12-28,104.56333333333332,Water_Level_daily_avg
2023-12-29,104.54125,Water_Level_daily_avg
2023-12-30,104.54,Water_Level_daily_avg
2023-12-31,104.52791666666668,Water_Level_daily_avg
2024-01-01,104.52791666666668,Water_Level_daily_avg
2024-01-02,104.50125,Water_Level_daily_avg
2024-01-03,104.45875,Water_Level_daily_avg
2024-01-04,104.42916666666667,Water_Level_daily_avg
2024-01-05,104.38333333333333,Water_Level_daily_avg
2024-01-06,104.32791666666668,Water_Level_daily_avg
2024-01-07,104.3075,Water_Level_daily_avg
2024-01-08,104.34625,Water_Level_daily_avg
2024-01-09,104.34875,Water_Level_daily_avg
2024-01-10,104.38583333333334,Water_Level_daily_avg
2024-01-11,104.40875,Water_Level_daily_avg
2024-01-12,104.41208333333331,Water_Level_daily_avg
2024-01-13,104.43125,Water_Level_daily_avg
2024-01-14,104.41541666666669,Water_Level_daily_avg
2024-01-15,104.46583333333332,Water_Level_daily_avg
2024-01-16,104.42125,Water_Level_daily_avg
2024-01-17,104.30916666666668,Water_Level_daily_avg
2024-01-18,104.33083333333332,Water_Level_daily_avg
2024-01-19,104.32375,Water_Level_daily_avg
2024-01-20,104.355,Water_Level_daily_avg
2024-01-21,104.32583333333334,Water_Level_daily_avg
2024-01-22,104.30833333333334,Water_Level_daily_avg
2024-01-23,104.30583333333334,Water_Level_daily_avg
2024-01-24,104.3025,Water_Level_daily_avg
2024-01-25,104.27,Water_Level_daily_avg
2024-01-26,104.3125,Water_Level_daily_avg
2024-01-27,104.32833333333332,Water_Level_daily_avg
2024-01-28,104.27083333333331,Water_Level_daily_avg
2024-01-29,104.25458333333334,Water_Level_daily_avg
2024-01-30,104.29166666666669,Water_Level_daily_avg
2024-01-31,104.29833333333332,Water_Level_daily_avg
2024-02-01,104.21583333333332,Water_Level_daily_avg
2024-02-02,104.175,Water_Level_daily_avg
2024-02-03,104.135,Water_Level_daily_avg
2024-02-04,104.12708333333336,Water_Level_daily_avg
2024-02-05,103.9625,Water_Level_daily_avg
2024-02-06,103.96375,Water_Level_daily_avg
2024-02-07,103.93583333333332,Water_Level_daily_avg
2024-02-08,103.90416666666664,Water_Level_daily_avg
2024-02-09,103.75666666666666,Water_Level_daily_avg
2024-02-10,103.73708333333332,Water_Level_daily_avg
2024-02-11,103.70166666666668,Water_Level_daily_avg
2024-02-12,103.68458333333332,Water_Level_daily_avg
2024-02-13,103.72333333333334,Water_Level_daily_avg
2024-02-14,103.72166666666668,Water_Level_daily_avg
2024-02-15,103.64333333333332,Water_Level_daily_avg
2024-02-16,103.50333333333332,Water_Level_daily_avg
2024-02-17,103.33625,Water_Level_daily_avg
2024-02-18,103.27333333333333,Water_Level_daily_avg
2024-02-19,103.18083333333334,Water_Level_daily_avg
2024-02-20,103.125,Water_Level_daily_avg
2024-02-21,103.0725,Water_Level_daily_avg
2024-02-22,103.01416666666668,Water_Level_daily_avg
2024-02-23,102.95458333333332,Water_Level_daily_avg
2024-02-24,102.93625000000002,Water_Level_daily_avg
2024-02-25,102.90708333333332,Water_Level_daily_avg
2024-02-26,102.88916666666668,Water_Level_daily_avg
2024-02-27,102.69833333333334,Water_Level_daily_avg
2024-02-28,102.68166666666669,Water_Level_daily_avg
2024-02-29,102.65708333333332,Water_Level_daily_avg
2024-03-01,102.56666666666666,Water_Level_daily_avg
2024-03-02,102.47333333333334,Water_Level_daily_avg
2024-03-03,102.46666666666664,Water_Level_daily_avg
2024-03-04,102.37958333333334,Water_Level_daily_avg
2024-03-05,102.35125,Water_Level_daily_avg
2024-03-06,102.38916666666668,Water_Level_daily_avg
2024-03-07,102.37333333333332,Water_Level_daily_avg
2024-03-08,102.39583333333331,Water_Level_daily_avg
2024-03-09,106.72541666666666,Water_Level_daily_avg
2024-03-10,102.40708333333332,Water_Level_daily_avg
2024-03-11,102.29208333333334,Water_Level_daily_avg
2024-03-12,102.24583333333334,Water_Level_daily_avg
2024-03-13,102.13041666666668,Water_Level_daily_avg
2024-03-14,102.09,Water_Level_daily_avg
2024-03-15,102.08,Water_Level_daily_avg
2024-03-16,102.11,Water_Level_daily_avg
2024-03-17,102.13083333333331,Water_Level_daily_avg
2024-03-18,102.10041666666666,Water_Level_daily_avg
2024-03-19,102.03875,Water_Level_daily_avg
